<bncDoc xml:id="A1L"><teiHeader><fileDesc><titleStmt><title>  Independent, electronic edition of 1989-10-02: Living section. Sample containing about 1788 words from a periodical (domain: leisure) </title><respStmt><resp> Data capture and transcription </resp><name> Oxford University Press </name> </respStmt></titleStmt><editionStmt><edition>BNC XML Edition, December 2006</edition></editionStmt><extent> 1788 tokens; 1815 w-units; 91 s-units </extent><publicationStmt><distributor>Distributed under licence by Oxford University Computing Services on behalf of the BNC Consortium.</distributor><availability> This material is protected by international copyright laws and may not be copied or redistributed in any way. Consult the BNC Web Site at http://www.natcorp.ox.ac.uk for full licencing and distribution conditions.</availability><idno type="bnc">A1L</idno><idno type="old"> IaLivi </idno></publicationStmt><sourceDesc><bibl><title>Independent, electronic edition of 1989-10-02: Living section.</title> <imprint n="NEWSPA2"><publisher>Newspaper Publishing plc</publisher> <pubPlace>London</pubPlace> <date value="1989">1989</date> </imprint> </bibl></sourceDesc></fileDesc><encodingDesc><tagsDecl><namespace name=""><tagUsage gi="c" occurs="242"/><tagUsage gi="div" occurs="2"/><tagUsage gi="head" occurs="4"/><tagUsage gi="mw" occurs="16"/><tagUsage gi="p" occurs="29"/><tagUsage gi="s" occurs="91"/><tagUsage gi="w" occurs="1815"/></namespace></tagsDecl></encodingDesc><profileDesc><creation date="1989"> </creation><textClass><catRef targets="alltim3 news  wriase0  wridom9   wrista3 "/><classCode scheme="DLEE">W newsp brdsht nat: social</classCode><keywords><term> (none) </term></keywords></textClass></profileDesc><revisionDesc><change date="2006-10-21" who="#OUCS">Tag usage updated for BNC-XML</change><change date="2000-12-13" who="#OUCS">Last check for BNC World first release</change><change date="2000-09-06" who="#OUCS">Redo tagusage tables</change><change date="2000-09-01" who="#OUCS">Check all tagcounts</change><change date="2000-06-23" who="#OUCS">Resequenced s-units and added headers</change><change date="2000-01-21" who="#OUCS">Added date info</change><change date="2000-01-09" who="#OUCS">Updated all catrefs</change><change date="2000-01-08" who="#OUCS">Updated source title</change><change date="2000-01-08" who="#OUCS">Updated titles</change><change date="1999-12-25" who="#OUCS">corrected tagUsage</change><change date="1999-09-13" who="#UCREL">POS codes revised for BNC-2; header updated</change><change date="1994-11-24" who="#dominic">Initial accession to corpus</change></revisionDesc></teiHeader>
<wtext type="NEWS"><div level="1" n="891002 edition -- Living Page 13"><head type="MAIN">
<s n="1"><w c5="VVG-AJ0" hw="rip" pos="VERB">Ripping </w><w c5="NN2" hw="yarn" pos="SUBST">yarns </w><w c5="CJC" hw="and" pos="CONJ">and </w><w c5="AJ0" hw="moral" pos="ADJ">moral </w><w c5="NN2" hw="minefield" pos="SUBST">minefields</w><c c5="PUN">: </c><w c5="NP0" hw="allan" pos="SUBST">Allan </w><w c5="CJC" hw="and" pos="CONJ">and </w><w c5="NP0" hw="janet" pos="SUBST">Janet </w><w c5="NP0" hw="ahlberg" pos="SUBST">Ahlberg </w><w c5="NN1-VVB" hw="talk" pos="SUBST">talk </w><w c5="PRP" hw="to" pos="PREP">to </w><w c5="NP0" hw="celia" pos="SUBST">Celia </w><w c5="NP0" hw="dodd" pos="SUBST">Dodd </w><w c5="PRP" hw="about" pos="PREP">about </w><w c5="DPS" hw="they" pos="PRON">their </w><w c5="NN2" hw="bestseller" pos="SUBST">bestsellers </w><w c5="PRP" hw="for" pos="PREP">for </w><w c5="NN2" hw="child" pos="SUBST">children</w></s></head><head type="BYLINE">
<s n="2"><w c5="PRP" hw="by" pos="PREP">By </w><w c5="NP0" hw="celia" pos="SUBST">CELIA </w><w c5="NP0" hw="dodd" pos="SUBST">DODD</w></s></head><p>
<s n="3"><w c5="DT0" hw="these" pos="ADJ">THESE </w><w c5="NN2" hw="day" pos="SUBST">days</w><c c5="PUN">, </c><mw c5="PNI"><w c5="AT0" hw="no" pos="ART">no </w><w c5="PNI" hw="one" pos="PRON">one </w></mw><w c5="VVZ" hw="question" pos="VERB">questions </w><w c5="AT0" hw="the" pos="ART">the </w><w c5="NN1" hw="importance" pos="SUBST">importance </w><w c5="PRF" hw="of" pos="PREP">of </w><w c5="AJ0" hw="good" pos="ADJ">good </w><w c5="NN2" hw="book" pos="SUBST">books </w><w c5="PRP" hw="for" pos="PREP">for </w><w c5="AT0" hw="the" pos="ART">the </w><w c5="CRD" hw="under-fives" pos="ADJ">under-fives</w><c c5="PUN">.</c></s>
<s n="4"><w c5="CJC" hw="but" pos="CONJ">But </w><w c5="NN2-VVZ" hw="book" pos="SUBST">books </w><w c5="CJT-DT0" hw="that" pos="CONJ">that </w><w c5="VVB-NN1" hw="appeal" pos="VERB">appeal </w><w c5="PRP" hw="to" pos="PREP">to </w><w c5="NN2" hw="adult" pos="SUBST">adults </w><w c5="AV0" hw="too" pos="ADV">too </w><w c5="VBB" hw="be" pos="VERB">are </w><w c5="AV0" hw="just" pos="ADV">just </w><w c5="AV0" hw="as" pos="ADV">as </w><w c5="AJ0" hw="important" pos="ADJ">important</w><c c5="PUN">; </c><w c5="PNP" hw="we" pos="PRON">we </w><w c5="VBB" hw="be" pos="VERB">are</w><c c5="PUN">, </c><w c5="PRP" hw="after" pos="PREP">after </w><w c5="DT0" hw="all" pos="ADJ">all</w><c c5="PUN">, </c><w c5="AT0" hw="the" pos="ART">the </w><w c5="NN2" hw="one" pos="SUBST">ones </w><w c5="PNQ" hw="who" pos="PRON">who </w><w c5="VHB" hw="have" pos="VERB">have </w><w c5="TO0" hw="to" pos="PREP">to </w><w c5="VDI" hw="do" pos="VERB">do </w><w c5="AT0" hw="the" pos="ART">the </w><w c5="NN1" hw="reading" pos="SUBST">reading</w><c c5="PUN">.</c></s>
<s n="5"><w c5="EX0" hw="there" pos="PRON">There </w><w c5="VBB" hw="be" pos="VERB">are </w><w c5="DT0" hw="few" pos="ADJ">few </w><w c5="NN2" hw="thing" pos="SUBST">things </w><w c5="AJC" hw="bad" pos="ADJ">worse </w><w c5="CJS" hw="than" pos="CONJ">than </w><w c5="VBG" hw="be" pos="VERB">being </w><w c5="VVN" hw="bludgeon" pos="VERB">bludgeoned </w><w c5="PRP" hw="into" pos="PREP">into </w><w c5="VVG" hw="read" pos="VERB">reading </w><w c5="AT0" hw="a" pos="ART">a </w><w c5="NN1" hw="book" pos="SUBST">book </w><w c5="PNP" hw="you" pos="PRON">you </w><w c5="VVB" hw="hate" pos="VERB">hate</w><c c5="PUN">.</c></s>
<s n="6"><w c5="NN1" hw="story-reading" pos="SUBST">Story-reading </w><w c5="VM0" hw="should" pos="VERB">should </w><w c5="VBI" hw="be" pos="VERB">be </w><w c5="CRD" hw="one" pos="ADJ">one </w><w c5="PRF" hw="of" pos="PREP">of </w><w c5="AT0" hw="the" pos="ART">the </w><w c5="AJ0" hw="great" pos="ADJ">great </w><w c5="NN2" hw="joy" pos="SUBST">joys </w><w c5="PRF" hw="of" pos="PREP">of </w><w c5="NN1" hw="parenthood" pos="SUBST">parenthood</w><c c5="PUN">, </c><w c5="AT0" hw="a" pos="ART">a </w><w c5="AJ0" hw="real" pos="ADJ">real </w><w c5="NN1" hw="meeting" pos="SUBST">meeting </w><w c5="PRF" hw="of" pos="PREP">of </w><w c5="NN1" hw="adult" pos="SUBST">adult </w><w c5="CJC" hw="and" pos="CONJ">and </w><w c5="NN1" hw="child" pos="SUBST">child </w><w c5="NN2" hw="mind" pos="SUBST">minds</w><c c5="PUN">.</c></s>
<s n="7"><w c5="PRP" hw="with" pos="PREP">With </w><w c5="AT0" hw="the" pos="ART">the </w><w c5="NP0" hw="ahlbergs" pos="SUBST">Ahlbergs</w><w c5="POS" hw="'" pos="UNC">' </w><w c5="NN2" hw="book" pos="SUBST">books</w><c c5="PUN">, </c><w c5="PNP" hw="it" pos="PRON">it </w><w c5="AV0" hw="very" pos="ADV">very </w><w c5="AV0" hw="often" pos="ADV">often </w><w c5="VBZ" hw="be" pos="VERB">is</w><c c5="PUN">.</c></s></p><p>
<s n="8"><w c5="AT0" hw="the" pos="ART">The </w><w c5="AJ0-NN1" hw="husband-and-wife" pos="ADJ">husband-and-wife </w><w c5="NN1" hw="partnership" pos="SUBST">partnership </w><w c5="PRP" hw="behind" pos="PREP">behind </w><w c5="DT0" hw="such" pos="ADJ">such </w><w c5="NN2" hw="classic" pos="SUBST">classics </w><w c5="CJS" hw="as" pos="CONJ">as </w><w c5="AT0" hw="the" pos="ART">The </w><w c5="AJ0" hw="jolly" pos="ADJ">Jolly </w><w c5="NN1" hw="postman" pos="SUBST">Postman</w><c c5="PUN">, </c><w c5="NN1" hw="burglar" pos="SUBST">Burglar </w><w c5="NN1-NP0" hw="bill" pos="SUBST">Bill </w><w c5="CJC" hw="and" pos="CONJ">and </w><w c5="AT0" hw="the" pos="ART">The </w><w c5="NN1" hw="baby" pos="SUBST">Baby</w><w c5="POS" hw="'s" pos="UNC">'s </w><w c5="NN1" hw="catalogue" pos="SUBST">Catalogue </w><w c5="VVB-NN1" hw="win" pos="VERB">win </w><w c5="NN2" hw="child" pos="SUBST">children </w><w c5="AVP" hw="over" pos="ADV">over </w><w c5="PRP" hw="with" pos="PREP">with </w><w c5="VVG-AJ0" hw="rip" pos="VERB">ripping </w><w c5="NN2" hw="yarn" pos="SUBST">yarns </w><w c5="CJC" hw="and" pos="CONJ">and </w><w c5="AT0" hw="a" pos="ART">a </w><w c5="AJ0" hw="wicked" pos="ADJ">wicked </w><w c5="NN1" hw="sense" pos="SUBST">sense </w><w c5="PRF" hw="of" pos="PREP">of </w><w c5="NN1" hw="humour" pos="SUBST">humour</w><c c5="PUN">.</c></s>
<s n="9"><w c5="PNP" hw="they" pos="PRON">They </w><w c5="VVB" hw="win" pos="VERB">win </w><w c5="DPS" hw="they" pos="PRON">their </w><w c5="NN2" hw="parent" pos="SUBST">parents </w><w c5="AVP" hw="over" pos="ADV">over </w><w c5="PRP" hw="with" pos="PREP">with </w><w c5="AT0" hw="a" pos="ART">a </w><w c5="AJ0" hw="rose-tinted" pos="ADJ">rose-tinted </w><w c5="NN1" hw="vision" pos="SUBST">vision </w><w c5="PRF" hw="of" pos="PREP">of </w><w c5="AT0" hw="the" pos="ART">the </w><w c5="NN1" hw="world" pos="SUBST">world </w><w c5="DTQ" hw="which" pos="PRON">which </w><w c5="VBZ" hw="be" pos="VERB">is </w><w c5="AV0" hw="decidedly" pos="ADV">decidedly </w><w c5="VVG-AJ0" hw="reassure" pos="VERB">reassuring</w><c c5="PUN">.</c></s>
<s n="10"><w c5="DPS" hw="they" pos="PRON">Their </w><w c5="NN2" hw="book" pos="SUBST">books </w><w c5="VBB" hw="be" pos="VERB">are </w><w c5="AV0" hw="usually" pos="ADV">usually </w><w c5="VVN" hw="set" pos="VERB">set </w><w c5="AV0" hw="nostalgically" pos="ADV">nostalgically </w><w c5="PRP" hw="in" pos="PREP">in </w><w c5="AT0" hw="the" pos="ART">the </w><w c5="NN1" hw="past" pos="SUBST">past </w><c c5="PUN">— </c><w c5="AT0" hw="the" pos="ART">the </w><w c5="CRD" hw="thirties" pos="ADJ">Thirties </w><w c5="CJC" hw="and" pos="CONJ">and </w><w c5="CRD" hw="forties" pos="ADJ">Forties </w><w c5="VBB" hw="be" pos="VERB">are </w><w c5="AJ0" hw="favourite" pos="ADJ">favourite </w><w c5="NN2" hw="period" pos="SUBST">periods </w><c c5="PUN">— </c><w c5="CJC" hw="and" pos="CONJ">and </w><w c5="AV0" hw="often" pos="ADV">often </w><w c5="VVB" hw="feature" pos="VERB">feature </w><w c5="AT0" hw="the" pos="ART">the </w><w c5="AJ0-NN1" hw="perennial" pos="ADJ">perennial </w><w c5="NN2" hw="character" pos="SUBST">characters </w><w c5="PRF" hw="of" pos="PREP">of </w><w c5="NN1" hw="fairy" pos="SUBST">fairy </w><w c5="NN2" hw="tale" pos="SUBST">tales </w><w c5="CJC" hw="and" pos="CONJ">and </w><w c5="NN1" hw="nursery" pos="SUBST">nursery </w><w c5="NN2" hw="rhyme" pos="SUBST">rhymes</w><c c5="PUN">.</c></s>
<s n="11"><w c5="AV0" hw="yet" pos="ADV">Yet </w><w c5="PNP" hw="they" pos="PRON">they </w><w c5="VBB" hw="be" pos="VERB">are </w><w c5="VVN" hw="save" pos="VERB">saved </w><w c5="PRP" hw="from" pos="PREP">from </w><w c5="NN1" hw="sentimentality" pos="SUBST">sentimentality </w><w c5="PRP" hw="by" pos="PREP">by </w><w c5="AT0" hw="the" pos="ART">the </w><w c5="AJ0" hw="wry" pos="ADJ">wry </w><w c5="NN1" hw="humour" pos="SUBST">humour </w><w c5="PRF" hw="of" pos="PREP">of </w><w c5="AV0" hw="both" pos="ADV">both </w><w c5="NN1" hw="text" pos="SUBST">text </w><w c5="CJC" hw="and" pos="CONJ">and </w><w c5="NN2" hw="picture" pos="SUBST">pictures</w><c c5="PUN">.</c></s></p><p>
<s n="12"><w c5="AT0" hw="the" pos="ART">The </w><w c5="NP0" hw="ahlbergs" pos="SUBST">Ahlbergs </w><w c5="VHB" hw="have" pos="VERB">have </w><w c5="VBN" hw="be" pos="VERB">been </w><w c5="VVN" hw="accuse" pos="VERB">accused </w><w c5="PRF" hw="of" pos="PREP">of </w><w c5="XX0" hw="not" pos="ADV">not </w><w c5="VVG" hw="face" pos="VERB">facing </w><mw c5="PRP"><w c5="AVP" hw="up" pos="ADV">up </w><w c5="PRP" hw="to" pos="PREP">to </w></mw><w c5="AT0" hw="the" pos="ART">the </w><w c5="AJ0" hw="harsh" pos="ADJ">harsh </w><w c5="NN2" hw="reality" pos="SUBST">realities </w><w c5="PRF" hw="of" pos="PREP">of </w><w c5="NN1" hw="life" pos="SUBST">life</w><c c5="PUN">, </c><w c5="PRF" hw="of" pos="PREP">of </w><w c5="VBG" hw="be" pos="VERB">being </w><w c5="AV0" hw="too" pos="ADV">too </w><w c5="AJ0" hw="cosy" pos="ADJ">cosy </w><w c5="CJC" hw="and" pos="CONJ">and </w><w c5="AJ0" hw="sweet" pos="ADJ">sweet</w><c c5="PUN">, </c><w c5="CJC" hw="but" pos="CONJ">but </w><w c5="DPS" hw="they" pos="PRON">their </w><w c5="AJS" hw="late" pos="ADJ">latest </w><w c5="NN1" hw="picture" pos="SUBST">picture </w><w c5="NN1" hw="book" pos="SUBST">book</w><c c5="PUN">, </c><w c5="ITJ" hw="bye" pos="INTERJ">Bye </w><w c5="ITJ" hw="bye" pos="INTERJ">Bye </w><w c5="NN1" hw="baby" pos="SUBST">Baby</w><c c5="PUN">, </c><w c5="VVD" hw="publish" pos="VERB">published </w><w c5="AV0" hw="today" pos="ADV">today</w><c c5="PUN">, </c><w c5="VVZ" hw="break" pos="VERB">breaks </w><w c5="AT0" hw="the" pos="ART">the </w><w c5="NN1" hw="mould" pos="SUBST">mould</w><c c5="PUN">.</c></s>
<s n="13"><w c5="PRP" hw="in" pos="PREP">In </w><w c5="PNP" hw="it" pos="PRON">it</w><c c5="PUN">, </c><w c5="AT0" hw="a" pos="ART">a </w><w c5="AJ0" hw="small" pos="ADJ">small </w><w c5="NN1" hw="child" pos="SUBST">child </w><w c5="VVZ" hw="roam" pos="VERB">roams </w><w c5="AT0" hw="the" pos="ART">the </w><w c5="NN2" hw="street" pos="SUBST">streets</w><c c5="PUN">, </c><w c5="VVG" hw="talk" pos="VERB">talking </w><w c5="PRP" hw="to" pos="PREP">to </w><w c5="NN2" hw="stranger" pos="SUBST">strangers</w><c c5="PUN">, </c><w c5="CJS" hw="until" pos="CONJ">until </w><w c5="PNP" hw="he" pos="PRON">he </w><w c5="AV0" hw="finally" pos="ADV">finally </w><w c5="VVZ" hw="go" pos="VERB">goes </w><w c5="AVP" hw="off" pos="ADV">off </w><w c5="PRP" hw="with" pos="PREP">with </w><w c5="AT0" hw="a" pos="ART">a </w><w c5="NN1" hw="woman" pos="SUBST">woman </w><w c5="PNQ" hw="who" pos="PRON">who </w><w c5="VHZ" hw="have" pos="VERB">has </w><w c5="VBN" hw="be" pos="VERB">been </w><w c5="VVG" hw="wander" pos="VERB">wandering </w><w c5="PRP-AVP" hw="about" pos="PREP">about </w><w c5="VVG" hw="push" pos="VERB">pushing </w><w c5="AT0" hw="an" pos="ART">an </w><w c5="AJ0" hw="empty" pos="ADJ">empty </w><w c5="NN1" hw="pram" pos="SUBST">pram</w><c c5="PUN">.</c></s></p><p>
<s n="14"><w c5="AJ0" hw="curious" pos="ADJ">Curious </w><w c5="NN1" hw="subject" pos="SUBST">subject </w><w c5="NN1-VVB" hw="matter" pos="SUBST">matter </w><w c5="PRP" hw="for" pos="PREP">for </w><w c5="AT0" hw="a" pos="ART">a </w><w c5="NN2" hw="child" pos="SUBST">children</w><w c5="POS" hw="'s" pos="UNC">'s </w><w c5="NN1" hw="picture" pos="SUBST">picture </w><w c5="NN1" hw="book" pos="SUBST">book</w><c c5="PUN">, </c><w c5="PNP" hw="you" pos="PRON">you </w><w c5="VM0" hw="might" pos="VERB">might </w><w c5="VVI" hw="think" pos="VERB">think</w><c c5="PUN">, </c><w c5="CJC" hw="and" pos="CONJ">and </w><w c5="AV0" hw="hardly" pos="ADV">hardly </w><w c5="VVN" hw="guarantee" pos="VERB">guaranteed </w><w c5="TO0" hw="to" pos="PREP">to </w><w c5="VVI" hw="win" pos="VERB">win </w><w c5="AT0" hw="the" pos="ART">the </w><w c5="NN1" hw="approval" pos="SUBST">approval </w><w c5="PRF" hw="of" pos="PREP">of </w><w c5="AT0" hw="the" pos="ART">the </w><w c5="AJ0" hw="gimlet-eyed" pos="ADJ">gimlet-eyed </w><w c5="NN2" hw="child" pos="SUBST">children</w><w c5="POS" hw="'s" pos="UNC">'s </w><w c5="NN1" hw="book" pos="SUBST">book </w><w c5="NN1" hw="world" pos="SUBST">world</w><c c5="PUN">.</c></s>
<s n="15"><w c5="CJC" hw="but" pos="CONJ">But </w><w c5="AT0" hw="the" pos="ART">the </w><w c5="NP0" hw="ahlbergs" pos="SUBST">Ahlbergs </w><w c5="VHB" hw="have" pos="VERB">have </w><w c5="AT0" hw="no" pos="ART">no </w><w c5="NN1" hw="time" pos="SUBST">time </w><w c5="PRP" hw="for" pos="PREP">for </w><w c5="AJ0" hw="literal" pos="ADJ">literal </w><w c5="NN2" hw="interpretation" pos="SUBST">interpretations </w><w c5="PRF" hw="of" pos="PREP">of </w><w c5="DPS" hw="they" pos="PRON">their </w><w c5="NN1" hw="work" pos="SUBST">work</w><c c5="PUN">.</c></s>
<s n="16"><w c5="AVQ" hw="how" pos="ADV">How</w><c c5="PUN">, </c><w c5="PNP" hw="they" pos="PRON">they </w><w c5="VVB" hw="argue" pos="VERB">argue</w><c c5="PUN">, </c><w c5="VM0" hw="would" pos="VERB">would </w><w c5="NP0" hw="alice" pos="SUBST">Alice</w><c c5="PUN">, </c><w c5="CJC" hw="or" pos="CONJ">or </w><w c5="AT0" hw="the" pos="ART">The </w><w c5="NN1" hw="wind" pos="SUBST">Wind </w><w c5="PRP" hw="in" pos="PREP">in </w><w c5="AT0" hw="the" pos="ART">the </w><w c5="NN2" hw="willow" pos="SUBST">Willows</w><c c5="PUN">, </c><w c5="VVB" hw="stand" pos="VERB">stand </w><w c5="AVP" hw="up" pos="ADV">up </w><w c5="PRP" hw="against" pos="PREP">against </w><w c5="DT0" hw="such" pos="ADJ">such </w><w c5="NN1" hw="scrutiny" pos="SUBST">scrutiny</w><c c5="PUN">?</c></s>
<s n="17"><w c5="AT0" hw="the" pos="ART">The </w><w c5="NN1" hw="way" pos="SUBST">way </w><w c5="TO0" hw="to" pos="PREP">to </w><w c5="VVI" hw="look" pos="VERB">look </w><w c5="PRP" hw="at" pos="PREP">at </w><w c5="ITJ" hw="bye" pos="INTERJ">Bye </w><w c5="ITJ" hw="bye" pos="INTERJ">Bye </w><w c5="NN1" hw="baby" pos="SUBST">Baby</w><c c5="PUN">, </c><w c5="PNP" hw="they" pos="PRON">they </w><w c5="VVB" hw="insist" pos="VERB">insist</w><c c5="PUN">, </c><w c5="VBZ" hw="be" pos="VERB">is </w><w c5="PRP" hw="as" pos="PREP">as </w><w c5="AT0" hw="a" pos="ART">a </w><c c5="PUQ">‘</c><w c5="NN1-AJ0" hw="light" pos="SUBST">light</w><c c5="PUN">, </c><w c5="AJ0" hw="surreal" pos="ADJ">surreal </w><w c5="NN1" hw="comedy" pos="SUBST">comedy</w><c c5="PUQ">’</c><c c5="PUN">.</c></s></p><p>
<s n="18"><c c5="PUQ">‘</c><w c5="AV0" hw="certainly" pos="ADV">Certainly </w><w c5="CJS" hw="if" pos="CONJ">if </w><w c5="PNP" hw="you" pos="PRON">you </w><w c5="VVB" hw="bring" pos="VERB">bring </w><w c5="AT0" hw="a" pos="ART">a </w><w c5="AJ0" hw="literal" pos="ADJ">literal </w><w c5="NN1" hw="interpretation" pos="SUBST">interpretation </w><w c5="PRP" hw="to" pos="PREP">to </w><w c5="AT0" hw="the" pos="ART">the </w><w c5="NN1" hw="story" pos="SUBST">story</w><c c5="PUN">, </c><w c5="PNP" hw="it" pos="PRON">it</w><w c5="VBZ" hw="be" pos="VERB">'s </w><w c5="AT0" hw="a" pos="ART">a </w><w c5="NN1" hw="minefield" pos="SUBST">minefield</w><c c5="PUN">,</c><c c5="PUQ">’ </c><w c5="NP0" hw="allan" pos="SUBST">Allan </w><w c5="NP0" hw="ahlberg" pos="SUBST">Ahlberg </w><w c5="VVZ" hw="say" pos="VERB">says</w><c c5="PUN">.</c></s>
<s n="19"><w c5="ITJ" hw="bye" pos="INTERJ">Bye </w><w c5="ITJ" hw="bye" pos="INTERJ">Bye </w><w c5="NN1" hw="baby" pos="SUBST">Baby </w><w c5="VVZ" hw="get" pos="VERB">gets </w><w c5="AV0" hw="away" pos="ADV">away </w><w c5="PRP" hw="with" pos="PREP">with </w><w c5="DPS" hw="it" pos="PRON">its </w><w c5="AJ0" hw="particular" pos="ADJ">particular </w><w c5="NN1" hw="minefield" pos="SUBST">minefield </w><w c5="NN2" hw="thanks" pos="SUBST">thanks </w><w c5="PRP" hw="to" pos="PREP">to </w><w c5="AT0" hw="the" pos="ART">the </w><w c5="NN1" hw="sleight" pos="SUBST">sleight </w><w c5="PRF" hw="of" pos="PREP">of </w><w c5="NN1" hw="illustrator" pos="SUBST">illustrator </w><w c5="NP0" hw="janet" pos="SUBST">Janet </w><w c5="NP0" hw="ahlberg" pos="SUBST">Ahlberg</w><w c5="POS" hw="'s" pos="UNC">'s </w><w c5="NN1" hw="hand" pos="SUBST">hand</w><c c5="PUN">.</c></s>
<s n="20"><w c5="AT0" hw="the" pos="ART">The </w><w c5="AJ0" hw="visual" pos="ADJ">visual </w><w c5="NN1" hw="inspiration" pos="SUBST">inspiration </w><w c5="PRP" hw="for" pos="PREP">for </w><w c5="AT0" hw="the" pos="ART">the </w><w c5="NN1" hw="book" pos="SUBST">book </w><w c5="VBD" hw="be" pos="VERB">was </w><w c5="AT0" hw="the" pos="ART">the </w><w c5="AJ0" hw="famous" pos="ADJ">famous </w><w c5="NN1" hw="advert" pos="SUBST">advert </w><w c5="PRP" hw="for" pos="PREP">for </w><w c5="AJ0" hw="start-rite" pos="ADJ">Start-rite </w><w c5="NN2" hw="shoe" pos="SUBST">shoes</w><c c5="PUN">, </c><w c5="VVG" hw="show" pos="VERB">showing </w><w c5="AT0" hw="a" pos="ART">a </w><w c5="AJ0" hw="small" pos="ADJ">small </w><w c5="NN1" hw="boy" pos="SUBST">boy </w><w c5="CJC" hw="and" pos="CONJ">and </w><w c5="NN1" hw="girl" pos="SUBST">girl </w><w c5="VVG" hw="walk" pos="VERB">walking </w><w c5="AVP" hw="off" pos="ADV">off </w><w c5="PRP-AVP" hw="down" pos="PREP">down </w><w c5="AT0" hw="a" pos="ART">a </w><w c5="AJ0" hw="tree-lined" pos="ADJ">tree-lined </w><w c5="NN1" hw="avenue" pos="SUBST">avenue </w><c c5="PUN">— </c><w c5="AT0" hw="an" pos="ART">an </w><w c5="AJ0" hw="innocent" pos="ADJ">innocent </w><w c5="NN1" hw="image" pos="SUBST">image </w><w c5="CJS" hw="if" pos="CONJ">if </w><w c5="AV0" hw="ever" pos="ADV">ever </w><w c5="EX0" hw="there" pos="PRON">there </w><w c5="VBD" hw="be" pos="VERB">was </w><w c5="PNI-CRD" hw="one" pos="PRON">one</w><c c5="PUN">.</c></s>
<s n="21"><w c5="AT0" hw="the" pos="ART">The </w><w c5="NP0" hw="ahlberg" pos="SUBST">Ahlberg </w><w c5="NN1" hw="version" pos="SUBST">version </w><w c5="VVZ" hw="feature" pos="VERB">features </w><w c5="AT0" hw="a" pos="ART">a </w><w c5="AJ0" hw="solitary" pos="ADJ">solitary </w><w c5="NN1" hw="figure" pos="SUBST">figure</w><c c5="PUN">.</c></s>
<s n="22"><w c5="AT0" hw="the" pos="ART">The </w><w c5="NN1" hw="advert" pos="SUBST">advert </w><w c5="VVD" hw="give" pos="VERB">gave </w><w c5="AT0" hw="the" pos="ART">the </w><w c5="NN1" hw="story" pos="SUBST">story </w><w c5="DPS" hw="it" pos="PRON">its </w><w c5="AV0" hw="vaguely" pos="ADV">vaguely </w><w c5="CRD" hw="thirties" pos="ADJ">Thirties </w><w c5="NN1-VVG" hw="setting" pos="SUBST">setting</w><c c5="PUN">.</c></s></p><p>
<s n="23"><w c5="AT0" hw="the" pos="ART">The </w><w c5="NN1" hw="success" pos="SUBST">success </w><w c5="PRF" hw="of" pos="PREP">of </w><w c5="AT0" hw="the" pos="ART">the </w><w c5="NP0" hw="ahlbergs" pos="SUBST">Ahlbergs</w><w c5="POS" hw="'" pos="UNC">' </w><w c5="NN1" hw="working" pos="SUBST">working </w><w c5="NN1" hw="relationship" pos="SUBST">relationship </w><w c5="VM0" hw="must" pos="VERB">must </w><w c5="VHI" hw="have" pos="VERB">have </w><w c5="AT0" hw="a" pos="ART">a </w><w c5="NN1" hw="lot" pos="SUBST">lot </w><w c5="TO0" hw="to" pos="PREP">to </w><w c5="VDI" hw="do" pos="VERB">do </w><w c5="PRP" hw="with" pos="PREP">with </w><w c5="DPS" hw="they" pos="PRON">their </w><w c5="AJ0" hw="long" pos="ADJ">long </w><w c5="CJC" hw="and" pos="CONJ">and </w><w c5="AJ0" hw="happy" pos="ADJ">happy </w><w c5="NN1" hw="marriage" pos="SUBST">marriage</w><c c5="PUN">.</c></s>
<s n="24"><mw c5="PRP"><w c5="PRP" hw="in" pos="PREP">In </w><w c5="NN1" hw="spite" pos="SUBST">spite </w><w c5="PRF" hw="of" pos="PREP">of </w></mw><w c5="AV0" hw="apparently" pos="ADV">apparently </w><w c5="AJ0" hw="incompatible" pos="ADJ">incompatible </w><w c5="NN2" hw="personality" pos="SUBST">personalities </w><c c5="PUN">— </c><w c5="PNP" hw="she" pos="PRON">she </w><w c5="VBZ" hw="be" pos="VERB">is </w><w c5="AJ0" hw="small" pos="ADJ">small </w><w c5="CJC" hw="and" pos="CONJ">and </w><w c5="AJ0" hw="shy" pos="ADJ">shy</w><c c5="PUN">, </c><w c5="PNP" hw="he" pos="PRON">he </w><w c5="VBZ" hw="be" pos="VERB">is </w><w c5="AJ0" hw="large" pos="ADJ">large </w><w c5="CJC" hw="and" pos="CONJ">and </w><w c5="VDZ" hw="do" pos="VERB">does </w><w c5="DT0" hw="most" pos="ADJ">most </w><w c5="PRF" hw="of" pos="PREP">of </w><w c5="AT0" hw="the" pos="ART">the </w><w c5="NN1" hw="talking" pos="SUBST">talking </w><c c5="PUN">— </c><w c5="PNP" hw="they" pos="PRON">they </w><w c5="VHB" hw="have" pos="VERB">have </w><w c5="AT0" hw="an" pos="ART">an </w><w c5="NN1" hw="empathy" pos="SUBST">empathy </w><w c5="DTQ" hw="which" pos="PRON">which </w><w c5="VBZ" hw="be" pos="VERB">is </w><w c5="AJ0" hw="essential" pos="ADJ">essential </w><w c5="PRP" hw="to" pos="PREP">to </w><w c5="AT0" hw="the" pos="ART">the </w><w c5="NN1" hw="way" pos="SUBST">way </w><w c5="PNP" hw="they" pos="PRON">they </w><w c5="VVB" hw="work" pos="VERB">work</w><c c5="PUN">, </c><w c5="AT0" hw="a" pos="ART">a </w><w c5="AJ0" hw="persistent" pos="ADJ">persistent </w><w c5="AJ0" hw="mutual" pos="ADJ">mutual </w><w c5="NN1" hw="pestering" pos="SUBST">pestering</w><c c5="PUN">.</c></s></p><p>
<s n="25"><w c5="AT0" hw="the" pos="ART">The </w><w c5="NN1" hw="strength" pos="SUBST">strength </w><w c5="PRF" hw="of" pos="PREP">of </w><w c5="AT0" hw="the" pos="ART">the </w><w c5="NN1" hw="partnership" pos="SUBST">partnership </w><w c5="VBZ" hw="be" pos="VERB">is </w><w c5="VVN" hw="highlight" pos="VERB">highlighted </w><w c5="PRP" hw="for" pos="PREP">for </w><w c5="NP0" hw="allan" pos="SUBST">Allan</w><c c5="PUN">, </c><w c5="PNQ" hw="who" pos="PRON">who </w><w c5="AV0" hw="also" pos="ADV">also </w><w c5="VVZ" hw="work" pos="VERB">works </w><w c5="PRP" hw="with" pos="PREP">with </w><w c5="AT0" hw="a" pos="ART">a </w><w c5="NN1" hw="number" pos="SUBST">number </w><w c5="PRF" hw="of" pos="PREP">of </w><w c5="AJ0" hw="other" pos="ADJ">other </w><w c5="NN2" hw="artist" pos="SUBST">artists</w><c c5="PUN">.</c></s>
<s n="26"><w c5="AT0" hw="the" pos="ART">The </w><w c5="AJ0" hw="time-consuming" pos="ADJ">time-consuming </w><w c5="NN1" hw="nature" pos="SUBST">nature </w><w c5="PRF" hw="of" pos="PREP">of </w><w c5="NP0" hw="janet" pos="SUBST">Janet</w><w c5="POS" hw="'s" pos="UNC">'s </w><w c5="NN1" hw="part" pos="SUBST">part </w><w c5="PRP" hw="in" pos="PREP">in </w><w c5="AT0" hw="the" pos="ART">the </w><w c5="NN1" hw="process" pos="SUBST">process</w><c c5="PUN">, </c><w c5="VVN" hw="combine" pos="VERB">combined </w><w c5="PRP" hw="with" pos="PREP">with </w><w c5="AT0" hw="a" pos="ART">a </w><w c5="AJ0" hw="bad" pos="ADJ">bad </w><w c5="NN1" hw="back" pos="SUBST">back </w><w c5="DTQ" hw="which" pos="PRON">which </w><w c5="VVZ" hw="prevent" pos="VERB">prevents </w><w c5="PNP" hw="she" pos="PRON">her </w><w c5="VVG" hw="spend" pos="VERB">spending </w><w c5="DT0" hw="more" pos="ADJ">more </w><w c5="CJS" hw="than" pos="CONJ">than </w><w c5="AT0" hw="a" pos="ART">a </w><w c5="NN1" hw="couple" pos="SUBST">couple </w><w c5="PRF" hw="of" pos="PREP">of </w><w c5="NN2" hw="hour" pos="SUBST">hours </w><w c5="PRP" hw="at" pos="PREP">at </w><w c5="AT0" hw="the" pos="ART">the </w><w c5="NN1" hw="drawing" pos="SUBST">drawing </w><w c5="NN1" hw="board" pos="SUBST">board </w><w c5="AT0" hw="every" pos="ART">every </w><w c5="NN1" hw="day" pos="SUBST">day</w><c c5="PUN">, </c><w c5="VVZ" hw="mean" pos="VERB">means </w><w c5="PNP" hw="she" pos="PRON">she </w><w c5="VM0" hw="can" pos="VERB">can</w><w c5="XX0" hw="not" pos="ADV">not </w><w c5="VVI" hw="keep" pos="VERB">keep </w><w c5="AVP" hw="up" pos="ADV">up </w><w c5="PRP" hw="with" pos="PREP">with </w><w c5="DPS" hw="she" pos="PRON">her </w><w c5="NN1" hw="husband" pos="SUBST">husband</w><w c5="POS" hw="'s" pos="UNC">'s </w><w c5="AJ0" hw="prolific" pos="ADJ">prolific </w><w c5="NN1" hw="output" pos="SUBST">output</w><c c5="PUN">.</c></s>
<s n="27"><c c5="PUQ">‘</c><w c5="PRP" hw="with" pos="PREP">With </w><w c5="AJ0" hw="other" pos="ADJ">other </w><w c5="NN2" hw="illustrator" pos="SUBST">illustrators</w><c c5="PUN">, </c><w c5="PNP" hw="i" pos="PRON">I </w><w c5="VVB" hw="work" pos="VERB">work </w><w c5="PRP" hw="at" pos="PREP">at </w><w c5="AT0" hw="a" pos="ART">a </w><w c5="NN1" hw="distance" pos="SUBST">distance </w><c c5="PUN">— </c><w c5="PNP" hw="we" pos="PRON">we </w><w c5="VVB" hw="visit" pos="VERB">visit </w><w c5="CJC" hw="and" pos="CONJ">and </w><w c5="NN1-VVB" hw="phone" pos="SUBST">phone</w><c c5="PUN">, </c><w c5="CJC" hw="but" pos="CONJ">but </w><w c5="EX0" hw="there" pos="PRON">there </w><w c5="VBZ" hw="be" pos="VERB">is </w><w c5="AT0" hw="a" pos="ART">a </w><w c5="NN1" hw="point" pos="SUBST">point </w><w c5="PRP" hw="at" pos="PREP">at </w><w c5="DTQ" hw="which" pos="PRON">which </w><w c5="PNP" hw="i" pos="PRON">I </w><w c5="VM0" hw="can" pos="VERB">ca</w><w c5="XX0" hw="not" pos="ADV">n't </w><w c5="VVI" hw="pester" pos="VERB">pester </w><w c5="PNP" hw="they" pos="PRON">them </w><w c5="DT0" hw="any" pos="ADJ">any </w><w c5="DT0" hw="more" pos="ADJ">more</w><c c5="PUN">,</c><c c5="PUQ">’ </c><w c5="NP0" hw="allan" pos="SUBST">Allan </w><w c5="VVZ" hw="say" pos="VERB">says</w><c c5="PUN">.</c></s></p><p>
<s n="28"><w c5="PNP" hw="they" pos="PRON">They </w><w c5="VVB" hw="see" pos="VERB">see </w><w c5="PNX" hw="themselves" pos="PRON">themselves </w><w c5="XX0" hw="not" pos="ADV">not </w><w c5="CJS-PRP" hw="as" pos="CONJ">as </w><w c5="NN1" hw="author" pos="SUBST">author </w><w c5="CJC" hw="and" pos="CONJ">and </w><w c5="NN1" hw="illustrator" pos="SUBST">illustrator</w><c c5="PUN">, </c><w c5="PRP" hw="with" pos="PREP">with </w><w c5="AJ0" hw="separate" pos="ADJ">separate </w><w c5="NN2" hw="role" pos="SUBST">roles</w><c c5="PUN">, </c><w c5="CJC" hw="but" pos="CONJ">but </w><w c5="PRP-CJS" hw="as" pos="PREP">as </w><w c5="AT0" hw="a" pos="ART">a </w><w c5="NN1" hw="partnership" pos="SUBST">partnership </w><w c5="PRF" hw="of" pos="PREP">of </w><c c5="PUQ">‘</c><w c5="NN2" hw="book-maker" pos="SUBST">book-makers</w><c c5="PUQ">’</c><c c5="PUN">, </c><w c5="VVG" hw="contribute" pos="VERB">contributing </w><w c5="AV0" hw="equally" pos="ADV">equally </w><w c5="PRP" hw="to" pos="PREP">to </w><w c5="AT0" hw="the" pos="ART">the </w><w c5="NN1" hw="process" pos="SUBST">process</w><c c5="PUN">.</c></s>
<s n="29"><w c5="NP0" hw="allan" pos="SUBST">Allan </w><w c5="NP0" hw="ahlberg" pos="SUBST">Ahlberg </w><w c5="VVZ" hw="say" pos="VERB">says</w><c c5="PUN">: </c><c c5="PUQ">‘</c><w c5="PRP" hw="in" pos="PREP">In </w><w c5="AT0" hw="the" pos="ART">the </w><w c5="NN1" hw="past" pos="SUBST">past</w><c c5="PUN">, </c><w c5="AT0" hw="a" pos="ART">a </w><w c5="NN1" hw="lot" pos="SUBST">lot </w><w c5="PRF" hw="of" pos="PREP">of </w><w c5="NN2" hw="child" pos="SUBST">children</w><w c5="POS" hw="'s" pos="UNC">'s </w><w c5="NN2" hw="book" pos="SUBST">books </w><w c5="VVD" hw="seem" pos="VERB">seemed </w><w c5="TO0" hw="to" pos="PREP">to </w><w c5="VBI" hw="be" pos="VERB">be </w><w c5="AT0" hw="the" pos="ART">the </w><w c5="NN1" hw="work" pos="SUBST">work </w><w c5="PRF" hw="of" pos="PREP">of </w><w c5="AJ0" hw="talented" pos="ADJ">talented </w><w c5="NN2" hw="illustrator" pos="SUBST">illustrators </w><w c5="DTQ" hw="whose" pos="PRON">whose </w><w c5="NN2" hw="picture" pos="SUBST">pictures </w><w c5="VVD-VVN" hw="look" pos="VERB">looked </w><w c5="AJ0" hw="brilliant" pos="ADJ">brilliant </w><w c5="AJ0-VVN" hw="framed" pos="ADJ">framed </w><w c5="PRP" hw="in" pos="PREP">in </w><w c5="AT0" hw="a" pos="ART">a </w><w c5="NN1" hw="gallery" pos="SUBST">gallery</w><c c5="PUN">, </c><w c5="CJC" hw="but" pos="CONJ">but </w><w c5="CJS" hw="when" pos="CONJ">when </w><w c5="PNP" hw="you" pos="PRON">you </w><w c5="VVD" hw="try" pos="VERB">tried </w><w c5="TO0" hw="to" pos="PREP">to </w><w c5="VVI" hw="read" pos="VERB">read </w><w c5="AT0" hw="the" pos="ART">the </w><w c5="NN1" hw="book" pos="SUBST">book</w><c c5="PUN">, </c><w c5="EX0" hw="there" pos="PRON">there </w><w c5="VBD" hw="be" pos="VERB">was </w><w c5="PNI" hw="nothing" pos="PRON">nothing </w><w c5="AV0" hw="there" pos="ADV">there</w><c c5="PUN">, </c><w c5="CJS" hw="because" pos="CONJ">because </w><w c5="AT0" hw="the" pos="ART">the </w><w c5="NN2" hw="word" pos="SUBST">words </w><w c5="VVD" hw="start" pos="VERB">started </w><w c5="PRP" hw="as" pos="PREP">as </w><w c5="AT0" hw="a" pos="ART">a </w><w c5="NN1" hw="coat-hanger" pos="SUBST">coat-hanger </w><w c5="TO0" hw="to" pos="PREP">to </w><w c5="VVI" hw="hang" pos="VERB">hang </w><w c5="NN2" hw="picture" pos="SUBST">pictures </w><w c5="AVP-PRP" hw="on" pos="ADV">on</w><c c5="PUN">.</c><c c5="PUQ">’</c></s></p><p>
<s n="30"><w c5="VVN" hw="give" pos="VERB">Given </w><w c5="AT0" hw="the" pos="ART">the </w><w c5="NN1" hw="importance" pos="SUBST">importance </w><w c5="PNP" hw="they" pos="PRON">they </w><w c5="VVB" hw="place" pos="VERB">place </w><w c5="PRP-AVP" hw="on" pos="PREP">on </w><w c5="AT0" hw="the" pos="ART">the </w><w c5="NN1" hw="interrelationship" pos="SUBST">interrelationship </w><w c5="PRF" hw="of" pos="PREP">of </w><w c5="NN2" hw="word" pos="SUBST">words </w><w c5="CJC" hw="and" pos="CONJ">and </w><w c5="NN2" hw="picture" pos="SUBST">pictures</w><c c5="PUN">, </c><w c5="AT0" hw="the" pos="ART">the </w><w c5="NN1" hw="couple" pos="SUBST">couple</w><w c5="VBZ" hw="be" pos="VERB">'s </w><w c5="NN1" hw="working" pos="SUBST">working </w><w c5="NN2" hw="life" pos="SUBST">lives </w><w c5="VBB" hw="be" pos="VERB">are </w><w c5="AV0" hw="surprisingly" pos="ADV">surprisingly </w><w c5="AJ0" hw="separate" pos="ADJ">separate</w><c c5="PUN">.</c></s>
<s n="31"><w c5="PNP" hw="they" pos="PRON">They </w><w c5="VVB" hw="claim" pos="VERB">claim </w><w c5="TO0" hw="to" pos="PREP">to </w><w c5="VVI" hw="see" pos="VERB">see </w><mw c5="PNX"><w c5="DT0" hw="each" pos="ADJ">each </w><w c5="NN1" hw="other" pos="SUBST">other </w></mw><w c5="DT0" hw="less" pos="ADJ">less </w><w c5="CJS" hw="than" pos="CONJ">than </w><w c5="NN2" hw="couple" pos="SUBST">couples </w><w c5="PNQ" hw="who" pos="PRON">who </w><w c5="VVB" hw="go" pos="VERB">go </w><w c5="AVP" hw="out" pos="ADV">out </w><w c5="PRP" hw="to" pos="PREP">to </w><w c5="NN1" hw="work" pos="SUBST">work</w><c c5="PUN">, </c><w c5="VVG" hw="meet" pos="VERB">meeting </w><w c5="PRP" hw="for" pos="PREP">for </w><w c5="AT0" hw="the" pos="ART">the </w><w c5="AJ0" hw="occasional" pos="ADJ">occasional </w><w c5="NN1" hw="cup" pos="SUBST">cup </w><w c5="PRF" hw="of" pos="PREP">of </w><w c5="NN1" hw="coffee" pos="SUBST">coffee </w><w c5="PRP" hw="in" pos="PREP">in </w><w c5="AT0" hw="the" pos="ART">the </w><w c5="NN1" hw="kitchen" pos="SUBST">kitchen</w><c c5="PUN">.</c></s></p><p>
<s n="32"><w c5="DPS" hw="they" pos="PRON">Their </w><w c5="AJ0" hw="10-year-old" pos="ADJ">10-year-old </w><w c5="NN1" hw="daughter" pos="SUBST">daughter</w><c c5="PUN">, </c><w c5="NP0" hw="jessica" pos="SUBST">Jessica</w><c c5="PUN">, </c><w c5="PNQ" hw="who" pos="PRON">who </w><w c5="VBZ" hw="be" pos="VERB">is </w><w c5="AJ0" hw="likely" pos="ADJ">likely </w><w c5="TO0" hw="to" pos="PREP">to </w><w c5="VBI" hw="be" pos="VERB">be </w><w c5="VVN" hw="see" pos="VERB">seen </w><w c5="PRP" hw="with" pos="PREP">with </w><w c5="DPS" hw="she" pos="PRON">her </w><w c5="NN1" hw="head" pos="SUBST">head </w><w c5="VVN" hw="bury" pos="VERB">buried </w><w c5="PRP" hw="in" pos="PREP">in </w><w c5="AT0" hw="the" pos="ART">The </w><w c5="NP0" hw="beano" pos="SUBST">Beano </w><w c5="CJC" hw="or" pos="CONJ">or </w><w c5="AT0" hw="a" pos="ART">a </w><w c5="NP0" hw="roald" pos="SUBST">Roald </w><w c5="NP0" hw="dahl" pos="SUBST">Dahl </w><w c5="NN1" hw="novel" pos="SUBST">novel</w><c c5="PUN">, </c><w c5="VHZ" hw="have" pos="VERB">has </w><w c5="VVN" hw="provide" pos="VERB">provided </w><w c5="AT0" hw="the" pos="ART">the </w><w c5="NN1" hw="inspiration" pos="SUBST">inspiration </w><w c5="PRP" hw="for" pos="PREP">for </w><w c5="DT0" hw="many" pos="ADJ">many </w><w c5="PRF" hw="of" pos="PREP">of </w><w c5="DPS" hw="she" pos="PRON">her </w><w c5="NN2" hw="parent" pos="SUBST">parents</w><w c5="POS" hw="'" pos="UNC">' </w><w c5="NN2" hw="book" pos="SUBST">books</w><c c5="PUN">.</c></s>
<s n="33"><w c5="PRP-CJS" hw="as" pos="PREP">As </w><w c5="AT0" hw="a" pos="ART">a </w><w c5="NN1" hw="baby" pos="SUBST">baby</w><c c5="PUN">, </c><w c5="PNP" hw="she" pos="PRON">she </w><w c5="VBD" hw="be" pos="VERB">was </w><w c5="VVN" hw="fascinate" pos="VERB">fascinated </w><w c5="PRP" hw="by" pos="PREP">by </w><w c5="AT0" hw="the" pos="ART">the </w><w c5="NP0" hw="mothercare" pos="SUBST">Mothercare </w><w c5="NN1" hw="catalogue" pos="SUBST">Catalogue</w><c c5="PUN">, </c><w c5="CJC" hw="and" pos="CONJ">and </w><w c5="AV0" hw="so" pos="ADV">so </w><w c5="AT0" hw="the" pos="ART">The </w><w c5="NN1" hw="baby" pos="SUBST">Baby</w><w c5="POS" hw="'s" pos="UNC">'s </w><w c5="NN1" hw="catalogue" pos="SUBST">Catalogue</w><c c5="PUN">, </c><w c5="DTQ" hw="which" pos="PRON">which </w><w c5="VVZ" hw="document" pos="VERB">documents </w><w c5="AT0" hw="the" pos="ART">the </w><w c5="NN0" hw="paraphernalia" pos="SUBST">paraphernalia </w><w c5="PRF" hw="of" pos="PREP">of </w><w c5="AT0" hw="the" pos="ART">the </w><w c5="NN1" hw="infant" pos="SUBST">infant</w><w c5="POS" hw="'s" pos="UNC">'s </w><w c5="AJ0" hw="small" pos="ADJ">small </w><w c5="NN1" hw="world" pos="SUBST">world </w><w c5="PRP" hw="in" pos="PREP">in </w><w c5="NN1" hw="minute" pos="SUBST">minute </w><w c5="NN1" hw="detail" pos="SUBST">detail</w><c c5="PUN">, </c><w c5="VBD" hw="be" pos="VERB">was </w><w c5="VVN" hw="bear" pos="VERB">born</w><c c5="PUN">.</c></s></p><p>
<s n="34"><w c5="NP0" hw="allan" pos="SUBST">Allan</w><w c5="POS" hw="'s" pos="UNC">'s </w><w c5="NN1" hw="experience" pos="SUBST">experience </w><w c5="PRP" hw="as" pos="PREP">as </w><w c5="AT0" hw="a" pos="ART">a </w><w c5="AJ0" hw="primary" pos="ADJ">primary </w><w c5="NN1" hw="school" pos="SUBST">school </w><w c5="NN1" hw="teacher" pos="SUBST">teacher </w><w c5="VBZ" hw="be" pos="VERB">is </w><w c5="DT0" hw="another" pos="ADJ">another </w><w c5="AJ0" hw="rich" pos="ADJ">rich </w><w c5="NN1" hw="source" pos="SUBST">source </w><w c5="PRF" hw="of" pos="PREP">of </w><w c5="NN2" hw="idea" pos="SUBST">ideas</w><c c5="PUN">.</c></s>
<s n="35"><w c5="AT0" hw="the" pos="ART">The </w><w c5="NN1" hw="couple" pos="SUBST">couple </w><w c5="AV0" hw="still" pos="ADV">still </w><w c5="VVB" hw="maintain" pos="VERB">maintain </w><w c5="AJ0" hw="close" pos="ADJ">close </w><w c5="NN2" hw="link" pos="SUBST">links </w><w c5="PRP" hw="with" pos="PREP">with </w><w c5="AJ0" hw="local" pos="ADJ">local </w><w c5="NN2" hw="school" pos="SUBST">schools</w><c c5="PUN">, </c><w c5="CJS" hw="where" pos="CONJ">where </w><w c5="PNP" hw="they" pos="PRON">they </w><w c5="VVB" hw="spend" pos="VERB">spend </w><w c5="NN2" hw="hour" pos="SUBST">hours </w><w c5="VVG" hw="research" pos="VERB">researching</w><c c5="PUN">, </c><w c5="VVG-NN1" hw="sketch" pos="VERB">sketching </w><w c5="CJC" hw="and" pos="CONJ">and </w><w c5="AJ0-VVG" hw="absorbing" pos="ADJ">absorbing </w><w c5="NN2" hw="joke" pos="SUBST">jokes</w><c c5="PUN">.</c></s>
<s n="36"><w c5="PRP-CJS" hw="after" pos="PREP">After </w><w c5="CRD" hw="10" pos="ADJ">10 </w><w c5="NN2" hw="year" pos="SUBST">years </w><w c5="PRF" hw="of" pos="PREP">of </w><w c5="VVG-NN1" hw="teach" pos="VERB">teaching </w><w c5="NP0" hw="allan" pos="SUBST">Allan </w><w c5="VHD" hw="have" pos="VERB">had </w><w c5="VHN" hw="have" pos="VERB">had </w><w c5="DT0" hw="enough" pos="ADJ">enough</w><c c5="PUN">.</c></s>
<s n="37"><c c5="PUQ">‘</c><w c5="PNP" hw="i" pos="PRON">I </w><w c5="VVD" hw="run" pos="VERB">ran </w><mw c5="PRP"><w c5="AVP" hw="out" pos="ADV">out </w><w c5="PRF" hw="of" pos="PREP">of </w></mw><w c5="NN1" hw="steam" pos="SUBST">steam</w><c c5="PUN">.</c></s>
<s n="38"><w c5="PNP" hw="it" pos="PRON">It</w><w c5="VBZ" hw="be" pos="VERB">'s </w><w c5="AT0" hw="a" pos="ART">a </w><w c5="NN1-AJ0" hw="killing" pos="SUBST">killing </w><w c5="NN1" hw="job" pos="SUBST">job</w><c c5="PUN">.</c></s>
<s n="39"><w c5="AJ0" hw="little" pos="ADJ">Little </w><w c5="NN2" hw="kid" pos="SUBST">kids </w><w c5="VVB" hw="eat" pos="VERB">eat </w><w c5="PNP" hw="you" pos="PRON">you </w><w c5="AJ0" hw="alive" pos="ADJ">alive</w><c c5="PUN">, </c><w c5="PNP" hw="they" pos="PRON">they </w><w c5="VVB" hw="want" pos="VERB">want </w><w c5="AV0" hw="so" pos="ADV">so </w><w c5="DT0" hw="much" pos="ADJ">much </w><w c5="AV0" hw="physically" pos="ADV">physically </w><w c5="CJC" hw="and" pos="CONJ">and </w><w c5="AV0" hw="emotionally" pos="ADV">emotionally</w><c c5="PUN">.</c><c c5="PUQ">’</c></s>
<s n="40"><w c5="AT0" hw="every" pos="ART">Every </w><w c5="NN1" hw="year" pos="SUBST">year </w><w c5="PNP" hw="he" pos="PRON">he </w><w c5="VM0" hw="would" pos="VERB">would </w><w c5="VHI" hw="have" pos="VERB">have </w><w c5="DT0" hw="half" pos="ADJ">half </w><w c5="AT0" hw="a" pos="ART">a </w><w c5="CRD" hw="dozen" pos="ADJ">dozen </w><w c5="AJ0-NN1" hw="nine-" pos="ADJ">nine- </w><w c5="CJC" hw="and" pos="CONJ">and </w><w c5="NN2" hw="10-year-old" pos="SUBST">10-year-olds </w><w c5="PRP" hw="in" pos="PREP">in </w><w c5="DPS" hw="he" pos="PRON">his </w><w c5="NN1" hw="class" pos="SUBST">class </w><w c5="PNQ" hw="who" pos="PRON">who </w><w c5="VM0" hw="could" pos="VERB">could </w><w c5="AV0" hw="barely" pos="ADV">barely </w><w c5="VVI" hw="read" pos="VERB">read</w><c c5="PUN">.</c></s>
<s n="41"><w c5="PNP" hw="he" pos="PRON">He </w><w c5="VVD" hw="treat" pos="VERB">treated </w><w c5="VVG-NN1" hw="read" pos="VERB">reading </w><w c5="PRP" hw="as" pos="PREP">as </w><w c5="AT0" hw="a" pos="ART">a </w><w c5="NN1" hw="team" pos="SUBST">team </w><w c5="NN1" hw="effort" pos="SUBST">effort</w><c c5="PUN">, </c><w c5="VVG" hw="get" pos="VERB">getting </w><w c5="PNP" hw="they" pos="PRON">them </w><w c5="TO0" hw="to" pos="PREP">to </w><w c5="VVI" hw="read" pos="VERB">read </w><w c5="AT0" hw="the" pos="ART">the </w><w c5="AJ0" hw="daily" pos="ADJ">Daily </w><w c5="NN1" hw="mirror" pos="SUBST">Mirror </w><mw c5="PRP"><w c5="AV0" hw="rather" pos="ADV">rather </w><w c5="CJS" hw="than" pos="CONJ">than </w></mw><w c5="AT0" hw="the" pos="ART">the </w><w c5="AJ0" hw="dull" pos="ADJ">dull</w><c c5="PUN">, </c><w c5="AJ0" hw="babyish" pos="ADJ">babyish </w><w c5="NN2" hw="book" pos="SUBST">books </w><w c5="PRP" hw="on" pos="PREP">on </w><w c5="NN1" hw="offer" pos="SUBST">offer</w><c c5="PUN">.</c></s></p><p>
<s n="42"><w c5="DT0" hw="these" pos="ADJ">These </w><w c5="NN2" hw="day" pos="SUBST">days</w><c c5="PUN">, </c><w c5="PNP" hw="he" pos="PRON">he </w><w c5="VVZ" hw="write" pos="VERB">writes </w><w c5="AT0" hw="the" pos="ART">the </w><w c5="NN2" hw="book" pos="SUBST">books </w><w c5="VVD-VVN" hw="intend" pos="VERB">intended </w><w c5="TO0" hw="to" pos="PREP">to </w><w c5="VVI" hw="help" pos="VERB">help </w><w c5="NN2" hw="child" pos="SUBST">children </w><w c5="VVI" hw="learn" pos="VERB">learn </w><w c5="TO0" hw="to" pos="PREP">to </w><w c5="VVI" hw="read" pos="VERB">read</w><c c5="PUN">.</c></s>
<s n="43"><c c5="PUQ">‘</c><w c5="AT0" hw="a" pos="ART">A </w><w c5="NN1" hw="lot" pos="SUBST">lot </w><w c5="PRF" hw="of" pos="PREP">of </w><w c5="NN2" hw="book" pos="SUBST">books </w><w c5="VVN-VVD" hw="use" pos="VERB">used </w><w c5="PRP" hw="in" pos="PREP">in </w><w c5="NN2" hw="school" pos="SUBST">schools </w><w c5="VBB" hw="be" pos="VERB">are </w><w c5="AV0" hw="technically" pos="ADV">technically </w><w c5="AJ0" hw="readable" pos="ADJ">readable </w><w c5="CJC" hw="but" pos="CONJ">but </w><w c5="AV0" hw="rather" pos="ADV">rather </w><w c5="AJ0" hw="drab" pos="ADJ">drab </w><w c5="NN2" hw="story" pos="SUBST">stories</w><c c5="PUN">.</c></s>
<s n="44"><w c5="EX0" hw="there" pos="PRON">There</w><w c5="VBZ" hw="be" pos="VERB">'s </w><w c5="AT0" hw="no" pos="ART">no </w><w c5="NN1" hw="reason" pos="SUBST">reason </w><w c5="AVQ" hw="why" pos="ADV">why </w><w c5="PNP" hw="they" pos="PRON">they </w><w c5="VM0" hw="should" pos="VERB">should</w><w c5="XX0" hw="not" pos="ADV">n't </w><w c5="VBI" hw="be" pos="VERB">be </w><w c5="AJ0" hw="funny" pos="ADJ">funny </w><w c5="CJC" hw="or" pos="CONJ">or </w><w c5="AJ0" hw="gripping" pos="ADJ">gripping </w><mw c5="CJS"><w c5="AV0" hw="even" pos="ADV">even </w><w c5="CJS" hw="if" pos="CONJ">if </w></mw><w c5="PNP" hw="they" pos="PRON">they </w><w c5="VDB" hw="do" pos="VERB">do</w><w c5="XX0" hw="not" pos="ADV">n't </w><w c5="VVI" hw="use" pos="VERB">use </w><w c5="DT0" hw="many" pos="ADJ">many </w><w c5="NN2" hw="word" pos="SUBST">words</w><c c5="PUN">.</c><c c5="PUQ">’</c></s></p><p>
<s n="45"><w c5="VVG-NN1" hw="write" pos="VERB">Writing </w><w c5="NN2" hw="book" pos="SUBST">books </w><w c5="PRP" hw="for" pos="PREP">for </w><w c5="NN2" hw="child" pos="SUBST">children </w><w c5="VBZ" hw="be" pos="VERB">is </w><w c5="VVG" hw="become" pos="VERB">becoming </w><w c5="AV0" hw="increasingly" pos="ADV">increasingly </w><w c5="AJ0" hw="complex" pos="ADJ">complex</w><c c5="PUN">, </c><w c5="CJS-PRP" hw="as" pos="CONJ">as </w><w c5="AT0" hw="the" pos="ART">the </w><w c5="NN2" hw="arbiter" pos="SUBST">arbiters </w><w c5="PRF" hw="of" pos="PREP">of </w><w c5="AT0" hw="the" pos="ART">the </w><w c5="AJ0" hw="modern" pos="ADJ">modern </w><w c5="NN1" hw="child" pos="SUBST">child</w><w c5="POS" hw="'s" pos="UNC">'s </w><w c5="NN2" hw="more" pos="SUBST">mores </w><c c5="PUN">— </c><w c5="NN2" hw="librarian" pos="SUBST">librarians</w><c c5="PUN">, </c><w c5="NN2" hw="teacher" pos="SUBST">teachers </w><w c5="CJC" hw="and" pos="CONJ">and </w><w c5="NN2" hw="publisher" pos="SUBST">publishers </w><c c5="PUN">— </c><w c5="VVB" hw="lay" pos="VERB">lay </w><w c5="AVP" hw="down" pos="ADV">down </w><w c5="AV0" hw="ever" pos="ADV">ever </w><w c5="AV0" hw="more" pos="ADV">more </w><w c5="AJ0" hw="stringent" pos="ADJ">stringent </w><w c5="NN2" hw="criterion" pos="SUBST">criteria</w><c c5="PUN">.</c></s>
<s n="46"><c c5="PUQ">‘</c><w c5="AT0" hw="the" pos="ART">The </w><w c5="NN1" hw="problem" pos="SUBST">problem </w><w c5="PRP" hw="with" pos="PREP">with </w><w c5="NN2" hw="child" pos="SUBST">children</w><w c5="POS" hw="'s" pos="UNC">'s </w><w c5="NN2" hw="book" pos="SUBST">books </w><w c5="AV0" hw="increasingly" pos="ADV">increasingly </w><w c5="VBZ" hw="be" pos="VERB">is </w><w c5="CJT" hw="that" pos="CONJ">that </w><w c5="EX0" hw="there" pos="PRON">there </w><w c5="VBB" hw="be" pos="VERB">are </w><w c5="NN2" hw="army" pos="SUBST">armies </w><w c5="PRF" hw="of" pos="PREP">of </w><w c5="NN0" hw="people" pos="SUBST">people </w><w c5="PNQ" hw="who" pos="PRON">who </w><w c5="VBB" hw="be" pos="VERB">are </w><w c5="AV0" hw="properly" pos="ADV">properly </w><w c5="AJ0" hw="concerned" pos="ADJ">concerned </w><w c5="PRP" hw="with" pos="PREP">with</w><c c5="PUN">, </c><mw c5="AV0"><w c5="PRP" hw="for" pos="PREP">for </w><w c5="NN1" hw="example" pos="SUBST">example</w></mw><c c5="PUN">, </c><w c5="AT0" hw="the" pos="ART">the </w><w c5="NN1" hw="way" pos="SUBST">way </w><w c5="NN2" hw="girl" pos="SUBST">girls </w><w c5="VBD" hw="be" pos="VERB">were </w><w c5="AV0" hw="always" pos="ADV">always </w><w c5="VVN" hw="discriminate" pos="VERB">discriminated </w><w c5="PRP" hw="against" pos="PREP">against </w><w c5="PRP" hw="in" pos="PREP">in </w><w c5="AT0" hw="the" pos="ART">the </w><w c5="NN1" hw="past" pos="SUBST">past</w><c c5="PUN">,</c><c c5="PUQ">’ </c><w c5="VVZ" hw="say" pos="VERB">says </w><w c5="NP0" hw="allan" pos="SUBST">Allan</w><c c5="PUN">.</c></s>
<s n="47"><c c5="PUQ">‘</c><w c5="DT0" hw="that" pos="ADJ">That </w><w c5="VBZ" hw="be" pos="VERB">is </w><w c5="AJ0" hw="bad" pos="ADJ">bad</w><c c5="PUN">, </c><w c5="CJC" hw="and" pos="CONJ">and </w><w c5="VM0" hw="must" pos="VERB">must </w><w c5="VBI" hw="be" pos="VERB">be </w><w c5="VVN" hw="think" pos="VERB">thought </w><w c5="PRP" hw="about" pos="PREP">about</w><c c5="PUN">.</c></s>
<s n="48"><w c5="CJC" hw="but" pos="CONJ">But </w><w c5="NN0" hw="people" pos="SUBST">people </w><w c5="VVB" hw="seem" pos="VERB">seem </w><w c5="TO0" hw="to" pos="PREP">to </w><w c5="VVI" hw="think" pos="VERB">think </w><w c5="CJT" hw="that" pos="CONJ">that </w><w c5="NN2" hw="story" pos="SUBST">stories </w><w c5="VBB" hw="be" pos="VERB">are </w><w c5="VVN" hw="write" pos="VERB">written </w><w c5="PRP" hw="to" pos="PREP">to </w><w c5="AT0" hw="a" pos="ART">a </w><w c5="NN1" hw="prescription" pos="SUBST">prescription</w><c c5="PUN">, </c><w c5="CJT" hw="that" pos="CONJ">that </w><w c5="PNP" hw="you" pos="PRON">you </w><w c5="VVB" hw="sit" pos="VERB">sit </w><w c5="AVP" hw="down" pos="ADV">down </w><w c5="CJC" hw="and" pos="CONJ">and </w><w c5="VVB" hw="say" pos="VERB">say</w><c c5="PUN">, </c><w c5="PNP" hw="you" pos="PRON">you </w><w c5="VDB" hw="do" pos="VERB">do</w><w c5="XX0" hw="not" pos="ADV">n't </w><w c5="VVI" hw="want" pos="VERB">want </w><w c5="PNP" hw="it" pos="PRON">it </w><w c5="TO0" hw="to" pos="PREP">to </w><w c5="VBI" hw="be" pos="VERB">be </w><w c5="AJ0" hw="sexist" pos="ADJ">sexist</w><c c5="PUN">, </c><w c5="PNP" hw="you" pos="PRON">you </w><w c5="VDB" hw="do" pos="VERB">do</w><w c5="XX0" hw="not" pos="ADV">n't </w><w c5="VVI" hw="want" pos="VERB">want </w><w c5="PNP" hw="it" pos="PRON">it </w><w c5="TO0" hw="to" pos="PREP">to </w><w c5="VBI" hw="be" pos="VERB">be </w><w c5="AJ0" hw="racist" pos="ADJ">racist</w><c c5="PUN">.</c></s>
<s n="49"><w c5="PRP" hw="in" pos="PREP">In </w><w c5="NN1" hw="reality" pos="SUBST">reality </w><w c5="PNP" hw="you" pos="PRON">you </w><w c5="AV0" hw="just" pos="ADV">just </w><w c5="VVB" hw="invent" pos="VERB">invent </w><w c5="AT0" hw="a" pos="ART">a </w><w c5="NN1" hw="tale" pos="SUBST">tale</w><c c5="PUN">, </c><mw c5="CJS"><w c5="PRP" hw="as" pos="PREP">as </w><w c5="CJS" hw="if" pos="CONJ">if </w></mw><w c5="PNP" hw="you" pos="PRON">you </w><w c5="VBD" hw="be" pos="VERB">were </w><w c5="VVG" hw="sit" pos="VERB">sitting </w><w c5="AVP-PRP" hw="round" pos="ADV">round </w><w c5="AT0" hw="a" pos="ART">a </w><w c5="NN1" hw="fire" pos="SUBST">fire </w><w c5="PRP" hw="in" pos="PREP">in </w><w c5="AT0" hw="a" pos="ART">a </w><w c5="NN1" hw="cave" pos="SUBST">cave</w><c c5="PUN">.</c><c c5="PUQ">’</c></s></p><p>
<s n="50"><w c5="PRP" hw="in" pos="PREP">In </w><w c5="NN1" hw="fact" pos="SUBST">fact </w><w c5="NN1" hw="anti-racism" pos="SUBST">anti-racism </w><w c5="CJC" hw="and" pos="CONJ">and </w><w c5="NN1-AJ0" hw="anti-sexism" pos="SUBST">anti-sexism </w><w c5="VVB" hw="seem" pos="VERB">seem </w><w c5="TO0" hw="to" pos="PREP">to </w><w c5="VVI" hw="come" pos="VERB">come </w><w c5="AV0" hw="naturally" pos="ADV">naturally </w><w c5="PRP" hw="to" pos="PREP">to </w><w c5="AT0" hw="the" pos="ART">the </w><w c5="NP0" hw="ahlbergs" pos="SUBST">Ahlbergs</w><c c5="PUN">.</c></s>
<s n="51"><w c5="DPS" hw="they" pos="PRON">Their </w><w c5="NN2" hw="book" pos="SUBST">books </w><w c5="VBB" hw="be" pos="VERB">are </w><w c5="AJ0" hw="full" pos="ADJ">full </w><w c5="PRF" hw="of" pos="PREP">of </w><w c5="AJ0" hw="female" pos="ADJ">female </w><w c5="NN2" hw="breadwinner" pos="SUBST">breadwinners </w><w c5="CJC" hw="and" pos="CONJ">and </w><w c5="AJ0" hw="new" pos="ADJ">New </w><w c5="NN2" hw="man" pos="SUBST">Men </w><w c5="VVG-AJ0" hw="change" pos="VERB">changing </w><w c5="NN2" hw="nappy" pos="SUBST">nappies </w><w c5="CJC" hw="and" pos="CONJ">and </w><w c5="AJ0" hw="comforting" pos="ADJ">comforting </w><w c5="AJ0-NN1" hw="bawling" pos="ADJ">bawling </w><w c5="NN2" hw="baby" pos="SUBST">babies </w><w c5="PRP" hw="in" pos="PREP">in </w><w c5="AT0" hw="the" pos="ART">the </w><w c5="AJ0" hw="small" pos="ADJ">small </w><w c5="NN2" hw="hour" pos="SUBST">hours</w><c c5="PUN">.</c></s></p><p>
<s n="52"><w c5="CJS" hw="although" pos="CONJ">Although </w><w c5="PNP" hw="they" pos="PRON">they </w><w c5="VBB" hw="be" pos="VERB">are </w><w c5="AT0" hw="a" pos="ART">a </w><w c5="AJ0" hw="principled" pos="ADJ">principled </w><w c5="NN0" hw="pair" pos="SUBST">pair </w><c c5="PUN">— </c><w c5="PNP" hw="they" pos="PRON">they </w><w c5="AV0" hw="once" pos="ADV">once </w><w c5="VVD" hw="turn" pos="VERB">turned </w><w c5="AVP-PRP" hw="down" pos="ADV">down </w><w c5="AT0" hw="the" pos="ART">the </w><w c5="NN2" hw="smarty" pos="SUBST">Smarties </w><w c5="NN1-VVB" hw="award" pos="SUBST">Award </w><w c5="PRP" hw="on" pos="PREP">on </w><w c5="AJ0" hw="moral" pos="ADJ">moral </w><w c5="NN2" hw="ground" pos="SUBST">grounds </w><c c5="PUN">— </c><w c5="AT0" hw="the" pos="ART">the </w><w c5="NP0" hw="ahlbergs" pos="SUBST">Ahlbergs </w><w c5="VVB" hw="reject" pos="VERB">reject </w><w c5="AT0" hw="the" pos="ART">the </w><w c5="NN1" hw="notion" pos="SUBST">notion </w><w c5="PRF" hw="of" pos="PREP">of </w><w c5="NN2" hw="child" pos="SUBST">children</w><w c5="POS" hw="'s" pos="UNC">'s </w><w c5="NN1" hw="author" pos="SUBST">author </w><w c5="PRP" hw="as" pos="PREP">as </w><w c5="NN1" hw="moralist" pos="SUBST">moralist</w><c c5="PUN">.</c></s></p><p>
<s n="53"><c c5="PUQ">‘</c><w c5="PNP" hw="i" pos="PRON">I </w><w c5="VM0" hw="would" pos="VERB">would </w><w c5="VVI" hw="say" pos="VERB">say</w><c c5="PUN">, </c><w c5="AV0" hw="just" pos="ADV">just </w><w c5="VVB" hw="sit" pos="VERB">sit </w><w c5="AVP" hw="down" pos="ADV">down </w><w c5="CJC" hw="and" pos="CONJ">and </w><w c5="VVB" hw="tell" pos="VERB">tell </w><w c5="AT0" hw="a" pos="ART">a </w><w c5="AJ0" hw="good" pos="ADJ">good </w><w c5="NN1" hw="story" pos="SUBST">story</w><c c5="PUN">, </c><w c5="CJC" hw="and" pos="CONJ">and </w><w c5="PRP" hw="to" pos="PREP">to </w><w c5="NN1" hw="hell" pos="SUBST">hell </w><w c5="PRP" hw="with" pos="PREP">with </w><w c5="AT0" hw="the" pos="ART">the </w><w c5="NN1" hw="morality" pos="SUBST">morality</w><c c5="PUN">,</c><c c5="PUQ">’ </c><w c5="NP0" hw="allan" pos="SUBST">Allan </w><w c5="NP0" hw="ahlberg" pos="SUBST">Ahlberg </w><w c5="VVZ" hw="declare" pos="VERB">declares</w><c c5="PUN">.</c></s>
<s n="54"><w c5="PRP" hw="with" pos="PREP">With </w><w c5="DT0" hw="that" pos="ADJ">that </w><w c5="AV0" hw="characteristically" pos="ADV">characteristically </w><w c5="AJ0" hw="strong" pos="ADJ">strong </w><w c5="NN1" hw="statement" pos="SUBST">statement</w><c c5="PUN">, </c><w c5="PNP" hw="he" pos="PRON">he </w><w c5="VVZ" hw="put" pos="VERB">puts </w><w c5="DPS" hw="he" pos="PRON">his </w><w c5="NN1" hw="finger" pos="SUBST">finger </w><w c5="PRP" hw="on" pos="PREP">on </w><w c5="AT0" hw="the" pos="ART">the </w><w c5="NN1" hw="secret" pos="SUBST">secret </w><w c5="PRF" hw="of" pos="PREP">of </w><w c5="AT0" hw="the" pos="ART">the </w><w c5="NP0" hw="ahlbergs" pos="SUBST">Ahlbergs</w><w c5="POS" hw="'" pos="UNC">' </w><w c5="AJ0" hw="phenomenal" pos="ADJ">phenomenal </w><w c5="NN1" hw="success" pos="SUBST">success </w><w c5="PRP" hw="with" pos="PREP">with </w><w c5="NN2" hw="adult" pos="SUBST">adults </w><w c5="CJC" hw="and" pos="CONJ">and </w><w c5="NN2" hw="child" pos="SUBST">children </w><w c5="AV0" hw="alike" pos="ADV">alike</w><c c5="PUN">.</c></s></p></div><div level="1" n="891002 edition -- Living Page 13"><head type="MAIN">
<s n="55"><w c5="AT0" hw="a" pos="ART">A </w><w c5="NN1" hw="manifesto" pos="SUBST">manifesto </w><w c5="PRP" hw="for" pos="PREP">for </w><w c5="NN1" hw="fashion" pos="SUBST">fashion </w><w c5="PRP" hw="from" pos="PREP">from </w><w c5="AT0" hw="an" pos="ART">an </w><w c5="NN1" hw="idea" pos="SUBST">idea </w><w c5="PRP" hw="by" pos="PREP">by </w><w c5="NP0" hw="lenin" pos="SUBST">Lenin</w><c c5="PUN">: </c><w c5="NP0" hw="helen" pos="SUBST">Helen </w><w c5="NP0-NN1" hw="womack" pos="SUBST">Womack </w><w c5="PRP" hw="on" pos="PREP">on </w><w c5="AT0" hw="the" pos="ART">the </w><w c5="AJ0" hw="stylish" pos="ADJ">stylish </w><w c5="NN2" hw="clothes" pos="SUBST">clothes </w><w c5="VBG" hw="be" pos="VERB">being </w><w c5="VVN" hw="inspire" pos="VERB">inspired </w><w c5="PRP" hw="by" pos="PREP">by </w><w c5="NN1" hw="communism" pos="SUBST">communism</w><w c5="POS" hw="'s" pos="UNC">'s </w><w c5="NN2" hw="icon" pos="SUBST">icons</w></s></head><head type="BYLINE">
<s n="56"><w c5="PRP" hw="by" pos="PREP">By </w><w c5="NP0" hw="helen" pos="SUBST">HELEN </w><w c5="NP0-NN1" hw="womack" pos="SUBST">WOMACK</w></s></head><p>
<s n="57"><w c5="NN2" hw="russian" pos="SUBST">RUSSIANS </w><w c5="VBB" hw="be" pos="VERB">are </w><w c5="AJ0" hw="numb" pos="ADJ">numb </w><w c5="PRP" hw="to" pos="PREP">to </w><w c5="AT0" hw="the" pos="ART">the </w><w c5="NN1" hw="red" pos="SUBST">red </w><w c5="PRF" hw="of" pos="PREP">of </w><w c5="AT0" hw="the" pos="ART">the </w><w c5="AJ0" hw="communist" pos="ADJ">Communist </w><w c5="NN1" hw="party" pos="SUBST">Party </w><w c5="CJC" hw="and" pos="CONJ">and </w><w c5="AT0" hw="the" pos="ART">the </w><w c5="NN1" hw="face" pos="SUBST">face </w><w c5="PRF" hw="of" pos="PREP">of </w><w c5="NP0" hw="lenin" pos="SUBST">Lenin </w><w c5="DTQ" hw="which" pos="PRON">which </w><w c5="VHZ" hw="have" pos="VERB">has </w><w c5="VVN" hw="stare" pos="VERB">stared </w><w c5="PRP" hw="at" pos="PREP">at </w><w c5="PNP" hw="they" pos="PRON">them </w><w c5="PRP" hw="in" pos="PREP">in </w><w c5="AJ0" hw="public" pos="ADJ">public </w><w c5="NN2" hw="place" pos="SUBST">places </w><w c5="PRP" hw="for" pos="PREP">for </w><w c5="NN2" hw="decade" pos="SUBST">decades</w><c c5="PUN">.</c></s>
<s n="58"><w c5="XX0" hw="not" pos="ADV">Not </w><w c5="AV0" hw="surprisingly" pos="ADV">surprisingly</w><c c5="PUN">, </c><w c5="PNP" hw="they" pos="PRON">they </w><w c5="VVD" hw="fail" pos="VERB">failed</w><c c5="PUN">, </c><w c5="PRP" hw="with" pos="PREP">with </w><w c5="AT0" hw="the" pos="ART">the </w><w c5="ORD" hw="first" pos="ADJ">first </w><w c5="NN1" hw="outbreak" pos="SUBST">outbreak </w><w c5="PRF" hw="of" pos="PREP">of </w><w c5="NP0" hw="gorbymania" pos="SUBST">Gorbymania</w><c c5="PUN">, </c><w c5="TO0" hw="to" pos="PREP">to </w><w c5="VVI" hw="see" pos="VERB">see </w><w c5="AT0" hw="the" pos="ART">the </w><w c5="NN1" hw="fashion" pos="SUBST">fashion </w><w c5="NN1" hw="asset" pos="SUBST">asset </w><w c5="PRP" hw="in" pos="PREP">in </w><w c5="AT0" hw="the" pos="ART">the </w><w c5="AJ0" hw="political" pos="ADJ">political </w><w c5="NN1" hw="imagery" pos="SUBST">imagery </w><w c5="AV0" hw="all" pos="ADV">all </w><w c5="PRP" hw="around" pos="PREP">around </w><w c5="PNP" hw="they" pos="PRON">them</w><c c5="PUN">.</c></s></p><p>
<s n="59"><w c5="PNP" hw="it" pos="PRON">It </w><w c5="VBD" hw="be" pos="VERB">was </w><w c5="VVN" hw="leave" pos="VERB">left </w><w c5="PRP" hw="to" pos="PREP">to </w><w c5="AJ0" hw="western" pos="ADJ">Western </w><w c5="NN2" hw="businessman" pos="SUBST">businessmen </w><w c5="TO0" hw="to" pos="PREP">to </w><w c5="VVI" hw="manufacture" pos="VERB">manufacture </w><w c5="NP0" hw="cccp" pos="SUBST">CCCP </w><w c5="NN2" hw="t-shirt" pos="SUBST">T-shirts </w><w c5="DTQ" hw="which" pos="PRON">which </w><w c5="VVD" hw="end" pos="VERB">ended </w><w c5="AVP" hw="up" pos="ADV">up </w><w c5="PRP" hw="on" pos="PREP">on </w><w c5="AT0" hw="the" pos="ART">the </w><w c5="AJ0" hw="soviet" pos="ADJ">Soviet </w><w c5="AJ0" hw="black" pos="ADJ">black </w><w c5="NN1" hw="market" pos="SUBST">market</w><c c5="PUN">, </c><w c5="AT0" hw="an" pos="ART">an </w><w c5="AJ0" hw="acute" pos="ADJ">acute </w><w c5="NN1" hw="case" pos="SUBST">case </w><w c5="PRF" hw="of" pos="PREP">of </w><w c5="VVG" hw="carry" pos="VERB">carrying </w><w c5="NN2" hw="coal" pos="SUBST">coals </w><w c5="PRP" hw="to" pos="PREP">to </w><w c5="NP0" hw="newcastle" pos="SUBST">Newcastle</w><c c5="PUN">.</c></s>
<s n="60"><w c5="CJC" hw="but" pos="CONJ">But </w><w c5="CRD" hw="one" pos="ADJ">one </w><w c5="NP0" hw="moscow" pos="SUBST">Moscow </w><w c5="NN1" hw="designer" pos="SUBST">designer</w><c c5="PUN">, </c><mw c5="AV0"><w c5="PRP" hw="at" pos="PREP">at </w><w c5="AV0" hw="least" pos="ADV">least</w></mw><c c5="PUN">, </c><w c5="VHZ" hw="have" pos="VERB">has </w><w c5="VBN" hw="be" pos="VERB">been </w><w c5="AJ0" hw="able" pos="ADJ">able </w><w c5="TO0" hw="to" pos="PREP">to </w><w c5="VVI" hw="look" pos="VERB">look </w><w c5="PRP" hw="at" pos="PREP">at </w><w c5="AT0" hw="the" pos="ART">the </w><w c5="NN1" hw="familiar" pos="SUBST">familiar </w><w c5="PRP" hw="with" pos="PREP">with </w><w c5="AT0" hw="a" pos="ART">a </w><w c5="AJ0" hw="fresh" pos="ADJ">fresh </w><w c5="NN1" hw="eye" pos="SUBST">eye </w><w c5="CJC" hw="and" pos="CONJ">and </w><w c5="VVB" hw="use" pos="VERB">use </w><w c5="AT0" hw="the" pos="ART">the </w><w c5="NN2" hw="symbol" pos="SUBST">symbols </w><w c5="PRF" hw="of" pos="PREP">of </w><w c5="AJ0" hw="soviet" pos="ADJ">Soviet </w><w c5="NN1" hw="power" pos="SUBST">power </w><w c5="PRP" hw="with" pos="PREP">with </w><w c5="NN1" hw="wit" pos="SUBST">wit </w><w c5="CJC" hw="and" pos="CONJ">and </w><w c5="NN1" hw="imagination" pos="SUBST">imagination</w><c c5="PUN">.</c></s></p><p>
<s n="61"><w c5="NP0" hw="yelena" pos="SUBST">Yelena </w><w c5="NP0" hw="khudiakova" pos="SUBST">Khudiakova</w><w c5="POS" hw="'s" pos="UNC">'s </w><w c5="NN1" hw="exhibition" pos="SUBST">exhibition </w><w c5="PRF" hw="of" pos="PREP">of </w><c c5="PUQ">‘</c><w c5="AJ0" hw="high" pos="ADJ">high </w><w c5="NN1" hw="fashion" pos="SUBST">fashion </w><w c5="VVG" hw="use" pos="VERB">using </w><w c5="NN1" hw="imagery" pos="SUBST">imagery </w><w c5="PRP" hw="from" pos="PREP">from </w><w c5="PRP" hw="behind" pos="PREP">behind </w><w c5="AT0" hw="the" pos="ART">the </w><w c5="NN1" hw="iron" pos="SUBST">Iron </w><w c5="NP0-NN1" hw="curtain'" pos="SUBST">Curtain' </w><w c5="VVZ" hw="open" pos="VERB">opens </w><w c5="PRP" hw="at" pos="PREP">at </w><w c5="AT0" hw="the" pos="ART">the </w><w c5="NP0-NN1" hw="birch" pos="SUBST">Birch </w><w c5="CJC" hw="and" pos="CONJ">and </w><w c5="NP0" hw="conran" pos="SUBST">Conran </w><w c5="NN1" hw="gallery" pos="SUBST">gallery </w><w c5="PRP" hw="in" pos="PREP">in </w><w c5="NP0" hw="london" pos="SUBST">London</w><w c5="POS" hw="'s" pos="UNC">'s </w><w c5="NP0" hw="soho" pos="SUBST">Soho </w><w c5="AV0" hw="today" pos="ADV">today</w><c c5="PUN">.</c></s>
<s n="62"><w c5="NP0" hw="ms" pos="SUBST">Ms </w><w c5="NP0" hw="khudiakova" pos="SUBST">Khudiakova </w><w c5="PNX" hw="herself" pos="PRON">herself </w><w c5="VM0" hw="may" pos="VERB">may</w><c c5="PUN">, </c><mw c5="AV0"><w c5="PRP" hw="from" pos="PREP">from </w><w c5="NN1" hw="time" pos="SUBST">time </w><w c5="PRP" hw="to" pos="PREP">to </w><w c5="NN1" hw="time" pos="SUBST">time </w></mw><w c5="PRP" hw="during" pos="PREP">during </w><w c5="AT0" hw="the" pos="ART">the </w><w c5="NN1" hw="week" pos="SUBST">week </w><w c5="PRF" hw="of" pos="PREP">of </w><w c5="AT0" hw="the" pos="ART">the </w><w c5="NN1" hw="show" pos="SUBST">show</w><c c5="PUN">, </c><w c5="VVB-NN1" hw="model" pos="VERB">model </w><w c5="DT0" hw="some" pos="ADJ">some </w><w c5="PRF" hw="of" pos="PREP">of </w><w c5="AT0" hw="the" pos="ART">the </w><w c5="CRD" hw="20" pos="ADJ">20 </w><w c5="NN2" hw="outfit" pos="SUBST">outfits </w><c c5="PUN">— </c><w c5="AT0" hw="a" pos="ART">a </w><w c5="AJ0" hw="red" pos="ADJ">red </w><w c5="NN1" hw="silk" pos="SUBST">silk </w><w c5="NN1-VVB" hw="skirt" pos="SUBST">skirt </w><w c5="AJ0-VVN" hw="patterned" pos="ADJ">patterned </w><w c5="PRP" hw="with" pos="PREP">with </w><w c5="AT0" hw="the" pos="ART">the </w><w c5="NN2" hw="head" pos="SUBST">heads </w><w c5="PRF" hw="of" pos="PREP">of </w><w c5="NN2" hw="worker" pos="SUBST">workers </w><w c5="PNQ" hw="who" pos="PRON">who </w><w c5="VVB" hw="look" pos="VERB">look </w><mw c5="CJS"><w c5="PRP" hw="as" pos="PREP">as </w><w c5="CJS" hw="if" pos="CONJ">if </w></mw><w c5="PNP" hw="they" pos="PRON">they </w><w c5="VBB" hw="be" pos="VERB">are </w><w c5="VVG-AJ0" hw="march" pos="VERB">marching </w><w c5="CJS" hw="when" pos="CONJ">when </w><w c5="PNP" hw="you" pos="PRON">you </w><w c5="VVB" hw="walk" pos="VERB">walk </w><w c5="PRP" hw="in" pos="PREP">in </w><w c5="PNP" hw="it" pos="PRON">it</w><c c5="PUN">, </c><w c5="AT0" hw="a" pos="ART">a </w><w c5="AJ0" hw="red" pos="ADJ">red </w><w c5="NN1" hw="evening" pos="SUBST">evening </w><w c5="NN1-VVB" hw="dress" pos="SUBST">dress </w><w c5="VVN-VVD" hw="decorate" pos="VERB">decorated </w><w c5="PRP" hw="with" pos="PREP">with </w><w c5="AT0" hw="a" pos="ART">a </w><w c5="NN1" hw="swath" pos="SUBST">swath </w><w c5="PRF" hw="of" pos="PREP">of </w><w c5="NN2" hw="flower" pos="SUBST">flowers </w><w c5="AJ0" hw="reminiscent" pos="ADJ">reminiscent </w><w c5="PRF" hw="of" pos="PREP">of </w><w c5="AT0" hw="the" pos="ART">the </w><w c5="NN1" hw="relief" pos="SUBST">relief </w><w c5="PRP" hw="on" pos="PREP">on </w><w c5="AT0" hw="a" pos="ART">a </w><w c5="NN1" hw="pavilion" pos="SUBST">pavilion </w><w c5="PRP" hw="in" pos="PREP">in </w><w c5="NP0" hw="moscow" pos="SUBST">Moscow</w><w c5="POS" hw="'s" pos="UNC">'s </w><w c5="AJ0-NN1" hw="stalin-era" pos="ADJ">Stalin-era </w><w c5="NN1" hw="exhibition" pos="SUBST">Exhibition </w><w c5="PRF" hw="of" pos="PREP">of </w><w c5="AJ0" hw="economic" pos="ADJ">Economic </w><w c5="NN2" hw="achievement" pos="SUBST">Achievements</w><c c5="PUN">.</c></s></p><p>
<s n="63"><w c5="AT0" hw="the" pos="ART">The </w><w c5="DT0" hw="latter" pos="ADJ">latter </w><w c5="NN1" hw="dress" pos="SUBST">dress </w><w c5="VVZ" hw="show" pos="VERB">shows </w><w c5="PNI" hw="something" pos="PRON">something </w><w c5="PRF" hw="of" pos="PREP">of </w><w c5="AT0" hw="the" pos="ART">the </w><w c5="NN1" hw="influence" pos="SUBST">influence </w><w c5="PRF" hw="of" pos="PREP">of </w><w c5="DPS" hw="she" pos="PRON">her </w><w c5="NN1" hw="education" pos="SUBST">education </w><w c5="PRP" hw="at" pos="PREP">at </w><w c5="AT0" hw="the" pos="ART">the </w><w c5="NP0" hw="moscow" pos="SUBST">Moscow </w><w c5="NN1" hw="institute" pos="SUBST">Institute </w><w c5="PRF" hw="of" pos="PREP">of </w><w c5="NN1" hw="architecture" pos="SUBST">Architecture </w><w c5="PRP" hw="in" pos="PREP">in </w><w c5="AT0" hw="the" pos="ART">the </w><w c5="AJ0" hw="early" pos="ADJ">early </w><w c5="CRD" hw="eighties" pos="ADJ">Eighties</w><c c5="PUN">: </c><c c5="PUQ">‘</c><w c5="PNP" hw="we" pos="PRON">We </w><w c5="VVD" hw="study" pos="VERB">studied </w><w c5="NN1" hw="sculpture" pos="SUBST">sculpture</w><c c5="PUN">, </c><w c5="NN0" hw="graphics" pos="SUBST">graphics </w><w c5="CJC" hw="and" pos="CONJ">and </w><w c5="NN1" hw="composition" pos="SUBST">composition </w><mw c5="PRP"><w c5="CJS" hw="as" pos="CONJ">as </w><w c5="AV0" hw="well" pos="ADV">well </w><w c5="CJS" hw="as" pos="CONJ">as </w></mw><w c5="NN1" hw="architecture" pos="SUBST">architecture</w><c c5="PUN">.</c></s>
<s n="64"><w c5="PNP" hw="it" pos="PRON">It </w><w c5="VBD" hw="be" pos="VERB">was </w><w c5="AT0" hw="a" pos="ART">a </w><w c5="AJ0" hw="good" pos="ADJ">good </w><w c5="NN1" hw="grounding" pos="SUBST">grounding </w><w c5="PRP" hw="for" pos="PREP">for </w><w c5="AT0" hw="an" pos="ART">an </w><w c5="NN1" hw="artist" pos="SUBST">artist</w><c c5="PUN">.</c><c c5="PUQ">’</c></s>
<s n="65"><w c5="NN2" hw="opportunity" pos="SUBST">Opportunities </w><w c5="TO0" hw="to" pos="PREP">to </w><w c5="VBI" hw="be" pos="VERB">be </w><w c5="AJ0" hw="creative" pos="ADJ">creative </w><w c5="PRP-CJS" hw="as" pos="PREP">as </w><w c5="AT0" hw="an" pos="ART">an </w><w c5="NN1" hw="architect" pos="SUBST">architect </w><w c5="VBB" hw="be" pos="VERB">are </w><w c5="VVN-AJ0" hw="limit" pos="VERB">limited</w><c c5="PUN">, </c><w c5="AV0" hw="so" pos="ADV">so </w><w c5="DT0" hw="many" pos="ADJ">many </w><w c5="VVB-NN1" hw="look" pos="VERB">look </w><w c5="PRP" hw="for" pos="PREP">for </w><w c5="AJ0" hw="other" pos="ADJ">other </w><w c5="AJ0" hw="artistic" pos="ADJ">artistic </w><w c5="NN2" hw="challenge" pos="SUBST">challenges</w><c c5="PUN">, </c><w c5="PNP" hw="she" pos="PRON">she </w><w c5="VVD" hw="explain" pos="VERB">explained</w><c c5="PUN">.</c></s></p><p>
<s n="66"><w c5="CJC" hw="but" pos="CONJ">But </w><w c5="DPS" hw="she" pos="PRON">her </w><w c5="AJ0" hw="main" pos="ADJ">main </w><w c5="NN1" hw="inspiration" pos="SUBST">inspiration </w><w c5="VBZ" hw="be" pos="VERB">is </w><w c5="AT0" hw="the" pos="ART">the </w><w c5="AJ0" hw="post-revolutionary" pos="ADJ">post-revolutionary </w><w c5="NN1" hw="school" pos="SUBST">school </w><w c5="PRF" hw="of" pos="PREP">of </w><w c5="NN1" hw="constructivist" pos="SUBST">constructivist </w><w c5="NN1" hw="art" pos="SUBST">art</w><c c5="PUN">.</c></s>
<s n="67"><w c5="DPS" hw="she" pos="PRON">Her </w><w c5="NN1" hw="idol" pos="SUBST">idol </w><w c5="VBZ" hw="be" pos="VERB">is </w><w c5="AT0" hw="the" pos="ART">the </w><w c5="CRD" hw="1920s" pos="ADJ">1920s </w><w c5="NN1" hw="artist" pos="SUBST">artist </w><w c5="NP0" hw="varvara" pos="SUBST">Varvara </w><w c5="NP0" hw="stepanova" pos="SUBST">Stepanova</w><c c5="PUN">, </c><w c5="DTQ" hw="whose" pos="PRON">whose </w><w c5="NN2" hw="clothes" pos="SUBST">clothes </w><w c5="NN2" hw="design" pos="SUBST">designs </w><w c5="PNP" hw="she" pos="PRON">she </w><w c5="VHZ" hw="have" pos="VERB">has </w><w c5="VVN" hw="reconstruct" pos="VERB">reconstructed </w><w c5="PRP" hw="for" pos="PREP">for </w><w c5="NN2" hw="museum" pos="SUBST">museums </w><w c5="CJC" hw="and" pos="CONJ">and </w><w c5="DTQ" hw="whose" pos="PRON">whose </w><w c5="NN1" hw="portrait" pos="SUBST">portrait</w><c c5="PUN">, </c><mw c5="PRP"><w c5="AVP" hw="along" pos="ADV">along </w><w c5="PRP" hw="with" pos="PREP">with </w></mw><w c5="DT0" hw="that" pos="ADJ">that </w><w c5="PRF" hw="of" pos="PREP">of </w><w c5="AT0" hw="the" pos="ART">the </w><w c5="AJ0" hw="revolutionary" pos="ADJ">revolutionary </w><w c5="NN1" hw="poet" pos="SUBST">poet </w><w c5="NP0" hw="mayakovsky" pos="SUBST">Mayakovsky</w><c c5="PUN">, </c><w c5="PNP" hw="she" pos="PRON">she </w><w c5="VHZ" hw="have" pos="VERB">has </w><w c5="VVN" hw="stitch" pos="VERB">stitched </w><mw c5="PRP"><w c5="AVP" hw="on" pos="ADV">on </w><w c5="PRP" hw="to" pos="PREP">to </w></mw><w c5="DT0" hw="another" pos="ADJ">another </w><w c5="PRF" hw="of" pos="PREP">of </w><w c5="DPS" hw="she" pos="PRON">her </w><w c5="DT0" hw="own" pos="ADJ">own </w><w c5="AJ0-NN1" hw="red" pos="ADJ">red </w><w c5="NN2" hw="dress" pos="SUBST">dresses</w><c c5="PUN">.</c></s></p><p>
<s n="68"><w c5="VVG" hw="develop" pos="VERB">Developing </w><w c5="AT0" hw="the" pos="ART">the </w><w c5="NN1" hw="constructivist" pos="SUBST">constructivist </w><w c5="NN1" hw="style" pos="SUBST">style</w><c c5="PUN">, </c><w c5="NP0" hw="ms" pos="SUBST">Ms </w><w c5="NP0" hw="khudiakova" pos="SUBST">Khudiakova</w><c c5="PUN">, </c><w c5="CRD" hw="31" pos="ADJ">31</w><c c5="PUN">, </c><w c5="VHZ" hw="have" pos="VERB">has </w><w c5="VVN" hw="create" pos="VERB">created </w><w c5="AJ0" hw="straight" pos="ADJ">straight </w><w c5="NN1" hw="cotton" pos="SUBST">cotton </w><w c5="NN2-VVZ" hw="dress" pos="SUBST">dresses </w><w c5="PRP" hw="with" pos="PREP">with </w><w c5="AJ0" hw="cog-wheel" pos="ADJ">cog-wheel </w><w c5="NN2" hw="pattern" pos="SUBST">patterns </w><w c5="PRP" hw="in" pos="PREP">in </w><w c5="AJ0" hw="primary" pos="ADJ">primary </w><w c5="NN2" hw="colour" pos="SUBST">colours</w><c c5="PUN">.</c></s>
<s n="69"><w c5="PNP" hw="she" pos="PRON">She </w><w c5="VHZ" hw="have" pos="VERB">has </w><w c5="AV0" hw="also" pos="ADV">also </w><w c5="VVN" hw="design" pos="VERB">designed </w><w c5="AJ0" hw="black-and-white" pos="ADJ">black-and-white </w><w c5="AJ0" hw="striped" pos="ADJ">striped </w><w c5="CJC" hw="or" pos="CONJ">or </w><w c5="VVD-AJ0" hw="chequer" pos="VERB">chequered </w><w c5="NN2" hw="dress" pos="SUBST">dresses</w><c c5="PUN">, </c><w c5="VVN" hw="inspire" pos="VERB">inspired </w><w c5="PRP" hw="by" pos="PREP">by </w><w c5="AT0" hw="the" pos="ART">the </w><w c5="NN2" hw="shadows" pos="SUBST">shadows </w><w c5="CJC" hw="and" pos="CONJ">and </w><w c5="AJ0" hw="dramatic" pos="ADJ">dramatic </w><w c5="NN2" hw="diagonal" pos="SUBST">diagonals </w><w c5="PRP" hw="in" pos="PREP">in </w><w c5="NP0" hw="eisenstein" pos="SUBST">Eisenstein</w><w c5="POS" hw="'s" pos="UNC">'s </w><w c5="NN2" hw="film" pos="SUBST">films</w><c c5="PUN">.</c></s>
<s n="70"><w c5="PNP" hw="she" pos="PRON">She </w><w c5="VVD" hw="model" pos="VERB">modelled </w><w c5="DT0" hw="these" pos="ADJ">these </w><w c5="PRP" hw="under" pos="PREP">under </w><w c5="AT0" hw="the" pos="ART">the </w><w c5="NN2" hw="chandelier" pos="SUBST">chandeliers </w><w c5="PRP" hw="in" pos="PREP">in </w><w c5="AT0" hw="the" pos="ART">the </w><w c5="AJ0" hw="grand" pos="ADJ">grand </w><w c5="NN1" hw="marble" pos="SUBST">marble </w><w c5="NN1" hw="foyer" pos="SUBST">foyer </w><w c5="PRF" hw="of" pos="PREP">of </w><w c5="CRD" hw="one" pos="ADJ">one </w><w c5="PRF" hw="of" pos="PREP">of </w><w c5="AT0" hw="the" pos="ART">the </w><w c5="CRD" hw="seven" pos="ADJ">seven </w><w c5="AJ0" hw="stalin-gothic" pos="ADJ">Stalin-gothic </w><w c5="NN2" hw="skyscraper" pos="SUBST">skyscrapers </w><w c5="PRP" hw="in" pos="PREP">in </w><w c5="NP0" hw="moscow" pos="SUBST">Moscow</w><c c5="PUN">, </c><w c5="DTQ" hw="which" pos="PRON">which </w><w c5="PNP" hw="she" pos="PRON">she </w><w c5="VVZ" hw="describe" pos="VERB">describes </w><w c5="PRP" hw="as" pos="PREP">as </w><c c5="PUQ">‘</c><w c5="AT0" hw="a" pos="ART">a </w><w c5="AJ0" hw="perfect" pos="ADJ">perfect </w><w c5="NN1" hw="example" pos="SUBST">example </w><w c5="PRF" hw="of" pos="PREP">of </w><w c5="AJ0" hw="soviet" pos="ADJ">Soviet </w><w c5="NN1" hw="pokazukha" pos="SUBST">pokazukha </w><c c5="PUL">(</c><w c5="NN1" hw="window-dressing" pos="SUBST">window-dressing</w><c c5="PUR">)</c><c c5="PUN">.</c></s>
<s n="71"><w c5="AT0" hw="the" pos="ART">The </w><mw c5="PRP"><w c5="PRP" hw="outside" pos="PREP">outside </w><w c5="PRF" hw="of" pos="PREP">of </w></mw><w c5="AT0" hw="the" pos="ART">the </w><w c5="NN1" hw="building" pos="SUBST">building </w><w c5="VBZ" hw="be" pos="VERB">is </w><w c5="AJ0" hw="splendid" pos="ADJ">splendid</w><c c5="PUN">, </c><w c5="CJC" hw="but" pos="CONJ">but </w><w c5="AT0" hw="the" pos="ART">the </w><w c5="NN2" hw="flat" pos="SUBST">flats </w><w c5="AV0" hw="inside" pos="ADV">inside </w><w c5="VBB" hw="be" pos="VERB">are </w><w c5="VVN-AJ0" hw="cramp" pos="VERB">cramped</w><c c5="PUN">.</c><c c5="PUQ">’</c></s></p><p>
<s n="72"><w c5="AVQ" hw="why" pos="ADV">Why </w><w c5="VBZ" hw="be" pos="VERB">is </w><w c5="PNP" hw="she" pos="PRON">she </w><w c5="VVN" hw="fascinate" pos="VERB">fascinated </w><w c5="PRP" hw="by" pos="PREP">by </w><w c5="AT0" hw="a" pos="ART">a </w><w c5="NN1" hw="style" pos="SUBST">style </w><w c5="VVN-VVD" hw="perfect" pos="VERB">perfected </w><w c5="PRP-AVP" hw="under" pos="PREP">under </w><w c5="AT0" hw="a" pos="ART">a </w><w c5="NN1" hw="dictator" pos="SUBST">dictator </w><w c5="DTQ" hw="whose" pos="PRON">whose </w><w c5="NN2" hw="crime" pos="SUBST">crimes </w><w c5="AT0" hw="the" pos="ART">the </w><w c5="AJ0" hw="soviet" pos="ADJ">Soviet </w><w c5="NN0" hw="people" pos="SUBST">people </w><w c5="VBB" hw="be" pos="VERB">are </w><w c5="AV0" hw="just" pos="ADV">just </w><w c5="VVG" hw="begin" pos="VERB">beginning </w><w c5="TO0" hw="to" pos="PREP">to </w><w c5="VVI" hw="understand" pos="VERB">understand</w><c c5="PUN">?</c></s>
<s n="73"><c c5="PUQ">‘</c><w c5="PNP" hw="i" pos="PRON">I </w><w c5="VVB" hw="know" pos="VERB">know </w><w c5="PNP" hw="it" pos="PRON">it </w><w c5="VBZ" hw="be" pos="VERB">is </w><w c5="AV0" hw="sometimes" pos="ADV">sometimes </w><w c5="AJ0" hw="ugly" pos="ADJ">ugly </w><w c5="CJC" hw="and" pos="CONJ">and </w><w c5="VHZ" hw="have" pos="VERB">has </w><w c5="AJ0" hw="bad" pos="ADJ">bad </w><w c5="AJ0" hw="political" pos="ADJ">political </w><w c5="NN2" hw="connotation" pos="SUBST">connotations</w><c c5="PUN">.</c></s>
<s n="74"><w c5="CJC" hw="but" pos="CONJ">But </w><w c5="PNP" hw="it" pos="PRON">it </w><w c5="VBZ" hw="be" pos="VERB">is </w><w c5="AJ0" hw="special" pos="ADJ">special</w><c c5="PUN">.</c></s>
<s n="75"><w c5="PNP" hw="you" pos="PRON">You </w><w c5="VM0" hw="will" pos="VERB">wo</w><w c5="XX0" hw="not" pos="ADV">n't </w><w c5="VVI" hw="find" pos="VERB">find </w><w c5="PNP" hw="it" pos="PRON">it </w><w c5="AV0" hw="anywhere" pos="ADV">anywhere </w><w c5="AV0" hw="else" pos="ADV">else </w><w c5="PRP" hw="in" pos="PREP">in </w><w c5="AT0" hw="the" pos="ART">the </w><w c5="NN1" hw="world" pos="SUBST">world </w><c c5="PUN">— </c><w c5="AT0" hw="the" pos="ART">the </w><w c5="NP0" hw="moscow" pos="SUBST">Moscow </w><w c5="NN1" hw="metro" pos="SUBST">metro </w><w c5="CJC" hw="or" pos="CONJ">or </w><w c5="AT0" hw="the" pos="ART">the </w><w c5="NN2" hw="board" pos="SUBST">boards </w><w c5="PRF" hw="of" pos="PREP">of </w><w c5="NN1" hw="honour" pos="SUBST">honour </w><c c5="PUL">(</c><w c5="NN2" hw="hoarding" pos="SUBST">hoardings </w><w c5="AVQ-CJS" hw="where" pos="ADV">where </w><w c5="NN2" hw="photo" pos="SUBST">photos </w><w c5="PRF" hw="of" pos="PREP">of </w><w c5="NN1" hw="model" pos="SUBST">model </w><w c5="NN2" hw="worker" pos="SUBST">workers </w><w c5="VBB" hw="be" pos="VERB">are </w><w c5="VVN" hw="display" pos="VERB">displayed</w><c c5="PUR">)</c><c c5="PUN">.</c></s>
<s n="76"><w c5="PNP" hw="i" pos="PRON">I</w><w c5="VBB" hw="be" pos="VERB">'m </w><w c5="VVG" hw="try" pos="VERB">trying </w><w c5="TO0" hw="to" pos="PREP">to </w><w c5="VVI" hw="make" pos="VERB">make </w><w c5="PNP" hw="it" pos="PRON">it </w><w c5="AV0" hw="more" pos="ADV">more </w><w c5="AJ0" hw="beautiful" pos="ADJ">beautiful </w><w c5="CJC" hw="and" pos="CONJ">and </w><w c5="VVB" hw="transform" pos="VERB">transform </w><w c5="PNP" hw="it" pos="PRON">it </w><w c5="PRP" hw="into" pos="PREP">into </w><w c5="AT0" hw="the" pos="ART">the </w><w c5="NN1" hw="language" pos="SUBST">language </w><w c5="PRF" hw="of" pos="PREP">of </w><w c5="NN2" hw="clothes" pos="SUBST">clothes</w><c c5="PUN">.</c></s></p><p>
<s n="77"><c c5="PUQ">‘</c><w c5="NN1" hw="ideology" pos="SUBST">Ideology </w><w c5="VBZ" hw="be" pos="VERB">is </w><w c5="CRD" hw="one" pos="ADJ">one </w><w c5="NN1" hw="thing" pos="SUBST">thing</w><c c5="PUN">, </c><w c5="CJC" hw="but" pos="CONJ">but </w><w c5="PNP" hw="it" pos="PRON">it </w><w c5="VBZ" hw="be" pos="VERB">is </w><w c5="AJ0" hw="possible" pos="ADJ">possible </w><w c5="TO0" hw="to" pos="PREP">to </w><w c5="VVI" hw="enjoy" pos="VERB">enjoy </w><w c5="AT0" hw="a" pos="ART">a </w><w c5="AJ0" hw="visual" pos="ADJ">visual </w><w c5="NN1" hw="impression" pos="SUBST">impression </w><w c5="PRP" hw="without" pos="PREP">without </w><w c5="NN1" hw="thinking" pos="SUBST">thinking </w><w c5="PRF" hw="of" pos="PREP">of </w><w c5="NN1" hw="history" pos="SUBST">history</w><c c5="PUN">.</c></s>
<s n="78"><w c5="NN1" hw="art" pos="SUBST">Art </w><w c5="VBZ" hw="be" pos="VERB">is </w><w c5="AJC" hw="high" pos="ADJ">higher </w><w c5="CJS" hw="than" pos="CONJ">than </w><w c5="NN1" hw="politics" pos="SUBST">politics</w><c c5="PUN">.</c><c c5="PUQ">’</c></s></p><p>
<s n="79"><w c5="PNP" hw="she" pos="PRON">She </w><w c5="VBZ" hw="be" pos="VERB">is </w><w c5="XX0" hw="not" pos="ADV">not </w><w c5="AT0" hw="a" pos="ART">a </w><w c5="NN1" hw="member" pos="SUBST">member </w><w c5="PRF" hw="of" pos="PREP">of </w><w c5="AT0" hw="the" pos="ART">the </w><w c5="AJ0" hw="communist" pos="ADJ">Communist </w><w c5="NN1" hw="party" pos="SUBST">Party</w><c c5="PUN">.</c></s></p><p>
<s n="80"><w c5="AT0" hw="a" pos="ART">A </w><w c5="NN1" hw="sense" pos="SUBST">sense </w><w c5="PRF" hw="of" pos="PREP">of </w><w c5="NN1" hw="humour" pos="SUBST">humour </w><w c5="VVZ" hw="redeem" pos="VERB">redeems </w><w c5="DPS" hw="she" pos="PRON">her </w><w c5="NN2" hw="design" pos="SUBST">designs </w><w c5="PRP" hw="from" pos="PREP">from </w><w c5="DT0" hw="some" pos="ADJ">some </w><w c5="PRF" hw="of" pos="PREP">of </w><w c5="DPS" hw="they" pos="PRON">their </w><w c5="NN2" hw="association" pos="SUBST">associations</w><c c5="PUN">.</c></s>
<s n="81"><c c5="PUQ">‘</c><w c5="NN1-VVB" hw="fashion" pos="SUBST">Fashion </w><w c5="VBZ" hw="be" pos="VERB">is </w><w c5="AJ0" hw="extravagant" pos="ADJ">extravagant</w><c c5="PUN">.</c></s>
<s n="82"><w c5="PNP" hw="you" pos="PRON">You </w><w c5="VM0" hw="should" pos="VERB">should </w><w c5="VVI" hw="enjoy" pos="VERB">enjoy </w><w c5="PNX" hw="yourself" pos="PRON">yourself</w><c c5="PUN">.</c></s>
<s n="83"><w c5="DT0" hw="this" pos="ADJ">This </w><w c5="VBZ" hw="be" pos="VERB">is </w><w c5="XX0" hw="not" pos="ADV">not </w><w c5="NN1" hw="satire" pos="SUBST">satire</w><c c5="PUN">, </c><w c5="CJC" hw="but" pos="CONJ">but </w><w c5="EX0" hw="there" pos="PRON">there </w><w c5="VBZ" hw="be" pos="VERB">is </w><w c5="AT0" hw="an" pos="ART">an </w><w c5="NN1" hw="element" pos="SUBST">element </w><w c5="PRF" hw="of" pos="PREP">of </w><w c5="AT0" hw="a" pos="ART">a </w><w c5="NN1" hw="joke" pos="SUBST">joke</w><c c5="PUN">.</c><c c5="PUQ">’</c></s>
<s n="84"><w c5="PNP" hw="she" pos="PRON">She </w><w c5="VVZ" hw="indicate" pos="VERB">indicates </w><w c5="AT0" hw="a" pos="ART">a </w><w c5="NN1" hw="necklace" pos="SUBST">necklace </w><w c5="VVD" hw="make" pos="VERB">made </w><w c5="AVP" hw="up" pos="ADV">up </w><w c5="PRF" hw="of" pos="PREP">of </w><w c5="AJ0" hw="military" pos="ADJ">military </w><w c5="NN1" hw="insignia" pos="SUBST">insignia </w><w c5="TO0" hw="to" pos="PREP">to </w><w c5="VVI" hw="illustrate" pos="VERB">illustrate </w><w c5="DPS" hw="she" pos="PRON">her </w><w c5="NN1" hw="point" pos="SUBST">point</w><c c5="PUN">.</c></s>
<s n="85"><w c5="PNI" hw="one" pos="PRON">One </w><w c5="VM0" hw="can" pos="VERB">can </w><w c5="VVI" hw="imagine" pos="VERB">imagine </w><w c5="AT0" hw="a" pos="ART">a </w><w c5="AJ0" hw="soviet" pos="ADJ">Soviet </w><w c5="NN1" hw="general" pos="SUBST">general </w><w c5="VVG" hw="fume" pos="VERB">fuming </w><w c5="TO0" hw="to" pos="PREP">to </w><w c5="VVI" hw="see" pos="VERB">see </w><w c5="PNP" hw="it" pos="PRON">it </w><w c5="AVP-PRP" hw="around" pos="ADV">around </w><w c5="DPS" hw="she" pos="PRON">her </w><w c5="NN1" hw="neck" pos="SUBST">neck</w><c c5="PUN">.</c></s></p><p>
<s n="86"><w c5="DPS" hw="she" pos="PRON">Her </w><w c5="NN2" hw="clothes" pos="SUBST">clothes </w><w c5="VBB" hw="be" pos="VERB">are </w><w c5="AJ0" hw="extravagant" pos="ADJ">extravagant </w><w c5="CJC" hw="but" pos="CONJ">but </w><w c5="XX0" hw="not" pos="ADV">not </w><w c5="PRP" hw="beyond" pos="PREP">beyond </w><w c5="AT0" hw="the" pos="ART">the </w><w c5="NN0" hw="means" pos="SUBST">means </w><w c5="PRF" hw="of" pos="PREP">of</w><c c5="PUN">, </c><w c5="VVB" hw="say" pos="VERB">say</w><c c5="PUN">, </c><w c5="AJ0" hw="russian" pos="ADJ">Russian </w><w c5="NN2" hw="star" pos="SUBST">stars </w><w c5="PRF" hw="of" pos="PREP">of </w><w c5="NN1" hw="stage" pos="SUBST">stage </w><w c5="CJC" hw="and" pos="CONJ">and </w><w c5="NN1-VVB" hw="screen" pos="SUBST">screen</w><c c5="PUN">.</c></s>
<s n="87"><w c5="AT0" hw="the" pos="ART">The </w><w c5="AJ0" hw="red" pos="ADJ">red </w><w c5="NN1" hw="silk" pos="SUBST">silk </w><w c5="NN1" hw="skirt" pos="SUBST">skirt </w><w c5="PRP" hw="with" pos="PREP">with </w><w c5="NN2" hw="worker" pos="SUBST">workers</w><w c5="POS" hw="'" pos="UNC">' </w><w c5="NN2" hw="head" pos="SUBST">heads </w><w c5="CJC" hw="and" pos="CONJ">and </w><w c5="AT0" hw="a" pos="ART">a </w><w c5="NN1-AJ0" hw="gold" pos="SUBST">gold </w><w c5="NN1" hw="top" pos="SUBST">top </w><w c5="CJT" hw="that" pos="CONJ">that </w><w c5="VVZ" hw="go" pos="VERB">goes </w><w c5="PRP" hw="with" pos="PREP">with </w><w c5="PNP" hw="it" pos="PRON">it</w><c c5="PUN">, </c><w c5="AV0" hw="both" pos="ADV">both </w><w c5="VVN" hw="cut" pos="VERB">cut </w><w c5="PRP" hw="from" pos="PREP">from </w><w c5="NN1" hw="silk" pos="SUBST">silk </w><w c5="VVN-VVD" hw="buy" pos="VERB">bought </w><w c5="PRP" hw="in" pos="PREP">in </w><w c5="AJ0" hw="soviet" pos="ADJ">Soviet </w><w c5="AJ0" hw="central" pos="ADJ">Central </w><w c5="NP0" hw="asia" pos="SUBST">Asia</w><c c5="PUN">, </c><w c5="VM0" hw="would" pos="VERB">would </w><w c5="VVI" hw="cost" pos="VERB">cost </w><w c5="AV0" hw="about" pos="ADV">about </w><w c5="CRD" hw="1,000" pos="ADJ">1,000 </w><w c5="NN2" hw="rouble" pos="SUBST">roubles </w><c c5="PUL">(</c><w c5="AT0" hw="the" pos="ART">the </w><w c5="AJ0" hw="average" pos="ADJ">average </w><w c5="AJ0" hw="soviet" pos="ADJ">Soviet </w><w c5="NN1" hw="wage" pos="SUBST">wage </w><w c5="VBZ" hw="be" pos="VERB">is </w><w c5="CRD" hw="200" pos="ADJ">200 </w><w c5="NN2" hw="rouble" pos="SUBST">roubles </w><w c5="AT0" hw="a" pos="ART">a </w><w c5="NN1" hw="month" pos="SUBST">month</w><c c5="PUR">) </c><w c5="CJC" hw="or" pos="CONJ">or </w><w c5="NN0" hw="£700" pos="UNC">£700 </w><w c5="PRP" hw="in" pos="PREP">in </w><w c5="NP0" hw="london" pos="SUBST">London</w><c c5="PUN">.</c></s></p><p>
<s n="88"><w c5="NP0" hw="ms" pos="SUBST">Ms </w><w c5="NP0" hw="khudiakova" pos="SUBST">Khudiakova </w><w c5="AV0" hw="also" pos="ADV">also </w><w c5="VVZ" hw="provide" pos="VERB">provides </w><w c5="NN2" hw="sketch" pos="SUBST">sketches </w><w c5="PRP" hw="for" pos="PREP">for </w><w c5="NP0" hw="dom" pos="SUBST">Dom </w><w c5="NP0" hw="modi" pos="SUBST">Modi</w><c c5="PUN">, </c><w c5="AT0" hw="the" pos="ART">the </w><w c5="NN1" hw="state" pos="SUBST">state </w><w c5="NN1" hw="fashion" pos="SUBST">fashion </w><w c5="NN1" hw="house" pos="SUBST">house </w><w c5="DTQ" hw="which" pos="PRON">which </w><w c5="NN1" hw="mass" pos="SUBST">mass </w><w c5="VVZ" hw="produce" pos="VERB">produces </w><w c5="NN2" hw="clothes" pos="SUBST">clothes</w><c c5="PUN">.</c></s>
<s n="89"><c c5="PUQ">‘</c><w c5="PNP" hw="i" pos="PRON">I </w><w c5="VVB" hw="design" pos="VERB">design </w><w c5="DTQ" hw="what" pos="PRON">what </w><w c5="VVZ" hw="please" pos="VERB">pleases </w><w c5="PNP" hw="i" pos="PRON">me </w><w c5="CJC" hw="and" pos="CONJ">and </w><w c5="CJS" hw="if" pos="CONJ">if </w><w c5="NN2" hw="customer" pos="SUBST">customers </w><w c5="PRP" hw="like" pos="PREP">like </w><w c5="PNP" hw="it" pos="PRON">it </w><w c5="DT0" hw="that" pos="ADJ">that</w><w c5="VBZ" hw="be" pos="VERB">'s </w><w c5="AJ0" hw="fine" pos="ADJ">fine</w><c c5="PUQ">’</c><c c5="PUN">.</c></s></p><p>
<s n="90"><w c5="VVN" hw="ask" pos="VERB">Asked </w><w c5="DTQ" hw="what" pos="PRON">what </w><w c5="PNP" hw="she" pos="PRON">she </w><w c5="VVD" hw="think" pos="VERB">thought </w><w c5="PRF" hw="of" pos="PREP">of </w><w c5="NP0" hw="slava" pos="SUBST">Slava </w><w c5="NP0" hw="zaitsev" pos="SUBST">Zaitsev</w><c c5="PUN">, </c><w c5="AT0" hw="the" pos="ART">the </w><w c5="NN1" hw="man" pos="SUBST">man </w><w c5="PNQ" hw="who" pos="PRON">who </w><w c5="VHZ" hw="have" pos="VERB">has </w><w c5="VVN" hw="dress" pos="VERB">dressed </w><w c5="AJ0" hw="rich" pos="ADJ">rich </w><w c5="AJ0" hw="soviet" pos="ADJ">Soviet </w><w c5="NN2" hw="woman" pos="SUBST">women </w><w c5="CJC" hw="and" pos="CONJ">and </w><w c5="NN2" hw="diplomat" pos="SUBST">diplomats</w><w c5="POS" hw="'" pos="UNC">' </w><w c5="NN2" hw="wife" pos="SUBST">wives </w><w c5="CJS-PRP" hw="since" pos="CONJ">since </w><w c5="AT0" hw="the" pos="ART">the </w><w c5="NP0" hw="brezhnev" pos="SUBST">Brezhnev </w><w c5="NN1" hw="era" pos="SUBST">era </w><w c5="CJC" hw="and" pos="CONJ">and </w><w c5="AT0" hw="the" pos="ART">the </w><w c5="AJ0" hw="only" pos="ADJ">only </w><w c5="AJ0" hw="soviet" pos="ADJ">Soviet </w><w c5="NN1" hw="fashion" pos="SUBST">fashion </w><w c5="NN1" hw="designer" pos="SUBST">designer </w><w c5="AV0" hw="well" pos="ADV">well </w><w c5="VVN" hw="know" pos="VERB">known </w><w c5="PRP" hw="in" pos="PREP">in </w><w c5="AT0" hw="the" pos="ART">the </w><w c5="NN1" hw="west" pos="SUBST">West</w><c c5="PUN">, </c><w c5="PNP" hw="she" pos="PRON">she </w><w c5="VVD" hw="curl" pos="VERB">curled </w><w c5="AVP" hw="up" pos="ADV">up </w><w c5="DPS" hw="she" pos="PRON">her </w><w c5="NN1" hw="nose" pos="SUBST">nose</w><c c5="PUN">.</c></s>
<s n="91"><w c5="PNP" hw="it" pos="PRON">It </w><w c5="VVZ" hw="seem" pos="VERB">seems </w><w c5="NP0" hw="mr" pos="SUBST">Mr </w><w c5="NP0" hw="zaitsev" pos="SUBST">Zaitsev </w><w c5="VM0" hw="may" pos="VERB">may </w><w c5="VBI" hw="be" pos="VERB">be </w><w c5="AVP" hw="about" pos="ADV">about </w><w c5="TO0" hw="to" pos="PREP">to </w><w c5="VVI" hw="lose" pos="VERB">lose </w><w c5="DPS" hw="he" pos="PRON">his </w><w c5="NN1" hw="monopoly" pos="SUBST">monopoly </w><w c5="PRP" hw="on" pos="PREP">on </w><w c5="NN1" hw="fame" pos="SUBST">fame</w><c c5="PUN">.</c></s></p></div></wtext></bncDoc>
