<bncDoc xml:id="A84"><teiHeader><fileDesc><titleStmt><title>  The Guardian, electronic edition of 1989-11-11: Religious affairs stories. Sample containing about 390 words from a periodical (domain: belief and thought) </title><respStmt><resp> Data capture and transcription </resp><name> Oxford University Press </name> </respStmt></titleStmt><editionStmt><edition>BNC XML Edition, December 2006</edition></editionStmt><extent> 390 tokens; 397 w-units; 29 s-units </extent><publicationStmt><distributor>Distributed under licence by Oxford University Computing Services on behalf of the BNC Consortium.</distributor><availability> This material is protected by international copyright laws and may not be copied or redistributed in any way. Consult the BNC Web Site at http://www.natcorp.ox.ac.uk for full licencing and distribution conditions.</availability><idno type="bnc">A84</idno><idno type="old"> GbBeli </idno></publicationStmt><sourceDesc><bibl><title>The Guardian, electronic edition of 1989-11-11: Religious affairs stories.</title> <imprint n="GUARDI1"><publisher>Guardian Newspapers Ltd</publisher> <pubPlace>London</pubPlace> <date value="1989">1989</date> </imprint> </bibl></sourceDesc></fileDesc><encodingDesc><tagsDecl><namespace name=""><tagUsage gi="c" occurs="71"/><tagUsage gi="div" occurs="1"/><tagUsage gi="head" occurs="2"/><tagUsage gi="mw" occurs="6"/><tagUsage gi="p" occurs="10"/><tagUsage gi="s" occurs="29"/><tagUsage gi="w" occurs="397"/></namespace></tagsDecl></encodingDesc><profileDesc><creation date="1989"> </creation><textClass><catRef targets="alltim3 news  wriase0  wridom8   wrista3 "/><classCode scheme="DLEE">W newsp brdsht nat: misc</classCode><keywords><term> (none) </term></keywords></textClass></profileDesc><revisionDesc><change date="2006-10-21" who="#OUCS">Tag usage updated for BNC-XML</change><change date="2000-12-13" who="#OUCS">Last check for BNC World first release</change><change date="2000-09-06" who="#OUCS">Redo tagusage tables</change><change date="2000-09-01" who="#OUCS">Check all tagcounts</change><change date="2000-06-23" who="#OUCS">Resequenced s-units and added headers</change><change date="2000-01-21" who="#OUCS">Added date info</change><change date="2000-01-09" who="#OUCS">Updated all catrefs</change><change date="2000-01-08" who="#OUCS">Updated source title</change><change date="2000-01-08" who="#OUCS">Updated titles</change><change date="1999-12-25" who="#OUCS">corrected tagUsage</change><change date="1999-09-13" who="#UCREL">POS codes revised for BNC-2; header updated</change><change date="1994-11-24" who="#dominic">Initial accession to corpus</change></revisionDesc></teiHeader>
<wtext type="NEWS"><div level="1" n="10-NOV-89 edition, page 005"><head type="MAIN">
<s n="1"><w c5="NN2" hw="letter" pos="SUBST">Letters</w><c c5="PUN">.</c></s></head><head type="BYLINE">
<s n="2"><w c5="PRP" hw="by" pos="PREP">By </w><w c5="NP0" hw="peter" pos="SUBST">PETER </w><w c5="NP0" hw="stanford" pos="SUBST">STANFORD </w><w c5="VBZ" hw="be" pos="VERB">is </w><w c5="AJ0" hw="right" pos="ADJ">right </w><w c5="PRP" hw="in" pos="PREP">in </w><w c5="VVG" hw="maintain" pos="VERB">maintaining </w><c c5="PUL">(</c><w c5="NN1" hw="weekend" pos="SUBST">Weekend </w><w c5="NN1" hw="guardian" pos="SUBST">Guardian</w><c c5="PUN">, </c><w c5="NP0" hw="november" pos="SUBST">November </w><w c5="CRD" hw="4" pos="ADJ">4</w><c c5="PUR">) </c><w c5="CJT" hw="that" pos="CONJ">that </w><w c5="NP0" hw="graham" pos="SUBST">Graham </w><w c5="NP0" hw="greene" pos="SUBST">Greene </w><w c5="VBZ" hw="be" pos="VERB">is </w><w c5="XX0" hw="not" pos="ADV">not </w><w c5="AJ0" hw="alone" pos="ADJ">alone </w><w c5="PRP" hw="in" pos="PREP">in </w><w c5="VVG" hw="call" pos="VERB">calling </w><w c5="PNX" hw="himself" pos="PRON">himself </w><w c5="AT0" hw="a" pos="ART">a </w><c c5="PUQ">‘</c><w c5="AJ0" hw="catholic" pos="ADJ">Catholic </w><w c5="NN1" hw="agnostic" pos="SUBST">agnostic</w><c c5="PUQ">’</c><c c5="PUN">.</c></s>
<s n="3"><w c5="AT0" hw="an" pos="ART">An </w><w c5="AJC" hw="early" pos="ADJ">earlier </w><w c5="NN1" hw="thinker" pos="SUBST">thinker </w><w c5="PNQ" hw="who" pos="PRON">who </w><w c5="VVD" hw="decline" pos="VERB">declined </w><w c5="TO0" hw="to" pos="PREP">to </w><w c5="VVI" hw="see" pos="VERB">see </w><w c5="DT0" hw="any" pos="ADJ">any </w><w c5="AJ0" hw="mutual" pos="ADJ">mutual </w><w c5="NN1" hw="contradiction" pos="SUBST">contradiction </w><w c5="PRP" hw="between" pos="PREP">between </w><w c5="AJ0" hw="similar" pos="ADJ">similar </w><w c5="NN2" hw="term" pos="SUBST">terms </w><w c5="VBD" hw="be" pos="VERB">was </w><w c5="NP0" hw="leslie" pos="SUBST">Leslie </w><w c5="NP0" hw="weatherhead" pos="SUBST">Weatherhead</w><c c5="PUN">, </c><w c5="NN1" hw="psychologist" pos="SUBST">psychologist </w><w c5="CJC" hw="and" pos="CONJ">and </w><w c5="NN1" hw="cleric" pos="SUBST">cleric</w><c c5="PUN">, </c><w c5="PNQ" hw="who" pos="PRON">who </w><w c5="VVD" hw="publish" pos="VERB">published </w><w c5="DPS" hw="he" pos="PRON">his </w><w c5="NN1" hw="creed" pos="SUBST">Creed </w><w c5="PRF" hw="of" pos="PREP">of </w><w c5="AT0" hw="a" pos="ART">a </w><w c5="AJ0" hw="christian" pos="ADJ">Christian </w><w c5="NN1" hw="agnostic" pos="SUBST">Agnostic</w><c c5="PUN">.</c></s></head><p>
<s n="4"><w c5="NP0" hw="weatherhead" pos="SUBST">Weatherhead </w><w c5="VBD" hw="be" pos="VERB">was </w><w c5="AJ0" hw="honest" pos="ADJ">honest </w><w c5="AV0" hw="enough" pos="ADV">enough </w><w c5="TO0" hw="to" pos="PREP">to </w><w c5="VVI" hw="realise" pos="VERB">realise </w><w c5="CJT" hw="that" pos="CONJ">that </w><w c5="EX0" hw="there" pos="PRON">there </w><w c5="VBB" hw="be" pos="VERB">are </w><w c5="DT0" hw="many" pos="ADJ">many </w><w c5="NN2" hw="aspect" pos="SUBST">aspects </w><w c5="PRF" hw="of" pos="PREP">of </w><w c5="NN1" hw="religion" pos="SUBST">religion </w><w c5="PRP" hw="about" pos="PREP">about </w><w c5="DTQ" hw="which" pos="PRON">which </w><w c5="PNI" hw="one" pos="PRON">one </w><w c5="VHZ" hw="have" pos="VERB">has </w><w c5="TO0" hw="to" pos="PREP">to </w><w c5="VVI" hw="remain" pos="VERB">remain </w><w c5="AJ0" hw="uncertain" pos="ADJ">uncertain</w><c c5="PUN">, </c><mw c5="AV0"><w c5="DT0" hw="that" pos="ADJ">that </w><w c5="VBZ" hw="be" pos="VERB">is</w></mw><c c5="PUN">, </c><w c5="NN1-AJ0" hw="agnostic" pos="SUBST">agnostic</w><c c5="PUN">.</c></s>
<s n="5"><w c5="DT0" hw="these" pos="ADJ">These </w><c c5="PUQ">‘</c><w c5="AJ0" hw="difficult" pos="ADJ">difficult</w><c c5="PUQ">’ </c><w c5="NN2" hw="area" pos="SUBST">areas </w><w c5="VM0" hw="will" pos="VERB">will </w><w c5="VVI" hw="vary" pos="VERB">vary </w><w c5="PRP" hw="from" pos="PREP">from </w><w c5="CRD" hw="one" pos="ADJ">one </w><w c5="NN1-AJ0" hw="individual" pos="SUBST">individual </w><w c5="PRP" hw="to" pos="PREP">to </w><w c5="DT0" hw="another" pos="ADJ">another</w><c c5="PUN">.</c></s>
<s n="6"><w c5="PRP-CJS" hw="as" pos="PREP">As </w><w c5="AT0" hw="a" pos="ART">a </w><w c5="AJ0" hw="self-confessed" pos="ADJ">self-confessed </w><w c5="AJ0" hw="christian" pos="ADJ">Christian </w><w c5="NN1" hw="agnostic" pos="SUBST">agnostic </w><w c5="PNP" hw="he" pos="PRON">he </w><w c5="PNX" hw="himself" pos="PRON">himself</w><c c5="PUN">, </c><w c5="AV0" hw="however" pos="ADV">however</w><c c5="PUN">, </c><w c5="VBD" hw="be" pos="VERB">was </w><w c5="AJ0" hw="sure" pos="ADJ">sure </w><w c5="PRF" hw="of" pos="PREP">of </w><w c5="AT0" hw="a" pos="ART">a </w><w c5="NN1" hw="number" pos="SUBST">number </w><w c5="PRF" hw="of" pos="PREP">of </w><w c5="AT0" hw="the" pos="ART">the </w><w c5="AJ0" hw="major" pos="ADJ">major </w><w c5="NN2" hw="tenet" pos="SUBST">tenets </w><w c5="PRF" hw="of" pos="PREP">of </w><w c5="NN1" hw="christianity" pos="SUBST">Christianity</w><c c5="PUN">.</c></s></p><p>
<s n="7"><w c5="DPS" hw="he" pos="PRON">His </w><c c5="PUQ">‘</c><w c5="NN1" hw="creed" pos="SUBST">creed</w><c c5="PUQ">’ </c><w c5="VVN" hw="claim" pos="VERB">claimed </w><c c5="PUL">(</c><mw c5="AV0"><w c5="PRP" hw="in" pos="PREP">in </w><w c5="NN1" hw="part" pos="SUBST">part</w></mw><c c5="PUR">)</c><c c5="PUN">: </c><c c5="PUQ">‘</c><w c5="PNP" hw="i" pos="PRON">I </w><w c5="VVB" hw="believe" pos="VERB">believe </w><w c5="CJT" hw="that" pos="CONJ">that </w><w c5="NP0" hw="god" pos="SUBST">God </w><w c5="VVZ" hw="exist" pos="VERB">exists</w><c c5="PUN">…</c></s>
<s n="8"><w c5="PNP" hw="i" pos="PRON">I </w><w c5="VVB" hw="believe" pos="VERB">believe </w><w c5="EX0" hw="there" pos="PRON">there </w><w c5="VBZ" hw="be" pos="VERB">is </w><w c5="NN1" hw="mind" pos="SUBST">mind </w><w c5="PRP" hw="behind" pos="PREP">behind </w><w c5="AT0" hw="the" pos="ART">the </w><w c5="NN1" hw="universe" pos="SUBST">universe</w><c c5="PUN">…</c></s>
<s n="9"><w c5="DT0" hw="such" pos="ADJ">Such </w><w c5="AT0" hw="a" pos="ART">a </w><w c5="NN1" hw="mind" pos="SUBST">mind </w><w c5="VM0" hw="must" pos="VERB">must </w><w c5="VBI" hw="be" pos="VERB">be </w><w c5="NN1" hw="love" pos="SUBST">love </w><mw c5="CJS"><w c5="AV0" hw="rather" pos="ADV">rather </w><w c5="CJS" hw="than" pos="CONJ">than </w></mw><w c5="VVI" hw="hate" pos="VERB">hate</w><c c5="PUN">…</c></s>
<s n="10"><w c5="PNP" hw="i" pos="PRON">I </w><w c5="VVB" hw="believe" pos="VERB">believe </w><w c5="PRP" hw="in" pos="PREP">in </w><w c5="AT0" hw="the" pos="ART">the </w><w c5="NN1" hw="divinity" pos="SUBST">divinity </w><w c5="PRF" hw="of" pos="PREP">of </w><w c5="NP0" hw="christ" pos="SUBST">Christ</w><c c5="PUN">…</c></s>
<s n="11"><w c5="PNP" hw="i" pos="PRON">I </w><w c5="VVB" hw="believe" pos="VERB">believe </w><w c5="CJT" hw="that" pos="CONJ">that </w><w c5="NN1" hw="sin" pos="SUBST">sin </w><w c5="VBZ" hw="be" pos="VERB">is </w><w c5="AT0" hw="a" pos="ART">a </w><w c5="AJ0" hw="grisly" pos="ADJ">grisly </w><w c5="NN1" hw="fact" pos="SUBST">fact </w><w c5="PRP" hw="in" pos="PREP">in </w><w c5="AT0" hw="the" pos="ART">the </w><w c5="NN1" hw="world" pos="SUBST">world</w><c c5="PUN">…</c></s>
<s n="12"><w c5="PNP" hw="i" pos="PRON">I </w><w c5="VVB" hw="believe" pos="VERB">believe </w><w c5="CJT" hw="that" pos="CONJ">that </w><w c5="NP0" hw="god" pos="SUBST">God</w><w c5="POS" hw="'s" pos="UNC">'s </w><w c5="NN1" hw="forgiveness" pos="SUBST">forgiveness </w><w c5="VBZ" hw="be" pos="VERB">is </w><w c5="CRD" hw="one" pos="ADJ">one </w><w c5="PRF" hw="of" pos="PREP">of </w><w c5="AT0" hw="the" pos="ART">the </w><w c5="AV0" hw="most" pos="ADV">most </w><w c5="AJ0" hw="blessed" pos="ADJ">blessed </w><w c5="CJC" hw="and" pos="CONJ">and </w><w c5="AJ0" hw="therapeutic" pos="ADJ">therapeutic </w><w c5="NN2" hw="experience" pos="SUBST">experiences </w><w c5="CJC" hw="and" pos="CONJ">and </w><w c5="CJT" hw="that" pos="CONJ">that </w><w c5="PNP" hw="it" pos="PRON">it </w><w c5="VBZ" hw="be" pos="VERB">is </w><w c5="VVN" hw="offer" pos="VERB">offered </w><w c5="PRP" hw="to" pos="PREP">to </w><w c5="DT0" hw="all" pos="ADJ">all </w><w c5="PNQ" hw="who" pos="PRON">who </w><w c5="VVB" hw="seek" pos="VERB">seek </w><w c5="PNP" hw="it" pos="PRON">it</w><c c5="PUN">…</c></s>
<s n="13"><w c5="PNP" hw="i" pos="PRON">I </w><w c5="VVB" hw="believe" pos="VERB">believe </w><w c5="CJT" hw="that" pos="CONJ">that </w><w c5="DPS" hw="we" pos="PRON">our </w><w c5="NN1" hw="relationship" pos="SUBST">relationship </w><w c5="PRP" hw="with" pos="PREP">with </w><w c5="NP0" hw="god" pos="SUBST">God </w><w c5="VBZ" hw="be" pos="VERB">is </w><w c5="AT0" hw="the" pos="ART">the </w><w c5="AV0" hw="most" pos="ADV">most </w><w c5="AJ0" hw="important" pos="ADJ">important </w><w c5="NN1" hw="thing" pos="SUBST">thing </w><w c5="PRP" hw="in" pos="PREP">in </w><w c5="AT0" hw="the" pos="ART">the </w><w c5="NN1" hw="world" pos="SUBST">world</w><c c5="PUN">…</c></s>
<s n="14"><w c5="PNP" hw="i" pos="PRON">I </w><w c5="VVB" hw="believe" pos="VERB">believe </w><w c5="CJT" hw="that" pos="CONJ">that </w><w c5="DT0" hw="each" pos="ADJ">each </w><w c5="NN1" hw="individual" pos="SUBST">individual </w><w c5="VBZ" hw="be" pos="VERB">is </w><w c5="AJ0" hw="precious" pos="ADJ">precious </w><w c5="PRP" hw="to" pos="PREP">to </w><w c5="NP0" hw="god" pos="SUBST">God</w><c c5="PUN">.</c><c c5="PUQ">’</c></s></p><p>
<s n="15"><w c5="PRP" hw="within" pos="PREP">Within </w><w c5="DT0" hw="this" pos="ADJ">this </w><w c5="NN1" hw="creed" pos="SUBST">creed </w><w c5="VVB" hw="appear" pos="VERB">appear </w><w c5="AJ0" hw="supportive" pos="ADJ">supportive </w><w c5="AJ0" hw="rational" pos="ADJ">rational </w><w c5="NN2" hw="argument" pos="SUBST">arguments </w><w c5="CJC" hw="but" pos="CONJ">but </w><w c5="AV0" hw="also" pos="ADV">also </w><w c5="AJ0" hw="agnostic" pos="ADJ">agnostic </w><w c5="NN2" hw="admission" pos="SUBST">admissions</w><c c5="PUN">, </c><mw c5="PRP"><w c5="DT0" hw="such" pos="ADJ">such </w><w c5="PRP" hw="as" pos="PREP">as</w></mw><c c5="PUQ">‘</c><w c5="PNP" hw="i" pos="PRON">I </w><w c5="VM0" hw="can" pos="VERB">can </w><w c5="VVI" hw="understand" pos="VERB">understand </w><w c5="AV0" hw="little" pos="ADV">little </w><w c5="PRP" hw="about" pos="PREP">about </w><w c5="DT0" hw="that" pos="ADJ">that </w><w c5="NN1" hw="mind" pos="SUBST">mind</w><c c5="PUQ">’ </c><w c5="CJC" hw="and" pos="CONJ">and </w><c c5="PUQ">‘</c><w c5="PNP" hw="i" pos="PRON">I </w><w c5="VDB" hw="do" pos="VERB">do </w><w c5="XX0" hw="not" pos="ADV">not </w><w c5="VVI" hw="know" pos="VERB">know </w><w c5="DTQ" hw="what" pos="PRON">what </w><c c5="PUQ">‘</c><w c5="AJ0" hw="divine" pos="ADJ">divine</w><c c5="PUQ">’</c><w c5="NN0" hw="means" pos="SUBST">means</w><c c5="PUQ">’</c><c c5="PUN">.</c></s>
<s n="16"><w c5="PNP" hw="i" pos="PRON">I </w><w c5="VVB" hw="imagine" pos="VERB">imagine </w><w c5="CJT" hw="that" pos="CONJ">that </w><w c5="DT0" hw="many" pos="ADJ">many </w><w c5="AJ0" hw="honest" pos="ADJ">honest </w><w c5="NN0" hw="people" pos="SUBST">people </w><w c5="VM0" hw="would" pos="VERB">would </w><w c5="VVI" hw="sympathise" pos="VERB">sympathise </w><w c5="PRP" hw="with" pos="PREP">with </w><w c5="NP0" hw="weatherhead" pos="SUBST">Weatherhead </w><w c5="CJC" hw="and" pos="CONJ">and </w><w c5="AV0" hw="happily" pos="ADV">happily </w><w c5="VVB" hw="echo" pos="VERB">echo </w><w c5="DPS" hw="he" pos="PRON">his </w><w c5="AJ0-NN1" hw="final" pos="ADJ">final </w><w c5="NN1" hw="paragraph" pos="SUBST">paragraph</w><c c5="PUN">: </c><c c5="PUQ">‘</c><w c5="DT0" hw="all" pos="ADJ">All </w><w c5="DT0" hw="this" pos="ADJ">this </w><w c5="VVZ" hw="give" pos="VERB">gives </w><w c5="PNP" hw="i" pos="PRON">me </w><w c5="AV0" hw="as" pos="ADV">as </w><w c5="DT0" hw="much" pos="ADJ">much </w><w c5="CJS" hw="as" pos="CONJ">as </w><w c5="PNP" hw="i" pos="PRON">I </w><w c5="VVB" hw="need" pos="VERB">need</w><c c5="PUN">, </c><w c5="CJC" hw="and" pos="CONJ">and </w><w c5="VVZ" hw="seem" pos="VERB">seems </w><w c5="PRP" hw="to" pos="PREP">to </w><w c5="PNP" hw="i" pos="PRON">me </w><w c5="AT0" hw="the" pos="ART">the </w><w c5="AJ0" hw="essential" pos="ADJ">essential </w><w c5="NN1" hw="credo" pos="SUBST">credo </w><w c5="PRF" hw="of" pos="PREP">of </w><w c5="NN1" hw="christianity" pos="SUBST">Christianity</w><c c5="PUN">.</c></s>
<s n="17"><w c5="PRP" hw="about" pos="PREP">About </w><w c5="AT0" hw="the" pos="ART">the </w><w c5="NN1" hw="rest" pos="SUBST">rest </w><w c5="PNP" hw="i" pos="PRON">I </w><w c5="VBB" hw="be" pos="VERB">am </w><w c5="AJ0" hw="content" pos="ADJ">content </w><w c5="TO0" hw="to" pos="PREP">to </w><w c5="VBI" hw="be" pos="VERB">be </w><w c5="AJ0" hw="agnostic" pos="ADJ">agnostic</w><c c5="PUN">.</c><c c5="PUQ">’</c></s></p><p>
<s n="18"><w c5="NP0" hw="michael" pos="SUBST">Michael </w><w c5="NP0" hw="j.smith" pos="SUBST">J.Smith</w><c c5="PUN">.</c></s></p><p>
<s n="19"><w c5="NP0" hw="southampton" pos="SUBST">Southampton</w><c c5="PUN">.</c></s></p><p>
<s n="20"><w c5="PRP" hw="from" pos="PREP">FROM </w><w c5="DPS" hw="he" pos="PRON">HIS </w><w c5="ORD" hw="fifth" pos="ADJ">Fifth </w><w c5="NN1" hw="dimension" pos="SUBST">Dimension </w><w c5="NN1" hw="article" pos="SUBST">article</w><c c5="PUN">, </c><w c5="NP0" hw="peter" pos="SUBST">Peter </w><w c5="NP0" hw="stanford" pos="SUBST">Stanford </w><w c5="VVZ" hw="sound" pos="VERB">sounds </w><w c5="AV0" hw="even" pos="ADV">even </w><w c5="AV0" hw="further/far" pos="ADV">further </w><w c5="VVN" hw="burn" pos="VERB">burnt </w><w c5="AVP" hw="out" pos="ADV">out </w><w c5="CJS" hw="than" pos="CONJ">than </w><w c5="NP0" hw="graham" pos="SUBST">Graham </w><w c5="NP0" hw="greene" pos="SUBST">Greene </w><w c5="PNQ" hw="who" pos="PRON">who </w><w c5="VVZ" hw="continue" pos="VERB">continues </w><w c5="AJ0" hw="capable" pos="ADJ">capable </w><w c5="PRF" hw="of" pos="PREP">of </w><w c5="AJ0" hw="grim" pos="ADJ">grim </w><w c5="AJ0" hw="religious" pos="ADJ">religious </w><w c5="NN1" hw="fun" pos="SUBST">fun </w><w c5="AVQ-CJS" hw="when" pos="ADV">when </w><w c5="NN2" hw="opportunity" pos="SUBST">opportunities </w><w c5="VVB" hw="arise" pos="VERB">arise</w><c c5="PUN">.</c></s>
<s n="21"><w c5="AV0" hw="indeed" pos="ADV">Indeed</w><c c5="PUN">, </c><w c5="NP0" hw="greene" pos="SUBST">Greene</w><w c5="POS" hw="'s" pos="UNC">'s </w><w c5="AJS" hw="late" pos="ADJ">latest </w><w c5="NN2" hw="revelation" pos="SUBST">revelations </w><w c5="PRP" hw="about" pos="PREP">about </w><w c5="DPS" hw="he" pos="PRON">his </w><w c5="NN1" hw="faith-non-faith" pos="SUBST">faith-non-faith </w><w c5="VVB" hw="appear" pos="VERB">appear </w><w c5="AV0" hw="quite" pos="ADV">quite </w><w c5="AV0" hw="knowingly" pos="ADV">knowingly </w><w c5="AJ0" hw="hilarious" pos="ADJ">hilarious</w><c c5="PUN">.</c></s></p><p>
<s n="22"><w c5="EX0" hw="there" pos="PRON">There</w><w c5="VBZ" hw="be" pos="VERB">'s </w><w c5="DT0" hw="such" pos="ADJ">such </w><w c5="AJ0" hw="sad" pos="ADJ">sad </w><w c5="NN1" hw="unenthusiasm" pos="SUBST">unenthusiasm</w><c c5="PUN">, </c><w c5="PRP" hw="on" pos="PREP">on </w><w c5="AT0" hw="the" pos="ART">the </w><w c5="AJ0" hw="other" pos="ADJ">other </w><w c5="NN1" hw="hand" pos="SUBST">hand</w><c c5="PUN">, </c><w c5="PRP" hw="about" pos="PREP">about </w><w c5="AT0" hw="the" pos="ART">the </w><w c5="NN1" hw="way" pos="SUBST">way </w><w c5="NP0" hw="stanford" pos="SUBST">Stanford </w><w c5="VVZ" hw="confuse" pos="VERB">confuses </w><w c5="AJ0" hw="personal" pos="ADJ">personal </w><w c5="NN1" hw="doubt" pos="SUBST">doubt </w><w c5="PRP" hw="with" pos="PREP">with </w><w c5="AT0" hw="the" pos="ART">the </w><w c5="NN1" hw="existence" pos="SUBST">existence </w><w c5="PRF" hw="of" pos="PREP">of </w><w c5="NN1" hw="mystery" pos="SUBST">mystery</w><c c5="PUN">, </c><mw c5="CJS"><w c5="PRP" hw="as" pos="PREP">as </w><w c5="CJS" hw="if" pos="CONJ">if </w></mw><w c5="PNI" hw="one" pos="PRON">one </w><w c5="VVZ" hw="engender" pos="VERB">engenders </w><w c5="AT0" hw="the" pos="ART">the </w><w c5="AJ0-NN1" hw="other" pos="ADJ">other</w><c c5="PUN">, </c><w c5="CJC" hw="and" pos="CONJ">and</w><c c5="PUN">, </c><w c5="PRP" hw="in" pos="PREP">in </w><w c5="VDG" hw="do" pos="VERB">doing </w><w c5="AV0" hw="so" pos="ADV">so</w><c c5="PUN">, </c><w c5="VM0" hw="must" pos="VERB">must </w><w c5="VBI" hw="be" pos="VERB">be </w><w c5="VVN" hw="assuage" pos="VERB">assuaged </w><w c5="PRP" hw="by" pos="PREP">by </w><w c5="NN1" hw="performance" pos="SUBST">performance </w><w c5="PRF" hw="of" pos="PREP">of </w><w c5="DT0" hw="some" pos="ADJ">some </w><w c5="AJ0" hw="farcical" pos="ADJ">farcical </w><w c5="NN2" hw="rite" pos="SUBST">rites</w><c c5="PUN">.</c></s>
<s n="23"><w c5="AVQ" hw="how" pos="ADV">How </w><w c5="AJ0" hw="boring" pos="ADJ">boring</w><c c5="PUN">!</c></s>
<s n="24"><w c5="AVQ" hw="how" pos="ADV">How </w><w c5="AJ0" hw="pointless" pos="ADJ">pointless</w><c c5="PUN">; </c><w c5="AV0" hw="precisely" pos="ADV">precisely</w><c c5="PUN">!</c></s>
<s n="25"><w c5="NN1" hw="prayer" pos="SUBST">Prayer</w><c c5="PUN">, </c><w c5="CJS" hw="whether" pos="CONJ">whether </w><w c5="VVN-AJ0" hw="dramatise" pos="VERB">dramatised </w><w c5="PRP" hw="in" pos="PREP">in </w><w c5="AT0" hw="a" pos="ART">a </w><w c5="NN1" hw="church" pos="SUBST">church </w><w c5="CJC" hw="or" pos="CONJ">or </w><w c5="XX0" hw="not" pos="ADV">not</w><c c5="PUN">, </c><w c5="AV0" hw="usually" pos="ADV">usually </w><w c5="VVZ" hw="go" pos="VERB">goes </w><w c5="PRP" hw="through" pos="PREP">through </w><w c5="AJ0" hw="futile-seeming" pos="ADJ">futile-seeming </w><w c5="NN2" hw="passage" pos="SUBST">passages</w><c c5="PUN">.</c></s>
<s n="26"><w c5="CJC" hw="but" pos="CONJ">But </w><mw c5="CJS"><w c5="AV0" hw="even" pos="ADV">even </w><w c5="CJS" hw="when" pos="CONJ">when </w></mw><w c5="AJ0" hw="extreme" pos="ADJ">extreme </w><w c5="CJC" hw="and" pos="CONJ">and </w><w c5="AJ0-VVN" hw="prolonged" pos="ADJ">prolonged</w><c c5="PUN">, </c><w c5="PNP" hw="they" pos="PRON">they </w><w c5="VHB" hw="have" pos="VERB">have </w><w c5="AT0" hw="a" pos="ART">a </w><w c5="AJ0" hw="strange" pos="ADJ">strange </w><w c5="NN1" hw="tickle" pos="SUBST">tickle </w><w c5="PRF" hw="of" pos="PREP">of </w><w c5="VVG-NN1" hw="mean" pos="VERB">meaning </w><w c5="PRP" hw="in" pos="PREP">in </w><w c5="PNP" hw="they" pos="PRON">them </w><w c5="DT0-CJT" hw="that" pos="ADJ">that </w><w c5="VVZ" hw="become" pos="VERB">becomes </w><w c5="DT0" hw="more" pos="ADJ">more </w><w c5="PRF" hw="of" pos="PREP">of </w><w c5="AT0" hw="a" pos="ART">a </w><w c5="NN1" hw="mystery" pos="SUBST">mystery </w><w c5="CJS-PRP" hw="as" pos="CONJ">as </w><w c5="NN1" hw="faith" pos="SUBST">faith </w><w c5="VVZ" hw="grow" pos="VERB">grows</w><c c5="PUN">.</c></s></p><p>
<s n="27"><w c5="NP0" hw="olive" pos="SUBST">Olive </w><w c5="NP0" hw="powell" pos="SUBST">Powell</w><c c5="PUN">.</c></s></p><p>
<s n="28"><w c5="NP0" hw="manchester" pos="SUBST">Manchester</w><c c5="PUN">.</c></s></p><p>
<s n="29"><w c5="DT0" hw="more" pos="ADJ">More </w><w c5="NN2" hw="letter" pos="SUBST">letters </w><w c5="NN1" hw="page" pos="SUBST">Page </w><w c5="CRD" hw="27" pos="ADJ">27</w></s></p></div></wtext></bncDoc>
