<bncDoc xml:id="A8S"><teiHeader><fileDesc><titleStmt><title>  The Guardian, electronic edition of 1989-12-07: Arts section. Sample containing about 1577 words from a periodical (domain: arts) </title><respStmt><resp> Data capture and transcription </resp><name> Oxford University Press </name> </respStmt></titleStmt><editionStmt><edition>BNC XML Edition, December 2006</edition></editionStmt><extent> 1577 tokens; 1623 w-units; 77 s-units </extent><publicationStmt><distributor>Distributed under licence by Oxford University Computing Services on behalf of the BNC Consortium.</distributor><availability> This material is protected by international copyright laws and may not be copied or redistributed in any way. Consult the BNC Web Site at http://www.natcorp.ox.ac.uk for full licencing and distribution conditions.</availability><idno type="bnc">A8S</idno><idno type="old"> GdArts </idno></publicationStmt><sourceDesc><bibl><title>The Guardian, electronic edition of 1989-12-07: Arts section.</title> <imprint n="GUARDI1"><publisher>Guardian Newspapers Ltd</publisher> <pubPlace>London</pubPlace> <date value="1989">1989</date> </imprint> </bibl></sourceDesc></fileDesc><encodingDesc><tagsDecl><namespace name=""><tagUsage gi="c" occurs="216"/><tagUsage gi="div" occurs="2"/><tagUsage gi="head" occurs="3"/><tagUsage gi="mw" occurs="18"/><tagUsage gi="p" occurs="24"/><tagUsage gi="s" occurs="77"/><tagUsage gi="w" occurs="1623"/></namespace></tagsDecl></encodingDesc><profileDesc><creation date="1989"> </creation><textClass><catRef targets="alltim3 news  wriase0  wridom7   wrista3 "/><classCode scheme="DLEE">W newsp brdsht nat: arts</classCode><keywords><term> (none) </term></keywords></textClass></profileDesc><revisionDesc><change date="2006-10-21" who="#OUCS">Tag usage updated for BNC-XML</change><change date="2000-12-13" who="#OUCS">Last check for BNC World first release</change><change date="2000-09-06" who="#OUCS">Redo tagusage tables</change><change date="2000-09-01" who="#OUCS">Check all tagcounts</change><change date="2000-06-23" who="#OUCS">Resequenced s-units and added headers</change><change date="2000-01-21" who="#OUCS">Added date info</change><change date="2000-01-09" who="#OUCS">Updated all catrefs</change><change date="2000-01-08" who="#OUCS">Updated source title</change><change date="2000-01-08" who="#OUCS">Updated titles</change><change date="1999-12-25" who="#OUCS">corrected tagUsage</change><change date="1999-09-13" who="#UCREL">POS codes revised for BNC-2; header updated</change><change date="1994-11-24" who="#dominic">Initial accession to corpus</change></revisionDesc></teiHeader>
<wtext type="NEWS"><div level="1" n="07-DEC-89 edition, page 28"><head type="MAIN">
<s n="1"><w c5="AT0" hw="a" pos="ART">A </w><w c5="NN1" hw="dragon" pos="SUBST">dragon </w><w c5="PRP" hw="without" pos="PREP">without </w><w c5="NN1" hw="fire" pos="SUBST">fire </w><w c5="NP0" hw="michael" pos="SUBST">Michael </w><w c5="NP0" hw="billington" pos="SUBST">Billington </w><w c5="VVZ" hw="miss" pos="VERB">misses </w><w c5="AT0" hw="the" pos="ART">the </w><w c5="NN1" hw="menace" pos="SUBST">menace </w><w c5="PRP" hw="in" pos="PREP">in </w><w c5="AT0" hw="the" pos="ART">the </w><w c5="NP0" hw="rsc" pos="SUBST">RSC</w><w c5="POS" hw="'s" pos="UNC">'s </w><w c5="NN1" hw="revival" pos="SUBST">revival </w><w c5="PRF" hw="of" pos="PREP">of </w><w c5="NP0" hw="shakespeare" pos="SUBST">Shakespeare</w><w c5="POS" hw="'s" pos="UNC">'s </w><w c5="AJS" hw="good" pos="ADJ">best </w><w c5="AJ0" hw="political" pos="ADJ">political </w><w c5="NN1" hw="play" pos="SUBST">play</w><c c5="PUN">.</c></s></head><p>
<s n="2"><w c5="PNP" hw="it" pos="PRON">IT </w><w c5="VBZ" hw="be" pos="VERB">is </w><w c5="CRD" hw="twelve" pos="ADJ">twelve </w><w c5="NN2" hw="year" pos="SUBST">years </w><w c5="PRP" hw="since" pos="PREP">since </w><w c5="AT0" hw="the" pos="ART">the </w><w c5="ORD" hw="last" pos="ADJ">last </w><w c5="NP0" hw="stratford" pos="SUBST">Stratford </w><w c5="NP0" hw="coriolanus" pos="SUBST">Coriolanus</w><c c5="PUN">: </c><w c5="AT0" hw="an" pos="ART">an </w><w c5="AJ0" hw="absurd" pos="ADJ">absurd </w><w c5="NN1" hw="neglect" pos="SUBST">neglect </w><w c5="PRF" hw="of" pos="PREP">of </w><w c5="NP0" hw="shakespeare" pos="SUBST">Shakespeare</w><w c5="POS" hw="'s" pos="UNC">'s </w><w c5="AJS" hw="good" pos="ADJ">best </w><w c5="AJ0" hw="political" pos="ADJ">political </w><w c5="NN1" hw="play" pos="SUBST">play</w><c c5="PUN">.</c></s>
<s n="3"><w c5="CJC" hw="but" pos="CONJ">But </w><w c5="AT0" hw="the" pos="ART">the </w><w c5="AJ0" hw="new" pos="ADJ">new </w><w c5="NN1" hw="production" pos="SUBST">production </w><w c5="PRP" hw="at" pos="PREP">at </w><w c5="AT0" hw="the" pos="ART">the </w><w c5="AJ0" hw="royal" pos="ADJ">Royal </w><w c5="NP0" hw="shakespeare" pos="SUBST">Shakespeare </w><w c5="NN1" hw="theatre" pos="SUBST">Theatre</w><c c5="PUN">, </c><w c5="VVN" hw="direct" pos="VERB">directed </w><w c5="PRP" hw="by" pos="PREP">by </w><w c5="NP0" hw="terry" pos="SUBST">Terry </w><w c5="NN2" hw="hand" pos="SUBST">Hands </w><w c5="CJC" hw="and" pos="CONJ">and </w><w c5="NP0" hw="john" pos="SUBST">John </w><w c5="NP0" hw="barton" pos="SUBST">Barton</w><c c5="PUN">, </c><w c5="VHZ" hw="have" pos="VERB">has </w><mw c5="AV0"><w c5="AT0" hw="a" pos="ART">a </w><w c5="NN1" hw="lot" pos="SUBST">lot </w></mw><w c5="VVG" hw="go" pos="VERB">going </w><w c5="PRP" hw="for" pos="PREP">for </w><w c5="PNP" hw="it" pos="PRON">it</w><c c5="PUN">.</c></s>
<s n="4"><w c5="NN1-VVB" hw="pace" pos="SUBST">Pace</w><c c5="PUN">.</c></s>
<s n="5"><w c5="NN1" hw="clarity" pos="SUBST">Clarity</w><c c5="PUN">.</c></s>
<s n="6"><w c5="AT0" hw="the" pos="ART">The </w><w c5="AJS" hw="good" pos="ADJ">best </w><w c5="NN1-NP0" hw="volumnia" pos="SUBST">Volumnia </w><w c5="PRP" hw="in" pos="PREP">in </w><w c5="NN2" hw="year" pos="SUBST">years </w><w c5="PRP" hw="from" pos="PREP">from </w><w c5="NP0" hw="barbara" pos="SUBST">Barbara </w><w c5="NP0" hw="jefford" pos="SUBST">Jefford</w><c c5="PUN">.</c></s>
<s n="7"><w c5="CJC" hw="but" pos="CONJ">But</w><c c5="PUN">, </c><w c5="PRP" hw="in" pos="PREP">in </w><w c5="AT0" hw="an" pos="ART">an </w><w c5="AJ0" hw="ideal" pos="ADJ">ideal </w><w c5="NN1" hw="world" pos="SUBST">world</w><c c5="PUN">, </c><w c5="PNI" hw="one" pos="PRON">one </w><w c5="VM0" hw="would" pos="VERB">would </w><w c5="VVI" hw="look" pos="VERB">look </w><w c5="PRP" hw="for" pos="PREP">for </w><w c5="AV0" hw="more" pos="ADV">more </w><w c5="AJ0" hw="dangerous" pos="ADJ">dangerous </w><w c5="NN1" hw="animalism" pos="SUBST">animalism </w><w c5="CJS" hw="than" pos="CONJ">than </w><w c5="PNI" hw="one" pos="PRON">one </w><w c5="VVZ" hw="get" pos="VERB">gets </w><w c5="PRP" hw="from" pos="PREP">from </w><w c5="NP0" hw="charles" pos="SUBST">Charles </w><w c5="NN1" hw="dance" pos="SUBST">Dance</w><w c5="POS" hw="'s" pos="UNC">'s </w><w c5="NN1" hw="coriolanus" pos="SUBST">Coriolanus </w><mw c5="AV0"><w c5="PRP" hw="in" pos="PREP">in </w><w c5="NN1" hw="order" pos="SUBST">order </w></mw><w c5="TO0" hw="to" pos="PREP">to </w><w c5="VVI" hw="sharpen" pos="VERB">sharpen </w><w c5="AT0" hw="the" pos="ART">the </w><w c5="NN1" hw="edge" pos="SUBST">edge </w><w c5="PRF" hw="of" pos="PREP">of </w><w c5="AJ0" hw="political" pos="ADJ">political </w><w c5="NN1" hw="debate" pos="SUBST">debate</w><c c5="PUN">.</c></s></p><p>
<s n="8"><w c5="DTQ" hw="what" pos="PRON">What </w><w c5="VVZ" hw="make" pos="VERB">makes </w><w c5="DT0" hw="this" pos="ADJ">this </w><w c5="DT0" hw="such" pos="ADJ">such </w><w c5="AT0" hw="a" pos="ART">a </w><w c5="AJ0" hw="great" pos="ADJ">great </w><w c5="NN1" hw="play" pos="SUBST">play </w><w c5="VBZ" hw="be" pos="VERB">is </w><w c5="NP0" hw="shakespeare" pos="SUBST">Shakespeare</w><w c5="POS" hw="'s" pos="UNC">'s </w><w c5="AJ0" hw="analytical" pos="ADJ">analytical </w><w c5="NN1" hw="power" pos="SUBST">power</w><c c5="PUN">: </c><w c5="CJS" hw="as" pos="CONJ">as </w><w c5="NP0" hw="john" pos="SUBST">John </w><w c5="NP0" hw="barton" pos="SUBST">Barton </w><w c5="AV0" hw="once" pos="ADV">once </w><w c5="VVN-VVD" hw="point" pos="VERB">pointed </w><w c5="AVP" hw="out" pos="ADV">out</w><c c5="PUN">, </c><w c5="NP0" hw="shakespeare" pos="SUBST">Shakespeare </w><w c5="VBZ" hw="be" pos="VERB">is </w><w c5="AV0" hw="neither" pos="ADV">neither </w><w c5="AJ0" hw="right-wing" pos="ADJ">right-wing </w><w c5="CJC" hw="nor" pos="CONJ">nor </w><w c5="AJ0" hw="left-wing" pos="ADJ">left-wing </w><w c5="CJC" hw="but" pos="CONJ">but </w><w c5="AV0" hw="wing-less" pos="ADV">wing-less</w><c c5="PUN">.</c></s>
<s n="9"><w c5="NN1-NP0" hw="coriolanus" pos="SUBST">Coriolanus </w><w c5="VBZ" hw="be" pos="VERB">is </w><w c5="VVN" hw="see" pos="VERB">seen </w><w c5="PRP" hw="as" pos="PREP">as </w><w c5="AT0" hw="a" pos="ART">a </w><w c5="AJ0" hw="magnificent" pos="ADJ">magnificent </w><w c5="NN1" hw="warrior" pos="SUBST">warrior</w><c c5="PUN">, </c><w c5="AT0" hw="a" pos="ART">a </w><w c5="AV0" hw="psychologically" pos="ADV">psychologically </w><w c5="VVN-AJ0" hw="damage" pos="VERB">damaged </w><w c5="AJ0-NN1" hw="mother-worshipper" pos="ADJ">mother-worshipper </w><w c5="CJC" hw="and" pos="CONJ">and </w><w c5="AT0" hw="a" pos="ART">a </w><w c5="AJ0" hw="potential" pos="ADJ">potential </w><w c5="NN1" hw="threat" pos="SUBST">threat </w><w c5="PRP" hw="to" pos="PREP">to </w><w c5="AT0" hw="an" pos="ART">an </w><w c5="AJ0" hw="evolving" pos="ADJ">evolving </w><w c5="NN1" hw="republic" pos="SUBST">republic</w><c c5="PUN">.</c></s>
<s n="10"><w c5="AT0" hw="the" pos="ART">The </w><w c5="NN0" hw="people" pos="SUBST">people</w><c c5="PUN">, </c><w c5="PRP" hw="on" pos="PREP">on </w><w c5="AT0" hw="the" pos="ART">the </w><w c5="AJ0" hw="other" pos="ADJ">other </w><w c5="NN1" hw="hand" pos="SUBST">hand</w><c c5="PUN">, </c><w c5="VBB" hw="be" pos="VERB">are </w><w c5="VVG" hw="suffer" pos="VERB">suffering </w><w c5="PRP" hw="from" pos="PREP">from </w><w c5="NN1" hw="famine" pos="SUBST">famine </w><w c5="PRP" hw="at" pos="PREP">at </w><w c5="AT0" hw="a" pos="ART">a </w><w c5="NN1" hw="time" pos="SUBST">time </w><w c5="AVQ" hw="when" pos="ADV">when </w><w c5="AT0" hw="the" pos="ART">the </w><w c5="NN2" hw="patrician" pos="SUBST">patricians </w><w c5="VBB" hw="be" pos="VERB">are </w><w c5="VVG" hw="hoard" pos="VERB">hoarding </w><w c5="AT0" hw="the" pos="ART">the </w><w c5="NN1-AJ0" hw="grain-harvest" pos="SUBST">grain-harvest </w><w c5="CJC" hw="but" pos="CONJ">but </w><w c5="VBB" hw="be" pos="VERB">are </w><w c5="PNX" hw="themselves" pos="PRON">themselves </w><w c5="AV0" hw="easily" pos="ADV">easily </w><w c5="VVN" hw="manipulate" pos="VERB">manipulated </w><w c5="PRP" hw="by" pos="PREP">by </w><w c5="AT0" hw="the" pos="ART">the </w><w c5="NN2" hw="tribune" pos="SUBST">Tribunes</w><c c5="PUN">.</c></s></p><p>
<s n="11"><w c5="NP0" hw="shakespeare" pos="SUBST">Shakespeare </w><w c5="VDZ" hw="do" pos="VERB">does </w><w c5="XX0" hw="not" pos="ADV">not </w><w c5="AV0" hw="so" pos="ADV">so </w><w c5="AV0" hw="much" pos="ADV">much </w><w c5="VVB-NN1" hw="take" pos="VERB">take </w><w c5="NN2" hw="side" pos="SUBST">sides </w><w c5="CJS" hw="as" pos="CONJ">as </w><w c5="NN1" hw="show" pos="SUBST">show </w><w c5="AVQ" hw="how" pos="ADV">how </w><w c5="AT0" hw="the" pos="ART">the </w><w c5="NN1" hw="state" pos="SUBST">state </w><w c5="VBZ" hw="be" pos="VERB">is </w><w c5="VVN" hw="threaten" pos="VERB">threatened </w><w c5="PRP" hw="by" pos="PREP">by </w><w c5="AT0" hw="the" pos="ART">the </w><w c5="AJ0" hw="tragic" pos="ADJ">tragic </w><w c5="NN1" hw="collision" pos="SUBST">collision </w><w c5="PRF" hw="of" pos="PREP">of </w><w c5="AJ0-VVG" hw="opposing" pos="ADJ">opposing </w><w c5="NN2" hw="force" pos="SUBST">forces</w><c c5="PUN">: </c><w c5="PRP" hw="for" pos="PREP">for </w><w c5="AJ0-NN1" hw="antique" pos="ADJ">antique </w><w c5="NP0" hw="rome" pos="SUBST">Rome </w><w c5="VVD" hw="read" pos="VERB">read </w><w c5="AJ0" hw="jacobean" pos="ADJ">Jacobean </w><w c5="NP0" hw="england" pos="SUBST">England</w><c c5="PUN">.</c></s></p><p>
<s n="12"><w c5="DTQ" hw="what" pos="PRON">What </w><w c5="VBZ" hw="be" pos="VERB">is </w><w c5="AJ0" hw="good" pos="ADJ">good </w><w c5="PRP" hw="about" pos="PREP">about </w><w c5="AT0" hw="the" pos="ART">the </w><w c5="AJ0" hw="current" pos="ADJ">current </w><w c5="NN1" hw="production" pos="SUBST">production </w><w c5="VBZ" hw="be" pos="VERB">is </w><w c5="CJT" hw="that" pos="CONJ">that </w><w c5="PNP" hw="it" pos="PRON">it </w><w c5="VDZ" hw="do" pos="VERB">does </w><w c5="XX0" hw="not" pos="ADV">not </w><w c5="VVI" hw="seek" pos="VERB">seek </w><w c5="TO0" hw="to" pos="PREP">to </w><w c5="VVI" hw="tilt" pos="VERB">tilt </w><w c5="AT0" hw="the" pos="ART">the </w><w c5="NN1-VVB" hw="play" pos="SUBST">play </w><w c5="DT0" hw="either" pos="ADJ">either </w><w c5="NN1" hw="way" pos="SUBST">way</w><c c5="PUN">: </c><w c5="PNP" hw="it" pos="PRON">it </w><w c5="VVZ" hw="allow" pos="VERB">allows </w><w c5="PNP" hw="we" pos="PRON">us </w><w c5="TO0" hw="to" pos="PREP">to </w><w c5="VVI" hw="decide" pos="VERB">decide </w><w c5="AVQ" hw="where" pos="ADV">where </w><w c5="PNP" hw="we" pos="PRON">we </w><w c5="VVB" hw="stand" pos="VERB">stand</w><c c5="PUN">.</c></s>
<s n="13"><w c5="PNP" hw="it" pos="PRON">It </w><w c5="AV0" hw="also" pos="ADV">also </w><w c5="VVZ" hw="imply" pos="VERB">implies</w><c c5="PUN">, </c><mw c5="PRP"><w c5="AV0" hw="rather" pos="ADV">rather </w><w c5="CJS" hw="than" pos="CONJ">than </w></mw><w c5="VVZ" hw="re-create" pos="VERB">re-creates</w><c c5="PUN">, </c><w c5="AT0" hw="the" pos="ART">the </w><w c5="NN1" hw="past" pos="SUBST">past</w><c c5="PUN">: </c><w c5="NP0" hw="christopher" pos="SUBST">Christopher </w><w c5="NP0" hw="morley" pos="SUBST">Morley</w><w c5="POS" hw="'s" pos="UNC">'s </w><w c5="NN1" hw="set" pos="SUBST">set </w><w c5="VVZ" hw="consist" pos="VERB">consists </w><w c5="PRF" hw="of" pos="PREP">of </w><w c5="CRD" hw="three" pos="ADJ">three </w><w c5="AJ0" hw="mobile" pos="ADJ">mobile </w><w c5="NN2" hw="siege-tower" pos="SUBST">siege-towers </w><w c5="PRP" hw="with" pos="PREP">with </w><w c5="AT0" hw="the" pos="ART">the </w><w c5="NN2" hw="roman" pos="SUBST">Romans</w><c c5="PUN">, </c><w c5="PRP" hw="in" pos="PREP">in </w><w c5="NN1" hw="costume" pos="SUBST">costume </w><w c5="NN2" hw="term" pos="SUBST">terms</w><c c5="PUN">, </c><w c5="VVG" hw="veer" pos="VERB">veering </w><w c5="PRP" hw="to" pos="PREP">to </w><w c5="AJ0" hw="black" pos="ADJ">black </w><w c5="NN1" hw="leather" pos="SUBST">leather</w><c c5="PUN">, </c><w c5="AT0" hw="the" pos="ART">the </w><w c5="NN2" hw="volscian" pos="SUBST">Volscians </w><w c5="PRP" hw="to" pos="PREP">to </w><w c5="AJ0" hw="scarlet" pos="ADJ">scarlet </w><w c5="NN2" hw="greatcoat" pos="SUBST">greatcoats</w><c c5="PUN">.</c></s>
<s n="14"><w c5="CJC" hw="and" pos="CONJ">And </w><w c5="PRP-AVP" hw="along" pos="PREP">along </w><w c5="AT0" hw="the" pos="ART">the </w><w c5="NN1" hw="way" pos="SUBST">way </w><w c5="AT0" hw="the" pos="ART">the </w><w c5="NN1" hw="production" pos="SUBST">production </w><w c5="VVZ" hw="make" pos="VERB">makes </w><w c5="AT0" hw="a" pos="ART">a </w><w c5="NN1" hw="number" pos="SUBST">number </w><w c5="PRF" hw="of" pos="PREP">of </w><w c5="AJ0" hw="intelligent" pos="ADJ">intelligent </w><w c5="NN2" hw="point" pos="SUBST">points</w><c c5="PUN">.</c></s></p><p>
<s n="15"><w c5="AT0" hw="the" pos="ART">The </w><w c5="NN2" hw="tribune" pos="SUBST">Tribunes </w><w c5="VBB" hw="be" pos="VERB">are </w><w c5="AV0" hw="strongly" pos="ADV">strongly </w><w c5="VVN" hw="contrast" pos="VERB">contrasted</w><c c5="PUN">, </c><w c5="PRP" hw="with" pos="PREP">with </w><w c5="NP0" hw="geoffrey" pos="SUBST">Geoffrey </w><w c5="NP0" hw="freshwater" pos="SUBST">Freshwater</w><w c5="POS" hw="'s" pos="UNC">'s </w><w c5="AJ0" hw="bullish" pos="ADJ">bullish </w><w c5="NN1" hw="rabble-rouser" pos="SUBST">rabble-rouser </w><w c5="PRF" hw="of" pos="PREP">of </w><w c5="AT0" hw="a" pos="ART">a </w><w c5="NP0-NN1" hw="sicinius" pos="SUBST">Sicinius </w><w c5="NP0-NN1" hw="velutus" pos="SUBST">Velutus </w><w c5="VVD" hw="offset" pos="VERB">offset </w><w c5="PRP" hw="by" pos="PREP">by </w><w c5="AT0" hw="the" pos="ART">the </w><w c5="AJ0" hw="ineffectual" pos="ADJ">ineffectual </w><w c5="NN1" hw="moderation" pos="SUBST">moderation </w><w c5="PRF" hw="of" pos="PREP">of </w><w c5="NP0" hw="joe" pos="SUBST">Joe </w><w c5="NP0" hw="melia" pos="SUBST">Melia</w><w c5="POS" hw="'s" pos="UNC">'s </w><w c5="NP0" hw="junius" pos="SUBST">Junius </w><w c5="NP0" hw="brutus" pos="SUBST">Brutus</w><c c5="PUN">.</c></s>
<s n="16"><w c5="AT0" hw="the" pos="ART">The </w><w c5="NN1" hw="continuity" pos="SUBST">continuity </w><w c5="PRF" hw="of" pos="PREP">of </w><w c5="AJ0" hw="martial" pos="ADJ">martial </w><w c5="NN2" hw="value" pos="SUBST">values </w><w c5="VBZ" hw="be" pos="VERB">is </w><w c5="AV0" hw="also" pos="ADV">also </w><w c5="AV0" hw="brilliantly" pos="ADV">brilliantly </w><w c5="VVN" hw="suggest" pos="VERB">suggested </w><w c5="PRP" hw="at" pos="PREP">at </w><w c5="AT0" hw="the" pos="ART">the </w><w c5="NN1" hw="end" pos="SUBST">end </w><w c5="CJS-AVQ" hw="when" pos="CONJ">when </w><w c5="NP0" hw="coriolanus" pos="SUBST">Coriolanus</w><w c5="POS" hw="'s" pos="UNC">'s </w><w c5="NN1" hw="son" pos="SUBST">son </w><w c5="AV0" hw="ritually" pos="ADV">ritually </w><w c5="VVZ" hw="receive" pos="VERB">receives </w><w c5="DPS" hw="he" pos="PRON">his </w><w c5="NN1" hw="father" pos="SUBST">father</w><w c5="POS" hw="'s" pos="UNC">'s </w><w c5="NN1" hw="sword" pos="SUBST">sword </w><w c5="PRP" hw="from" pos="PREP">from </w><w c5="NP0" hw="volumnia" pos="SUBST">Volumnia </w><w c5="CJS" hw="while" pos="CONJ">while </w><w c5="DPS" hw="he" pos="PRON">his </w><w c5="NN1" hw="mother" pos="SUBST">mother </w><w c5="VVZ" hw="look" pos="VERB">looks </w><w c5="AV0" hw="grievingly" pos="ADV">grievingly </w><w c5="AVP-PRP" hw="on" pos="ADV">on</w><c c5="PUN">.</c></s></p><p>
<s n="17"><w c5="DTQ" hw="what" pos="PRON">What </w><w c5="PNP" hw="i" pos="PRON">I </w><w c5="VVB" hw="miss" pos="VERB">miss</w><c c5="PUN">, </c><w c5="AV0" hw="however" pos="ADV">however</w><c c5="PUN">, </c><w c5="PRP" hw="in" pos="PREP">in </w><w c5="NP0" hw="charles" pos="SUBST">Charles </w><w c5="NN1" hw="dance" pos="SUBST">Dance</w><w c5="POS" hw="'s" pos="UNC">'s </w><w c5="NN1" hw="coriolanus" pos="SUBST">Coriolanus </w><w c5="VBZ" hw="be" pos="VERB">is </w><w c5="AT0" hw="a" pos="ART">a </w><w c5="NN1" hw="sense" pos="SUBST">sense </w><w c5="PRF" hw="of" pos="PREP">of </w><w c5="AJ0" hw="implacable" pos="ADJ">implacable </w><w c5="NN1" hw="danger" pos="SUBST">danger</w><c c5="PUN">.</c></s>
<s n="18"><w c5="NP0" hw="mr" pos="SUBST">Mr </w><w c5="NP0" hw="dance" pos="SUBST">Dance </w><w c5="VVZ" hw="give" pos="VERB">gives </w><w c5="PNP" hw="we" pos="PRON">us </w><w c5="DT0" hw="many" pos="ADJ">many </w><w c5="PRF" hw="of" pos="PREP">of </w><w c5="AT0" hw="the" pos="ART">the </w><w c5="NN1" hw="man" pos="SUBST">man</w><w c5="POS" hw="'s" pos="UNC">'s </w><w c5="AJ0" hw="essential" pos="ADJ">essential </w><w c5="NN2" hw="quality" pos="SUBST">qualities</w><c c5="PUN">: </c><w c5="DPS" hw="he" pos="PRON">his </w><w c5="AJ0" hw="psychological" pos="ADJ">psychological </w><w c5="NN1" hw="dependence" pos="SUBST">dependence </w><w c5="PRP" hw="on" pos="PREP">on </w><w c5="DPS" hw="he" pos="PRON">his </w><w c5="NN1" hw="mother" pos="SUBST">mother</w><c c5="PUN">, </c><w c5="DPS" hw="he" pos="PRON">his </w><w c5="NN1" hw="solitariness" pos="SUBST">solitariness </w><c c5="PUL">(</c><w c5="PNP" hw="he" pos="PRON">he </w><w c5="VBZ" hw="be" pos="VERB">is </w><w c5="AV0" hw="constantly" pos="ADV">constantly </w><w c5="VVN" hw="place" pos="VERB">placed </w><w c5="AVP-PRP" hw="down" pos="ADV">down </w><w c5="NN1" hw="front" pos="SUBST">front </w><w c5="VVG" hw="gaze" pos="VERB">gazing </w><w c5="PRP-AVP" hw="over" pos="PREP">over </w><w c5="AT0" hw="the" pos="ART">the </w><w c5="NN1" hw="audience" pos="SUBST">audience</w><w c5="POS" hw="'s" pos="UNC">'s </w><w c5="NN2" hw="head" pos="SUBST">heads</w><c c5="PUR">)</c><c c5="PUN">, </c><w c5="DPS" hw="he" pos="PRON">his </w><w c5="NN1" hw="antique" pos="SUBST">antique</w><c c5="PUN">, </c><w c5="AJ0" hw="tribal" pos="ADJ">tribal </w><w c5="NN1" hw="valour" pos="SUBST">valour</w><c c5="PUN">.</c></s>
<s n="19"><w c5="CJC" hw="but" pos="CONJ">But </w><w c5="EX0" hw="there" pos="PRON">there </w><w c5="VBZ" hw="be" pos="VERB">is </w><w c5="AT0" hw="a" pos="ART">a </w><w c5="AJ0" hw="dragonish" pos="ADJ">dragonish </w><w c5="NN1" hw="aspect" pos="SUBST">aspect </w><w c5="PRP" hw="to" pos="PREP">to </w><w c5="NN1-NP0" hw="coriolanus" pos="SUBST">Coriolanus </w><w c5="DTQ" hw="which" pos="PRON">which </w><w c5="NP0" hw="mr" pos="SUBST">Mr </w><w c5="NP0" hw="dance" pos="SUBST">Dance </w><w c5="VHZ" hw="have" pos="VERB">has </w><w c5="AV0" hw="yet" pos="ADV">yet </w><w c5="TO0" hw="to" pos="PREP">to </w><w c5="VVI" hw="catch" pos="VERB">catch</w><c c5="PUN">.</c></s>
<s n="20"><w c5="PNP" hw="he" pos="PRON">He </w><w c5="AV0" hw="also" pos="ADV">also </w><w c5="VVZ" hw="throw" pos="VERB">throws </w><w c5="AV0" hw="away" pos="ADV">away </w><w c5="AV0" hw="too" pos="ADV">too </w><w c5="DT0" hw="many" pos="ADJ">many </w><w c5="AJ0" hw="key" pos="ADJ">key </w><w c5="NN2" hw="phrase" pos="SUBST">phrases</w><c c5="PUN">: </c><c c5="PUQ">‘</c><w c5="DT0" hw="this" pos="ADJ">This </w><w c5="NP0" hw="triton" pos="SUBST">Triton </w><w c5="PRF" hw="of" pos="PREP">of </w><w c5="AT0" hw="the" pos="ART">the </w><w c5="NN2" hw="minnow" pos="SUBST">minnows</w><c c5="PUQ">’ </c><w c5="VBZ" hw="be" pos="VERB">is </w><w c5="AT0" hw="a" pos="ART">a </w><w c5="AJ0" hw="magnificent" pos="ADJ">magnificent </w><w c5="NN1" hw="epithet" pos="SUBST">epithet </w><w c5="PRP" hw="for" pos="PREP">for </w><w c5="NP0-NN1" hw="sicinius" pos="SUBST">Sicinius </w><w c5="CJC" hw="but" pos="CONJ">but </w><w c5="PNP" hw="it" pos="PRON">it </w><w c5="AV0" hw="here" pos="ADV">here </w><w c5="VVZ" hw="get" pos="VERB">gets </w><w c5="AJ0" hw="lost" pos="ADJ">lost </w><w c5="CJC" hw="and" pos="CONJ">and </w><w c5="CJS" hw="although" pos="CONJ">although </w><w c5="PRP" hw="in" pos="PREP">in </w><w c5="AT0" hw="the" pos="ART">the </w><w c5="AJ0" hw="great" pos="ADJ">great </w><w c5="NN1-AJ0" hw="banishment-speech" pos="SUBST">banishment-speech </w><w c5="NP0" hw="mr" pos="SUBST">Mr </w><w c5="NP0" hw="dance" pos="SUBST">Dance</w><w c5="POS" hw="'s" pos="UNC">'s </w><w c5="NN1" hw="body-language" pos="SUBST">body-language </w><w c5="VBZ" hw="be" pos="VERB">is </w><w c5="AJ0" hw="good" pos="ADJ">good </w><c c5="PUL">(</c><w c5="CJS" hw="as" pos="CONJ">as </w><w c5="PNP" hw="he" pos="PRON">he </w><w c5="VVZ" hw="hurl" pos="VERB">hurls </w><w c5="DPS" hw="he" pos="PRON">his </w><w c5="NN1" hw="coat" pos="SUBST">coat </w><w c5="PRP" hw="to" pos="PREP">to </w><w c5="AT0" hw="the" pos="ART">the </w><w c5="NN1" hw="ground" pos="SUBST">ground </w><w c5="PRP" hw="in" pos="PREP">in </w><w c5="AJ0" hw="fine" pos="ADJ">fine </w><w c5="NN1" hw="disdain" pos="SUBST">disdain</w><c c5="PUR">) </c><w c5="PNP" hw="it" pos="PRON">it </w><w c5="VBZ" hw="be" pos="VERB">is </w><w c5="AJ0" hw="significant" pos="ADJ">significant </w><w c5="CJT" hw="that" pos="CONJ">that </w><w c5="AT0" hw="the" pos="ART">the </w><w c5="NN2" hw="director" pos="SUBST">directors </w><w c5="NN1-VVB" hw="resort" pos="SUBST">resort </w><w c5="PRP" hw="to" pos="PREP">to </w><w c5="AT0" hw="an" pos="ART">an </w><w c5="AJ0" hw="echo-chamber" pos="ADJ">echo-chamber </w><w c5="NN1" hw="effect" pos="SUBST">effect </w><w c5="PRP-AVP" hw="on" pos="PREP">on </w><c c5="PUQ">‘</c><w c5="AV0" hw="there" pos="ADV">There </w><w c5="VBZ" hw="be" pos="VERB">is </w><w c5="AT0" hw="a" pos="ART">a </w><w c5="NN1" hw="world" pos="SUBST">world </w><w c5="AV0" hw="elsewhere" pos="ADV">elsewhere</w><c c5="PUN">.</c><c c5="PUQ">’</c></s>
<s n="21"><w c5="NP0" hw="olivier" pos="SUBST">Olivier</w><c c5="PUN">, </c><w c5="PNI" hw="one" pos="PRON">one </w><w c5="AV0" hw="wanly" pos="ADV">wanly </w><w c5="VVZ" hw="recall" pos="VERB">recalls</w><c c5="PUN">, </c><w c5="VHD" hw="have" pos="VERB">had </w><w c5="DPS" hw="he" pos="PRON">his </w><w c5="DT0" hw="own" pos="ADJ">own </w><w c5="AJ0" hw="built-in" pos="ADJ">built-in </w><w c5="NN2" hw="reverberation" pos="SUBST">reverberations</w><c c5="PUN">.</c></s></p><p>
<s n="22"><w c5="PRP" hw="without" pos="PREP">Without </w><w c5="AT0" hw="a" pos="ART">a </w><w c5="AJ0" hw="dictatorial" pos="ADJ">dictatorial </w><w c5="NN1" hw="coriolanus" pos="SUBST">Coriolanus</w><c c5="PUN">, </c><w c5="NP0" hw="shakespeare" pos="SUBST">Shakespeare</w><w c5="POS" hw="'s" pos="UNC">'s </w><w c5="NN1" hw="point" pos="SUBST">point </w><w c5="PRP" hw="about" pos="PREP">about </w><w c5="AT0" hw="the" pos="ART">the </w><w c5="AJ0" hw="implied" pos="ADJ">implied </w><w c5="NN1" hw="threat" pos="SUBST">threat </w><w c5="PRP" hw="to" pos="PREP">to </w><w c5="AT0" hw="the" pos="ART">the </w><w c5="NN1" hw="republic" pos="SUBST">republic </w><w c5="VBZ" hw="be" pos="VERB">is </w><w c5="VVN" hw="state" pos="VERB">stated </w><mw c5="PRP"><w c5="AV0" hw="rather" pos="ADV">rather </w><w c5="CJS" hw="than" pos="CONJ">than </w></mw><w c5="NN1" hw="felt" pos="SUBST">felt</w><c c5="PUN">.</c></s>
<s n="23"><w c5="CJC" hw="but" pos="CONJ">But </w><w c5="EX0" hw="there" pos="PRON">there </w><w c5="VBZ" hw="be" pos="VERB">is </w><w c5="AJ0" hw="rich" pos="ADJ">rich </w><w c5="NN1" hw="compensation" pos="SUBST">compensation </w><w c5="PRP" hw="in" pos="PREP">in </w><w c5="NP0" hw="barbara" pos="SUBST">Barbara </w><w c5="NP0" hw="jefford" pos="SUBST">Jefford</w><w c5="POS" hw="'s" pos="UNC">'s </w><w c5="AJ0" hw="magnificent" pos="ADJ">magnificent </w><w c5="NP0-NN1" hw="volumnia" pos="SUBST">Volumnia</w><c c5="PUN">: </c><w c5="AVQ" hw="why" pos="ADV">why </w><w c5="VHZ" hw="have" pos="VERB">has </w><w c5="DT0" hw="this" pos="ADJ">this </w><w c5="AJ0" hw="superb" pos="ADJ">superb </w><w c5="NN1" hw="actress" pos="SUBST">actress </w><w c5="VBN" hw="be" pos="VERB">been </w><w c5="VVN" hw="give" pos="VERB">given </w><w c5="AV0" hw="only" pos="ADV">only </w><w c5="CRD" hw="two" pos="ADJ">two </w><w c5="NN2" hw="role" pos="SUBST">roles </w><w c5="PRP" hw="by" pos="PREP">by </w><w c5="AT0" hw="the" pos="ART">the </w><w c5="NP0" hw="rsc" pos="SUBST">RSC </w><w c5="PRP" hw="in" pos="PREP">in </w><w c5="CRD" hw="30" pos="ADJ">30 </w><w c5="NN2" hw="year" pos="SUBST">years</w><c c5="PUN">?</c></s></p><p>
<s n="24"><w c5="PNP" hw="she" pos="PRON">She </w><w c5="VBZ" hw="be" pos="VERB">is</w><c c5="PUN">, </c><w c5="AV0" hw="essentially" pos="ADV">essentially</w><c c5="PUN">, </c><w c5="AT0" hw="a" pos="ART">a </w><w c5="AJ0" hw="voluptuous" pos="ADJ">voluptuous </w><w c5="NN1-NP0" hw="volumnia" pos="SUBST">Volumnia </w><w c5="DTQ" hw="whose" pos="PRON">whose </w><w c5="NN1" hw="hold" pos="SUBST">hold </w><w c5="PRP-AVP" hw="over" pos="PREP">over </w><w c5="DPS" hw="she" pos="PRON">her </w><w c5="NN1" hw="son" pos="SUBST">son </w><w c5="VBZ" hw="be" pos="VERB">is </w><w c5="AV0" hw="dangerously" pos="ADV">dangerously </w><w c5="AJ0" hw="sexual" pos="ADJ">sexual</w><c c5="PUN">.</c></s>
<s n="25"><w c5="VVG" hw="greet" pos="VERB">Greeting </w><w c5="PNP" hw="he" pos="PRON">him </w><w c5="PRP-AVP" hw="on" pos="PREP">on </w><w c5="DPS" hw="he" pos="PRON">his </w><w c5="NN1" hw="return" pos="SUBST">return </w><w c5="PRP" hw="from" pos="PREP">from </w><w c5="NN1" hw="battle" pos="SUBST">battle</w><c c5="PUN">, </c><w c5="PNP" hw="she" pos="PRON">she </w><w c5="VVZ" hw="hand" pos="VERB">hands </w><w c5="PNP" hw="he" pos="PRON">him </w><w c5="AVP" hw="over" pos="ADV">over </w><w c5="PRP" hw="to" pos="PREP">to </w><w c5="DPS" hw="he" pos="PRON">his </w><w c5="NN1" hw="wife" pos="SUBST">wife </w><w c5="PRP" hw="with" pos="PREP">with </w><w c5="AJ0" hw="palpable" pos="ADJ">palpable </w><w c5="NN1" hw="reluctance" pos="SUBST">reluctance</w><c c5="PUN">; </c><w c5="VVG" hw="seek" pos="VERB">seeking </w><w c5="TO0" hw="to" pos="PREP">to </w><w c5="VVI" hw="calm" pos="VERB">calm </w><w c5="PNP" hw="he" pos="PRON">him </w><w c5="PRP-CJS" hw="before" pos="PREP">before </w><w c5="DPS" hw="he" pos="PRON">his </w><w c5="NN1" hw="confrontation" pos="SUBST">confrontation </w><w c5="PRP" hw="with" pos="PREP">with </w><w c5="AT0" hw="the" pos="ART">the </w><w c5="NN0" hw="people" pos="SUBST">people</w><c c5="PUN">, </c><w c5="PNP" hw="she" pos="PRON">she </w><w c5="VVZ" hw="shackle" pos="VERB">shackles </w><w c5="PNP" hw="he" pos="PRON">him </w><w c5="PRP-AVP" hw="in" pos="PREP">in </w><w c5="AT0" hw="an" pos="ART">an </w><w c5="NN1" hw="iron" pos="SUBST">iron </w><w c5="NN1-VVB" hw="grip" pos="SUBST">grip</w><c c5="PUN">; </c><w c5="CJC" hw="and" pos="CONJ">and</w><c c5="PUN">, </c><w c5="PRP" hw="in" pos="PREP">in </w><w c5="AT0" hw="the" pos="ART">the </w><w c5="AJ0" hw="great" pos="ADJ">great </w><w c5="NN1" hw="plea" pos="SUBST">plea </w><w c5="PRP" hw="with" pos="PREP">with </w><w c5="PNP" hw="he" pos="PRON">him </w><w c5="XX0" hw="not" pos="ADV">not </w><w c5="TO0" hw="to" pos="PREP">to </w><w c5="VVI" hw="sack" pos="VERB">sack </w><w c5="NP0" hw="rome" pos="SUBST">Rome</w><c c5="PUN">, </c><w c5="PNP" hw="she" pos="PRON">she </w><w c5="VVZ" hw="pinpoint" pos="VERB">pinpoints </w><w c5="AT0" hw="the" pos="ART">the </w><w c5="NN2" hw="line" pos="SUBST">lines </w><w c5="PRP" hw="about" pos="PREP">about </w><w c5="PNP" hw="he" pos="PRON">him </w><w c5="VVG" hw="tread" pos="VERB">treading </w><w c5="PRP-AVP" hw="on" pos="PREP">on </w><w c5="DPS" hw="he" pos="PRON">his </w><w c5="NN1" hw="mother" pos="SUBST">mother</w><w c5="POS" hw="'s" pos="UNC">'s </w><w c5="NN1" hw="womb" pos="SUBST">womb </w><c c5="PUQ">‘</c><w c5="CJT" hw="that" pos="CONJ">that </w><w c5="VVD" hw="bring" pos="VERB">brought </w><w c5="PNP" hw="thou" pos="PRON">thee </w><w c5="PRP" hw="to" pos="PREP">to </w><w c5="DT0" hw="this" pos="ADJ">this </w><w c5="NN1" hw="world" pos="SUBST">world</w><c c5="PUQ">’</c><c c5="PUN">.</c></s>
<s n="26"><w c5="NN1-NP0" hw="volumnia" pos="SUBST">Volumnia </w><w c5="VM0" hw="can" pos="VERB">can </w><w c5="AV0" hw="easily" pos="ADV">easily </w><w c5="VBI" hw="be" pos="VERB">be </w><w c5="VVN" hw="play" pos="VERB">played </w><w c5="PRP" hw="as" pos="PREP">as </w><w c5="AT0" hw="a" pos="ART">a </w><w c5="AJ0" hw="sexless" pos="ADJ">sexless </w><w c5="NN1" hw="harridan" pos="SUBST">harridan</w><c c5="PUN">: </c><w c5="NP0" hw="ms" pos="SUBST">Ms </w><w c5="NP0" hw="jefford" pos="SUBST">Jefford </w><w c5="VVZ" hw="interpret" pos="VERB">interprets </w><w c5="PNP" hw="she" pos="PRON">her </w><w c5="PRP" hw="as" pos="PREP">as </w><w c5="AT0" hw="a" pos="ART">a </w><w c5="AJ0" hw="passionate" pos="ADJ">passionate </w><w c5="NN1" hw="woman" pos="SUBST">woman </w><w c5="PNQ" hw="who" pos="PRON">who </w><w c5="VVZ" hw="dominate" pos="VERB">dominates </w><w c5="DPS" hw="she" pos="PRON">her </w><w c5="NN1" hw="son" pos="SUBST">son </w><w c5="AV0" hw="physically" pos="ADV">physically </w><mw c5="PRP"><w c5="CJS" hw="as" pos="CONJ">as </w><w c5="AV0" hw="well" pos="ADV">well </w><w c5="CJS" hw="as" pos="CONJ">as </w></mw><w c5="AV0" hw="spiritually" pos="ADV">spiritually</w><c c5="PUN">, </c><w c5="AV0" hw="even" pos="ADV">even </w><w c5="PRP" hw="to" pos="PREP">to </w><w c5="AT0" hw="the" pos="ART">the </w><w c5="NN1" hw="extent" pos="SUBST">extent </w><w c5="PRF" hw="of" pos="PREP">of </w><w c5="VVG" hw="give" pos="VERB">giving </w><w c5="DPS" hw="he" pos="PRON">his </w><w c5="NN1-VVB" hw="face" pos="SUBST">face </w><w c5="AT0" hw="a" pos="ART">a </w><w c5="AJ0" hw="resounding" pos="ADJ">resounding </w><w c5="NN1" hw="slap" pos="SUBST">slap </w><w c5="CJS-AVQ" hw="when" pos="CONJ">when </w><w c5="PNP" hw="he" pos="PRON">he </w><w c5="VBZ" hw="be" pos="VERB">is </w><w c5="AJ0" hw="recalcitrant" pos="ADJ">recalcitrant</w><c c5="PUN">.</c></s></p><p>
<s n="27"><w c5="CJC" hw="but" pos="CONJ">But </w><w c5="AT0" hw="the" pos="ART">the </w><w c5="AJ0" hw="other" pos="ADJ">other </w><w c5="AJ0-NN1" hw="key" pos="ADJ">key </w><w c5="NN2" hw="role" pos="SUBST">roles </w><w c5="VBB" hw="be" pos="VERB">are </w><w c5="AV0" hw="also" pos="ADV">also </w><w c5="AV0" hw="strongly" pos="ADV">strongly </w><w c5="VVN" hw="cast" pos="VERB">cast</w><c c5="PUN">.</c></s>
<s n="28"><w c5="NP0" hw="malcolm" pos="SUBST">Malcolm </w><w c5="NP0" hw="storry" pos="SUBST">Storry</w><w c5="POS" hw="'s" pos="UNC">'s </w><w c5="AJ0-NN1" hw="bullet-headed" pos="ADJ">bullet-headed </w><w c5="NN1-NP0" hw="aufidius" pos="SUBST">Aufidius </w><w c5="VBZ" hw="be" pos="VERB">is </w><w c5="XX0" hw="not" pos="ADV">not </w><w c5="AV0" hw="simply" pos="ADV">simply </w><w c5="AT0" hw="a" pos="ART">a </w><w c5="AJ0" hw="rude" pos="ADJ">rude </w><w c5="NN1" hw="barbarian" pos="SUBST">barbarian </w><w c5="CJC" hw="but" pos="CONJ">but </w><w c5="AT0" hw="an" pos="ART">an </w><w c5="AJ0" hw="acute" pos="ADJ">acute </w><w c5="NN1" hw="analyst" pos="SUBST">analyst </w><w c5="PRF" hw="of" pos="PREP">of </w><w c5="NP0-NN1" hw="coriolanus" pos="SUBST">Coriolanus</w><w c5="POS" hw="'s" pos="UNC">'s </w><w c5="NN1" hw="character" pos="SUBST">character</w><c c5="PUN">: </c><w c5="NP0" hw="mr" pos="SUBST">Mr </w><w c5="NP0" hw="storry" pos="SUBST">Storry </w><w c5="VHZ" hw="have" pos="VERB">has </w><w c5="AT0" hw="the" pos="ART">the </w><w c5="AJ0" hw="priceless" pos="ADJ">priceless </w><w c5="NN1" hw="gift" pos="SUBST">gift </w><w c5="PRF" hw="of" pos="PREP">of </w><w c5="VVG" hw="make" pos="VERB">making </w><w c5="AT0" hw="the" pos="ART">the </w><w c5="NN1" hw="language" pos="SUBST">language </w><w c5="AJ0" hw="tangible" pos="ADJ">tangible </w><mw c5="CJS"><w c5="AV0" hw="so" pos="ADV">so </w><w c5="CJT" hw="that" pos="CONJ">that </w></mw><w c5="CJS" hw="when" pos="CONJ">when </w><w c5="PNP" hw="he" pos="PRON">he </w><w c5="VVZ" hw="say" pos="VERB">says </w><c c5="PUQ">‘</c><w c5="PNP" hw="i" pos="PRON">I </w><w c5="VVB" hw="think" pos="VERB">think </w><w c5="PNP" hw="he" pos="PRON">he</w><w c5="VM0" hw="will" pos="VERB">'ll </w><w c5="VBI" hw="be" pos="VERB">be </w><w c5="PRP" hw="to" pos="PREP">to </w><w c5="NP0" hw="rome" pos="SUBST">Rome </w><w c5="CJS" hw="as" pos="CONJ">as </w><w c5="VBZ" hw="be" pos="VERB">is </w><w c5="AT0" hw="the" pos="ART">the </w><w c5="NN0" hw="osprey" pos="SUBST">osprey </w><w c5="PRP" hw="to" pos="PREP">to </w><w c5="AT0" hw="the" pos="ART">the </w><w c5="NN0" hw="fish" pos="SUBST">fish</w><c c5="PUQ">’ </c><w c5="AT0" hw="the" pos="ART">the </w><w c5="NN1" hw="image" pos="SUBST">image </w><w c5="VVZ" hw="come" pos="VERB">comes </w><w c5="AV0" hw="resonantly" pos="ADV">resonantly </w><w c5="AJ0" hw="alive" pos="ADJ">alive</w><c c5="PUN">.</c></s>
<s n="29"><w c5="NP0" hw="joseph" pos="SUBST">Joseph </w><w c5="NP0" hw="o'conor" pos="SUBST">O'Conor </w><w c5="AV0" hw="also" pos="ADV">also </w><w c5="VVZ" hw="make" pos="VERB">makes </w><w c5="NP0" hw="menenius" pos="SUBST">Menenius </w><w c5="AV0" hw="infinitely" pos="ADV">infinitely </w><w c5="DT0" hw="more" pos="ADJ">more </w><w c5="CJS" hw="than" pos="CONJ">than </w><w c5="AT0" hw="a" pos="ART">a </w><w c5="AJ0" hw="wily" pos="ADJ">wily </w><w c5="NN1" hw="patrician" pos="SUBST">patrician</w><c c5="PUN">: </c><w c5="PNP" hw="he" pos="PRON">he </w><w c5="VVZ" hw="seem" pos="VERB">seems </w><w c5="AT0" hw="the" pos="ART">the </w><w c5="AJ0" hw="only" pos="ADJ">only </w><w c5="PNI" hw="one" pos="PRON">one </w><w c5="AJ0" hw="capable" pos="ADJ">capable </w><w c5="PRF" hw="of" pos="PREP">of </w><w c5="VVG" hw="communicate" pos="VERB">communicating </w><w c5="AV0" hw="sanely" pos="ADV">sanely </w><w c5="PRP" hw="with" pos="PREP">with </w><w c5="AT0" hw="the" pos="ART">the </w><w c5="DT0" hw="several" pos="ADJ">several</w><c c5="PUN">, </c><w c5="AJ0" hw="warring" pos="ADJ">warring </w><w c5="NN2" hw="faction" pos="SUBST">factions</w><c c5="PUN">.</c></s></p><p>
<s n="30"><w c5="PRP" hw="in" pos="PREP">In </w><w c5="DTQ" hw="what" pos="PRON">what </w><w c5="VBZ" hw="be" pos="VERB">is </w><w c5="AV0" hw="normally" pos="ADV">normally </w><w c5="VVN" hw="see" pos="VERB">seen </w><w c5="PRP" hw="as" pos="PREP">as </w><w c5="AT0" hw="a" pos="ART">a </w><w c5="AJ0" hw="male-dominated" pos="ADJ">male-dominated </w><w c5="NN1" hw="play" pos="SUBST">play</w><c c5="PUN">, </c><w c5="PNP" hw="it" pos="PRON">it </w><w c5="VBZ" hw="be" pos="VERB">is </w><w c5="AV0" hw="also" pos="ADV">also </w><w c5="PRP" hw="worth" pos="PREP">worth </w><w c5="VVG" hw="note" pos="VERB">noting </w><w c5="CJT" hw="that" pos="CONJ">that </w><w c5="NN2" hw="hand" pos="SUBST">Hands </w><w c5="CJC" hw="and" pos="CONJ">and </w><w c5="NP0" hw="barton" pos="SUBST">Barton </w><w c5="VVB" hw="give" pos="VERB">give </w><w c5="AT0" hw="the" pos="ART">the </w><w c5="NN2" hw="woman" pos="SUBST">women </w><w c5="AJ0" hw="unusual" pos="ADJ">unusual </w><w c5="NN1" hw="prominence" pos="SUBST">prominence</w><c c5="PUN">.</c></s>
<s n="31"><w c5="NP0" hw="amanda" pos="SUBST">Amanda </w><w c5="NP0" hw="harris" pos="SUBST">Harris</w><w c5="POS" hw="'s" pos="UNC">'s </w><w c5="NP0-NN1" hw="virgilia" pos="SUBST">Virgilia </w><w c5="VBZ" hw="be" pos="VERB">is </w><w c5="AT0" hw="no" pos="ART">no </w><w c5="AJ0" hw="simpering" pos="ADJ">simpering </w><w c5="AJ0" hw="wet" pos="ADJ">wet </w><w c5="CJC" hw="but" pos="CONJ">but </w><w c5="AT0" hw="a" pos="ART">a </w><w c5="AJ0" hw="loyal" pos="ADJ">loyal </w><w c5="NN1" hw="wife" pos="SUBST">wife </w><w c5="PNQ" hw="who" pos="PRON">who </w><w c5="AV0" hw="vehemently" pos="ADV">vehemently </w><w c5="VVZ" hw="thump" pos="VERB">thumps </w><w c5="AT0" hw="the" pos="ART">the </w><w c5="NN2" hw="tribune" pos="SUBST">tribunes </w><w c5="PRP" hw="for" pos="PREP">for </w><w c5="DPS" hw="they" pos="PRON">their </w><w c5="NN1" hw="banishment" pos="SUBST">banishment </w><w c5="PRF" hw="of" pos="PREP">of </w><w c5="DPS" hw="she" pos="PRON">her </w><w c5="NN1" hw="husband" pos="SUBST">husband</w><c c5="PUN">.</c></s>
<s n="32"><w c5="CJC" hw="and" pos="CONJ">And </w><w c5="NP0" hw="jane" pos="SUBST">Jane </w><w c5="NP0" hw="maud" pos="SUBST">Maud</w><w c5="POS" hw="'s" pos="UNC">'s </w><w c5="NP0-NN1" hw="valeria" pos="SUBST">Valeria </w><w c5="VBZ" hw="be" pos="VERB">is </w><w c5="VVN" hw="characterise" pos="VERB">characterised </w><w c5="PRP" hw="in" pos="PREP">in </w><w c5="AT0" hw="the" pos="ART">the </w><w c5="NN1" hw="programme" pos="SUBST">programme </w><w c5="CJS-PRP" hw="as" pos="CONJ">as </w><c c5="PUQ">‘</c><w c5="NN1" hw="priestess" pos="SUBST">priestess </w><w c5="PRF" hw="of" pos="PREP">of </w><w c5="NP0" hw="diana" pos="SUBST">Diana</w><c c5="PUQ">’ </c><w c5="CJC" hw="and" pos="CONJ">and</w><c c5="PUN">, </c><w c5="PRP" hw="in" pos="PREP">in </w><w c5="AT0" hw="the" pos="ART">the </w><w c5="AJ0" hw="final" pos="ADJ">final </w><w c5="NN1" hw="peace-mission" pos="SUBST">peace-mission</w><c c5="PUN">, </c><w c5="VBZ" hw="be" pos="VERB">is </w><w c5="VVN-AJ0" hw="give" pos="VERB">given </w><w c5="AJ0" hw="unusual" pos="ADJ">unusual </w><w c5="AJ0" hw="symbolic" pos="ADJ">symbolic </w><w c5="NN1" hw="weight" pos="SUBST">weight</w><c c5="PUN">.</c></s></p><p>
<s n="33"><w c5="DT0" hw="that" pos="ADJ">That </w><w c5="VBZ" hw="be" pos="VERB">is </w><w c5="AT0" hw="a" pos="ART">a </w><w c5="NN1" hw="sign" pos="SUBST">sign </w><w c5="PRF" hw="of" pos="PREP">of </w><w c5="AVQ" hw="how" pos="ADV">how </w><w c5="AT0" hw="the" pos="ART">the </w><w c5="NN1" hw="play" pos="SUBST">play </w><w c5="VHZ" hw="have" pos="VERB">has </w><w c5="VBN" hw="be" pos="VERB">been </w><w c5="AV0" hw="intelligently" pos="ADV">intelligently </w><w c5="VVN" hw="re-thought" pos="VERB">re-thought</w><c c5="PUN">.</c></s>
<s n="34"><w c5="AT0" hw="the" pos="ART">The </w><w c5="NN1" hw="production" pos="SUBST">production </w><w c5="AV0" hw="also" pos="ADV">also </w><w c5="VVZ" hw="take" pos="VERB">takes </w><mw c5="AV0"><w c5="PRP" hw="on" pos="PREP">on </w><w c5="NN1" hw="board" pos="SUBST">board </w></mw><w c5="AT0" hw="the" pos="ART">the </w><w c5="NN1" hw="point" pos="SUBST">point </w><w c5="NP0" hw="anne" pos="SUBST">Anne </w><w c5="NP0" hw="barton" pos="SUBST">Barton </w><w c5="VVZ" hw="make" pos="VERB">makes </w><w c5="PRP" hw="in" pos="PREP">in </w><w c5="AT0" hw="the" pos="ART">the </w><w c5="NN1" hw="programme" pos="SUBST">programme </w><w c5="CJT" hw="that" pos="CONJ">that </w><w c5="NP0" hw="shakespeare" pos="SUBST">Shakespeare</w><c c5="PUN">, </c><w c5="VVG" hw="follow" pos="VERB">following </w><w c5="NP0-NN1" hw="livy" pos="SUBST">Livy</w><c c5="PUN">, </c><w c5="VVZ" hw="see" pos="VERB">sees </w><w c5="NN1-NP0" hw="coriolanus" pos="SUBST">Coriolanus </w><w c5="PRP" hw="as" pos="PREP">as </w><w c5="AT0" hw="a" pos="ART">a </w><w c5="NN1" hw="threat" pos="SUBST">threat </w><w c5="PRP" hw="to" pos="PREP">to </w><w c5="AT0" hw="the" pos="ART">the </w><w c5="NN1" hw="balance" pos="SUBST">balance </w><w c5="PRF" hw="of" pos="PREP">of </w><w c5="AT0" hw="the" pos="ART">the </w><w c5="NN1" hw="state" pos="SUBST">state</w><c c5="PUN">.</c></s>
<s n="35"><w c5="CJC" hw="but" pos="CONJ">But </w><w c5="PRP" hw="for" pos="PREP">for </w><w c5="AT0" hw="the" pos="ART">the </w><w c5="NN1" hw="idea" pos="SUBST">idea </w><w c5="TO0" hw="to" pos="PREP">to </w><w c5="VBI" hw="be" pos="VERB">be </w><w c5="VVN" hw="make" pos="VERB">made </w><w c5="AJ0" hw="manifest" pos="ADJ">manifest </w><w c5="PNI" hw="one" pos="PRON">one </w><w c5="VVZ" hw="need" pos="VERB">needs </w><w c5="AT0" hw="a" pos="ART">a </w><w c5="NN1" hw="coriolanus" pos="SUBST">Coriolanus </w><w c5="PNQ" hw="who" pos="PRON">who </w><w c5="VBZ" hw="be" pos="VERB">is </w><w c5="XX0" hw="not" pos="ADV">not </w><w c5="AV0" hw="only" pos="ADV">only </w><w c5="AT0" hw="a" pos="ART">a </w><w c5="AJ0" hw="truculent" pos="ADJ">truculent </w><w c5="NN1" hw="fighter" pos="SUBST">fighter </w><w c5="CJC" hw="but" pos="CONJ">but </w><w c5="AV0" hw="also" pos="ADV">also </w><w c5="AT0" hw="a" pos="ART">a </w><w c5="AV0" hw="thrillingly" pos="ADV">thrillingly </w><w c5="AJ0" hw="horrific" pos="ADJ">horrific </w><w c5="NN1" hw="force" pos="SUBST">force </w><w c5="PRF" hw="of" pos="PREP">of </w><w c5="NN1" hw="nature" pos="SUBST">nature</w><c c5="PUN">.</c></s></p><p>
<s n="36"><w c5="NP0" hw="charles" pos="SUBST">Charles </w><w c5="NN1-VVB" hw="dance" pos="SUBST">Dance </w><w c5="PRP" hw="as" pos="PREP">as </w><w c5="NP0-NN1" hw="coriolanus" pos="SUBST">Coriolanus</w><c c5="PUN">…</c><w c5="AT0" hw="a" pos="ART">a </w><w c5="NN1" hw="threat" pos="SUBST">threat </w><w c5="PRP" hw="to" pos="PREP">to </w><w c5="AT0" hw="the" pos="ART">the </w><w c5="NN1" hw="republic" pos="SUBST">republic</w><c c5="PUN">?</c></s>
<s n="37"><w c5="NN1-VVB" hw="photograph" pos="SUBST">PHOTOGRAPH</w><c c5="PUN">: </c><w c5="NP0" hw="douglas" pos="SUBST">DOUGLAS </w><w c5="NP0-NN1" hw="jeffery" pos="SUBST">JEFFERY</w></s></p></div><div level="1" n="07-DEC-89 edition, page "><head type="MAIN">
<s n="38"><w c5="AJ0" hw="ready" pos="ADJ">Ready </w><w c5="PRP" hw="for" pos="PREP">for </w><w c5="AT0" hw="a" pos="ART">a </w><w c5="AJ0" hw="huge" pos="ADJ">huge </w><w c5="NN1" hw="family" pos="SUBST">family </w><w c5="NN1-VVB" hw="row" pos="SUBST">row </w><w c5="NN1" hw="television" pos="SUBST">Television</w><c c5="PUN">.</c></s></head><head type="BYLINE">
<s n="39"><w c5="PRP" hw="by" pos="PREP">By </w><w c5="NP0" hw="hugh" pos="SUBST">Hugh </w><w c5="NP0" hw="hebert" pos="SUBST">Hebert</w></s></head><p>
<s n="40"><w c5="VVG" hw="gird" pos="VERB">GIRDING </w><w c5="AVP" hw="up" pos="ADV">up </w><w c5="PRP" hw="for" pos="PREP">for </w><w c5="CRD" hw="six" pos="ADJ">six </w><w c5="NN2" hw="hour" pos="SUBST">hours </w><w c5="PRP" hw="with" pos="PREP">with </w><w c5="AT0" hw="the" pos="ART">the </w><w c5="NP0-NN1" hw="mahabharata" pos="SUBST">Mahabharata </w><w c5="VBZ" hw="be" pos="VERB">is </w><w c5="AT0" hw="a" pos="ART">a </w><w c5="AJ0" hw="long" pos="ADJ">long </w><w c5="NN1" hw="training" pos="SUBST">training</w><c c5="PUN">.</c></s>
<s n="41"><w c5="PRP" hw="at" pos="PREP">At </w><w c5="AT0" hw="the" pos="ART">the </w><w c5="NN1" hw="weekend" pos="SUBST">weekend </w><w c5="PNP" hw="we" pos="PRON">we </w><w c5="VHD" hw="have" pos="VERB">had </w><w c5="NP0" hw="peter" pos="SUBST">Peter </w><w c5="NP0" hw="brook" pos="SUBST">Brook</w><w c5="POS" hw="'s" pos="UNC">'s </w><w c5="NN1" hw="approach" pos="SUBST">approach </w><w c5="PRP" hw="via" pos="PREP">via </w><w c5="AT0" hw="the" pos="ART">the </w><w c5="NN1" hw="south" pos="SUBST">South </w><w c5="NN1" hw="bank" pos="SUBST">Bank </w><w c5="NN1-VVB" hw="show" pos="SUBST">Show </w><c c5="PUL">(</c><w c5="NP0" hw="lwt" pos="SUBST">LWT</w><c c5="PUR">) </c><w c5="CJC" hw="and" pos="CONJ">and </w><w c5="PRP" hw="through" pos="PREP">through </w><w c5="AT0" hw="the" pos="ART">the </w><w c5="NN2" hw="foothill" pos="SUBST">foothills </w><w c5="PRF" hw="of" pos="PREP">of </w><w c5="NP0" hw="lear" pos="SUBST">Lear </w><w c5="CJC" hw="and" pos="CONJ">and </w><w c5="AT0" hw="the" pos="ART">the </w><w c5="NN1" hw="marat/sade" pos="SUBST">Marat/Sade </w><w c5="PRP" hw="to" pos="PREP">to </w><w c5="DT0" hw="this" pos="ADJ">this </w><w c5="NP0" hw="everest" pos="SUBST">Everest </w><w c5="PRF" hw="of" pos="PREP">of </w><w c5="AT0" hw="an" pos="ART">an </w><w c5="AJ0" hw="indian" pos="ADJ">Indian </w><w c5="NN1" hw="epic" pos="SUBST">epic</w><c c5="PUN">.</c></s></p><p>
<s n="42"><w c5="ORD" hw="last" pos="ADJ">Last </w><w c5="NN1" hw="night" pos="SUBST">night</w><c c5="PUN">, </c><w c5="AV0" hw="there" pos="ADV">there </w><w c5="PNP" hw="he" pos="PRON">he </w><w c5="VBD" hw="be" pos="VERB">was </w><w c5="AV0" hw="again" pos="ADV">again </w><w c5="PRP" hw="between" pos="PREP">between </w><w c5="AT0" hw="the" pos="ART">the </w><w c5="NN2" hw="section" pos="SUBST">sections </w><w c5="PRF" hw="of" pos="PREP">of </w><w c5="AT0" hw="the" pos="ART">The </w><w c5="AJS" hw="great" pos="ADJ">Greatest </w><w c5="NN1" hw="story" pos="SUBST">Story </w><c c5="PUL">(</c><w c5="NN2" hw="signal" pos="SUBST">Signals</w><c c5="PUN">, </c><w c5="UNC" hw="c4" pos="UNC">C4</w><c c5="PUR">)</c><c c5="PUN">, </c><w c5="AT0" hw="a" pos="ART">a </w><w c5="NN1" hw="kind" pos="SUBST">kind </w><w c5="PRF" hw="of" pos="PREP">of </w><w c5="NP0" hw="michelin" pos="SUBST">Michelin </w><w c5="NN1-VVB" hw="guide" pos="SUBST">guide </w><w c5="PRP" hw="to" pos="PREP">to </w><w c5="AT0" hw="the" pos="ART">the </w><w c5="AJ0" hw="hindu" pos="ADJ">Hindu </w><w c5="NN1" hw="poem" pos="SUBST">poem </w><w c5="AV0" hw="generally" pos="ADV">generally </w><w c5="VVD" hw="say" pos="VERB">said </w><w c5="TO0" hw="to" pos="PREP">to </w><w c5="VBI" hw="be" pos="VERB">be </w><w c5="CRD" hw="15" pos="ADJ">15 </w><w c5="NN2" hw="time" pos="SUBST">times </w><w c5="AV0" hw="as" pos="ADV">as </w><w c5="AV0-AJ0" hw="long" pos="ADV">long </w><w c5="CJS-PRP" hw="as" pos="CONJ">as </w><w c5="AT0" hw="the" pos="ART">the </w><w c5="NN1" hw="bible" pos="SUBST">Bible</w><c c5="PUN">; </c><w c5="AT0" hw="a" pos="ART">a </w><w c5="NN1" hw="fact" pos="SUBST">fact </w><w c5="PNP" hw="i" pos="PRON">I </w><w c5="VBB" hw="be" pos="VERB">am </w><w c5="XX0" hw="not" pos="ADV">not </w><w c5="AJ0" hw="inclined" pos="ADJ">inclined </w><w c5="TO0" hw="to" pos="PREP">to </w><w c5="VVI" hw="check" pos="VERB">check</w><c c5="PUN">.</c></s>
<s n="43"><w c5="TO0" hw="to" pos="PREP">To </w><w c5="VVI" hw="cut" pos="VERB">cut </w><w c5="AT0" hw="a" pos="ART">a </w><w c5="AJ0" hw="long" pos="ADJ">long </w><w c5="NN1" hw="legend" pos="SUBST">legend </w><w c5="AJ0-AV0" hw="short" pos="ADJ">short</w><c c5="PUN">, </c><w c5="PNP" hw="it" pos="PRON">it</w><w c5="VBZ" hw="be" pos="VERB">'s </w><w c5="PRP" hw="about" pos="PREP">about </w><w c5="AT0" hw="the" pos="ART">the </w><w c5="AJ0" hw="bloody" pos="ADJ">bloody </w><w c5="NN1" hw="rivalry" pos="SUBST">rivalry </w><w c5="PRP" hw="between" pos="PREP">between </w><w c5="CRD" hw="two" pos="ADJ">two </w><w c5="NN2" hw="branch" pos="SUBST">branches </w><w c5="PRF" hw="of" pos="PREP">of </w><w c5="AT0" hw="a" pos="ART">a </w><w c5="AJ0" hw="hindu" pos="ADJ">Hindu </w><w c5="AJ0" hw="royal" pos="ADJ">royal </w><w c5="NN1" hw="family" pos="SUBST">family </w><c c5="PUN">— </c><w c5="AT0" hw="the" pos="ART">the </w><w c5="CRD" hw="five" pos="ADJ">five </w><w c5="NP0-NN1" hw="pandava" pos="SUBST">Pandava </w><w c5="NN2" hw="brother" pos="SUBST">brothers</w><c c5="PUN">, </c><w c5="PNQ" hw="who" pos="PRON">who </w><w c5="AV0" hw="all" pos="ADV">all </w><w c5="VVB" hw="marry" pos="VERB">marry </w><w c5="AT0" hw="the" pos="ART">the </w><w c5="DT0" hw="same" pos="ADJ">same </w><w c5="NN1" hw="princess" pos="SUBST">princess</w><c c5="PUN">, </c><w c5="CJC" hw="and" pos="CONJ">and </w><w c5="AT0" hw="the" pos="ART">the </w><w c5="CRD" hw="100" pos="ADJ">100 </w><w c5="NP0-NN1" hw="kaurava" pos="SUBST">Kaurava </w><w c5="NN2" hw="brother" pos="SUBST">brothers</w><c c5="PUN">.</c></s>
<s n="44"><w c5="DT0" hw="both" pos="ADJ">Both </w><w c5="NN2" hw="side" pos="SUBST">sides </w><w c5="VVB" hw="know" pos="VERB">know </w><w c5="CJT" hw="that" pos="CONJ">that </w><w c5="AV0" hw="eventually" pos="ADV">eventually </w><w c5="PNP" hw="it" pos="PRON">it </w><w c5="VM0" hw="will" pos="VERB">will </w><w c5="VVI" hw="come" pos="VERB">come </w><w c5="PRP" hw="to" pos="PREP">to </w><w c5="AT0" hw="a" pos="ART">a </w><w c5="NN1" hw="fight" pos="SUBST">fight</w><c c5="PUN">.</c></s></p><p>
<s n="45"><w c5="AV0" hw="meanwhile" pos="ADV">Meanwhile</w><c c5="PUN">, </c><w c5="AT0" hw="the" pos="ART">the </w><w c5="AJ0" hw="leading" pos="ADJ">leading </w><w c5="NN1-NP0" hw="pandava" pos="SUBST">Pandava </w><w c5="NN1" hw="brother" pos="SUBST">brother </w><w c5="VBZ" hw="be" pos="VERB">is </w><w c5="VVN" hw="entice" pos="VERB">enticed </w><w c5="PRP" hw="into" pos="PREP">into </w><w c5="AT0" hw="a" pos="ART">a </w><w c5="NN0" hw="dice" pos="SUBST">dice </w><w c5="NN1-VVB" hw="game" pos="SUBST">game </w><w c5="PNP" hw="he" pos="PRON">he </w><w c5="VVZ" hw="know" pos="VERB">knows </w><w c5="PNP" hw="he" pos="PRON">he </w><w c5="VM0" hw="will" pos="VERB">will </w><w c5="VVI" hw="lose" pos="VERB">lose </w><w c5="CJC" hw="but" pos="CONJ">but </w><w c5="VM0" hw="can" pos="VERB">can</w><w c5="XX0" hw="not" pos="ADV">not </w><w c5="VVI" hw="resist" pos="VERB">resist</w><c c5="PUN">.</c></s>
<s n="46"><w c5="AJ0" hw="unable" pos="ADJ">Unable </w><w c5="TO0" hw="to" pos="PREP">to </w><w c5="VVI" hw="quiet" pos="VERB">quiet </w><w c5="AT0" hw="the" pos="ART">the </w><w c5="NN1" hw="gambling" pos="SUBST">gambling </w><w c5="NN1" hw="fever" pos="SUBST">fever</w><c c5="PUN">, </c><w c5="PNP" hw="he" pos="PRON">he </w><w c5="VVZ" hw="lose" pos="VERB">loses </w><w c5="DPS" hw="he" pos="PRON">his </w><w c5="NN1" hw="kingdom" pos="SUBST">kingdom</w><c c5="PUN">, </c><w c5="DPS" hw="he" pos="PRON">his </w><w c5="NN1" hw="family" pos="SUBST">family</w><c c5="PUN">, </c><w c5="DPS" hw="they" pos="PRON">their </w><w c5="AJ0" hw="shared" pos="ADJ">shared </w><w c5="NN1" hw="wife" pos="SUBST">wife</w><c c5="PUN">, </c><w c5="CJC" hw="and" pos="CONJ">and </w><w c5="PNX" hw="himself" pos="PRON">himself</w><c c5="PUN">.</c></s>
<s n="47"><w c5="AT0" hw="the" pos="ART">The </w><w c5="NP0" hw="pandavas" pos="SUBST">Pandavas </w><w c5="VBB" hw="be" pos="VERB">are </w><w c5="VVN" hw="banish" pos="VERB">banished </w><w c5="PRP" hw="to" pos="PREP">to </w><w c5="AT0" hw="the" pos="ART">the </w><w c5="NN1" hw="forest" pos="SUBST">forest </w><w c5="PRP" hw="for" pos="PREP">for </w><w c5="CRD" hw="12" pos="ADJ">12 </w><w c5="NN2" hw="year" pos="SUBST">years</w><c c5="PUN">, </c><w c5="CJC" hw="but" pos="CONJ">but </w><w c5="AV0" hw="eventually" pos="ADV">eventually </w><w c5="AT0" hw="the" pos="ART">the </w><w c5="AJ0" hw="great" pos="ADJ">great </w><w c5="NN1" hw="war" pos="SUBST">war </w><w c5="VVZ" hw="come" pos="VERB">comes</w><c c5="PUN">…</c></s></p><p>
<s n="48"><w c5="AT0" hw="the" pos="ART">The </w><w c5="NN1" hw="south" pos="SUBST">South </w><w c5="NN1" hw="bank" pos="SUBST">Bank </w><w c5="NN1" hw="show" pos="SUBST">Show </w><w c5="VBD" hw="be" pos="VERB">was </w><w c5="AT0" hw="a" pos="ART">a </w><w c5="NN1" hw="help" pos="SUBST">help </w><w c5="PRP" hw="in" pos="PREP">in </w><w c5="VVG-NN1" hw="understand" pos="VERB">understanding </w><w c5="AVQ" hw="how" pos="ADV">how </w><w c5="CJC" hw="and" pos="CONJ">and </w><w c5="AVQ" hw="why" pos="ADV">why </w><w c5="NP0" hw="brook" pos="SUBST">Brook </w><w c5="VHZ" hw="have" pos="VERB">has </w><w c5="VVN" hw="spend" pos="VERB">spent </w><w c5="CRD" hw="15" pos="ADJ">15 </w><w c5="NN2" hw="year" pos="SUBST">years </w><w c5="VVG" hw="bring" pos="VERB">bringing </w><w c5="DT0" hw="this" pos="ADJ">this </w><w c5="AJ0" hw="great" pos="ADJ">great </w><w c5="NN1" hw="poem" pos="SUBST">poem </w><w c5="PRP" hw="to" pos="PREP">to </w><w c5="AT0" hw="the" pos="ART">the </w><w c5="NN1" hw="stage" pos="SUBST">stage </w><w c5="CJC" hw="and" pos="CONJ">and </w><w c5="AV0" hw="now" pos="ADV">now </w><w c5="AT0" hw="the" pos="ART">the </w><w c5="NN1" hw="screen" pos="SUBST">screen</w><c c5="PUN">.</c></s>
<s n="49"><w c5="PNP" hw="it" pos="PRON">It</w><w c5="VBZ" hw="be" pos="VERB">'s </w><w c5="AT0" hw="the" pos="ART">the </w><w c5="NN1" hw="culmination" pos="SUBST">culmination </w><w c5="PRF" hw="of" pos="PREP">of </w><w c5="DPS" hw="he" pos="PRON">his </w><w c5="NN1" hw="development" pos="SUBST">development </w><w c5="PRP" hw="in" pos="PREP">in </w><w c5="AT0" hw="the" pos="ART">the </w><w c5="NN1" hw="theatre" pos="SUBST">theatre </w><w c5="CJS" hw="since" pos="CONJ">since </w><w c5="AT0" hw="the" pos="ART">the </w><w c5="CRD" hw="mid-sixties" pos="ADJ">mid-Sixties </w><w c5="VVD" hw="bring" pos="VERB">brought </w><w c5="DPS" hw="he" pos="PRON">his </w><w c5="AJ0" hw="unforgettable" pos="ADJ">unforgettable </w><w c5="NP0" hw="lear" pos="SUBST">Lear </w><w c5="PRP" hw="with" pos="PREP">with </w><w c5="NP0" hw="paul" pos="SUBST">Paul </w><w c5="NP0" hw="scofield" pos="SUBST">Scofield</w><c c5="PUN">; </c><w c5="DPS" hw="he" pos="PRON">his </w><w c5="NN1" hw="theatre" pos="SUBST">Theatre </w><w c5="PRF" hw="of" pos="PREP">of </w><w c5="NN1" hw="cruelty" pos="SUBST">Cruelty </w><w c5="NN1" hw="season" pos="SUBST">season</w><c c5="PUN">; </c><w c5="CJC" hw="and" pos="CONJ">and </w><w c5="AT0" hw="the" pos="ART">the </w><w c5="NN1" hw="sledgehammer" pos="SUBST">sledgehammer</w><c c5="PUN">, </c><w c5="AJ0" hw="operatic" pos="ADJ">operatic </w><w c5="NN1" hw="impact" pos="SUBST">impact </w><w c5="PRF" hw="of" pos="PREP">of </w><w c5="DPS" hw="he" pos="PRON">his </w><w c5="NN1" hw="marat/sade" pos="SUBST">Marat/Sade</w><c c5="PUN">.</c></s>
<s n="50"><w c5="PNP" hw="it" pos="PRON">It </w><w c5="AV0" hw="also" pos="ADV">also </w><w c5="VVD" hw="isolate" pos="VERB">isolated </w><w c5="AVQ" hw="how" pos="ADV">how </w><w c5="PNP" hw="he" pos="PRON">he </w><w c5="VHZ" hw="have" pos="VERB">has </w><w c5="VVN" hw="approach" pos="VERB">approached </w><w c5="AT0" hw="the" pos="ART">the </w><w c5="AJ0" hw="tricky" pos="ADJ">tricky </w><w c5="NN1" hw="transfer" pos="SUBST">transfer </w><w c5="PRP" hw="to" pos="PREP">to </w><w c5="AT0" hw="the" pos="ART">the </w><w c5="NN1" hw="screen" pos="SUBST">screen</w><c c5="PUN">: </c><c c5="PUQ">‘</c><w c5="NN1" hw="theatre" pos="SUBST">Theatre </w><w c5="VBZ" hw="be" pos="VERB">is </w><w c5="AT0" hw="the" pos="ART">the </w><w c5="NN1" hw="art" pos="SUBST">art </w><w c5="PRF" hw="of" pos="PREP">of </w><w c5="NN1" hw="suggestion" pos="SUBST">suggestion </w><w c5="CJC" hw="and" pos="CONJ">and </w><w c5="XX0" hw="not" pos="ADV">not </w><w c5="PRF" hw="of" pos="PREP">of </w><w c5="NN1" hw="statement" pos="SUBST">statement</w><c c5="PUN">…</c><w c5="AT0" hw="the" pos="ART">the </w><w c5="NN1" hw="cinema" pos="SUBST">cinema </w><w c5="VHZ" hw="have" pos="VERB">has </w><w c5="TO0" hw="to" pos="PREP">to </w><w c5="VVI" hw="produce" pos="VERB">produce </w><w c5="AJ0" hw="complete" pos="ADJ">complete </w><w c5="NN2" hw="image" pos="SUBST">images</w><c c5="PUN">.</c><c c5="PUQ">’</c></s>
<s n="51"><w c5="DT0" hw="that" pos="ADJ">That </w><w c5="VBZ" hw="be" pos="VERB">is </w><w c5="AT0" hw="the" pos="ART">the </w><w c5="AJ0" hw="key" pos="ADJ">key </w><w c5="NN1" hw="problem" pos="SUBST">problem</w><c c5="PUN">.</c></s>
<s n="52"><w c5="CJC" hw="but" pos="CONJ">But </w><w c5="PNP" hw="it" pos="PRON">it </w><w c5="VBD" hw="be" pos="VERB">was </w><w c5="NN2" hw="signal" pos="SUBST">Signals </w><w c5="CJT" hw="that" pos="CONJ">that </w><w c5="VVD" hw="offer" pos="VERB">offered </w><w c5="AV0" hw="just" pos="ADV">just </w><w c5="DTQ" hw="what" pos="PRON">what </w><w c5="PNP" hw="we" pos="PRON">we </w><w c5="VVB" hw="need" pos="VERB">need </w><w c5="PRP" hw="before" pos="PREP">before </w><w c5="VVG" hw="settle" pos="VERB">settling </w><w c5="AVP" hw="down" pos="ADV">down </w><w c5="PRP" hw="on" pos="PREP">on </w><w c5="NP0" hw="saturday" pos="SUBST">Saturday </w><w c5="NN1" hw="night" pos="SUBST">night </w><w c5="PRP" hw="with" pos="PREP">with </w><w c5="AJ0" hw="soft" pos="ADJ">soft </w><w c5="NN2" hw="cushion" pos="SUBST">cushions </w><w c5="CJC" hw="and" pos="CONJ">and </w><w c5="NN1-VVB" hw="iron" pos="SUBST">iron </w><w c5="NN2-VVZ" hw="ration" pos="SUBST">rations</w><c c5="PUN">: </c><w c5="AT0" hw="a" pos="ART">a </w><w c5="AJ0" hw="clear" pos="ADJ">clear </w><w c5="NN1" hw="summary" pos="SUBST">summary</w><c c5="PUN">, </c><w c5="CJC" hw="and" pos="CONJ">and </w><w c5="AT0" hw="the" pos="ART">the </w><w c5="NN1" hw="chance" pos="SUBST">chance </w><w c5="TO0" hw="to" pos="PREP">to </w><w c5="VVI" hw="fix" pos="VERB">fix </w><w c5="PRP" hw="on" pos="PREP">on </w><w c5="AT0" hw="the" pos="ART">the </w><w c5="AJ0" hw="central" pos="ADJ">central </w><w c5="NN2" hw="character" pos="SUBST">characters </w><w c5="PRP" hw="in" pos="PREP">in </w><w c5="DT0" hw="this" pos="ADJ">this </w><w c5="AJ0" hw="huge" pos="ADJ">huge </w><w c5="AJ0" hw="dramatic" pos="ADJ">dramatic </w><w c5="NN1" hw="tapestry" pos="SUBST">tapestry</w><c c5="PUN">.</c></s></p><p>
<s n="53"><w c5="NP0-NN1" hw="brook" pos="SUBST">Brook </w><w c5="VVD" hw="talk" pos="VERB">talked </w><w c5="PRP" hw="about" pos="PREP">about </w><w c5="DT0" hw="that" pos="ADJ">that </w><w c5="AJ0" hw="central" pos="ADJ">central </w><w c5="NN1" hw="game" pos="SUBST">game </w><w c5="PRF" hw="of" pos="PREP">of </w><w c5="NN0" hw="dice" pos="SUBST">dice </w><w c5="CJT" hw="that" pos="CONJ">that </w><w c5="NP0" hw="yudishthira" pos="SUBST">Yudishthira </w><w c5="VVZ-NN2" hw="play" pos="VERB">plays</w><c c5="PUN">, </c><c c5="PUQ">‘</c><w c5="AT0" hw="an" pos="ART">an </w><w c5="AJ0" hw="ordinary" pos="ADJ">ordinary</w><c c5="PUN">, </c><w c5="AJ0" hw="everyday" pos="ADJ">everyday </w><w c5="NN1" hw="action" pos="SUBST">action</w><c c5="PUN">…</c><w c5="PNP" hw="it" pos="PRON">it </w><w c5="AV0" hw="also" pos="ADV">also </w><w c5="VHZ" hw="have" pos="VERB">has </w><w c5="NN2" hw="overtone" pos="SUBST">overtones</w><c c5="PUN">, </c><w c5="PRP" hw="through" pos="PREP">through </w><w c5="AT0" hw="the" pos="ART">the </w><w c5="AJ0" hw="poetic" pos="ADJ">poetic </w><w c5="PRP" hw="to" pos="PREP">to </w><w c5="AT0" hw="the" pos="ART">the </w><w c5="AJ0" hw="metaphysical" pos="ADJ">metaphysical </w><w c5="CJC" hw="and" pos="CONJ">and </w><w c5="AT0" hw="the" pos="ART">the </w><w c5="AJ0" hw="supernatural" pos="ADJ">supernatural</w><c c5="PUN">, </c><w c5="CJC" hw="and" pos="CONJ">and </w><w c5="DT0" hw="this" pos="ADJ">this </w><w c5="VBZ" hw="be" pos="VERB">is </w><w c5="AV0" hw="just" pos="ADV">just </w><w c5="CJS" hw="as" pos="CONJ">as </w><w c5="PRP" hw="in" pos="PREP">in </w><w c5="NP0" hw="shakespeare" pos="SUBST">Shakespeare</w><c c5="PUN">.</c></s>
<s n="54"><w c5="PNP" hw="it" pos="PRON">It</w><w c5="VBZ" hw="be" pos="VERB">'s </w><mw c5="CJS"><w c5="CJS" hw="as" pos="CONJ">as </w><w c5="CJS" hw="though" pos="CONJ">though </w></mw><w c5="PNP" hw="you" pos="PRON">you </w><w c5="VVB" hw="put" pos="VERB">put </w><w c5="AV0" hw="together" pos="ADV">together </w><w c5="NP0-NN1" hw="coriolanus" pos="SUBST">Coriolanus</w><c c5="PUN">, </c><w c5="NP0" hw="henry" pos="SUBST">Henry </w><w c5="CRD" hw="iv" pos="ADJ">IV</w><c c5="PUN">, </c><w c5="NP0" hw="hamlet" pos="SUBST">Hamlet </w><w c5="CJC" hw="and" pos="CONJ">and </w><w c5="AT0" hw="the" pos="ART">the </w><w c5="NN1" hw="tempest" pos="SUBST">Tempest</w><c c5="PUN">.</c></s>
<s n="55"><w c5="DT0" hw="all" pos="ADJ">All </w><w c5="DT0" hw="these" pos="ADJ">these </w><w c5="NN2" hw="value" pos="SUBST">values </w><w c5="VBB" hw="be" pos="VERB">are </w><w c5="AV0" hw="there" pos="ADV">there </w><w c5="AV0" hw="simultaneously" pos="ADV">simultaneously </w><w c5="PRP" hw="within" pos="PREP">within </w><w c5="AT0" hw="the" pos="ART">the </w><w c5="NP0-NN1" hw="mahabharata" pos="SUBST">Mahabharata</w><c c5="PUN">.</c></s>
<s n="56"><w c5="PNP" hw="it" pos="PRON">It </w><w c5="VVZ" hw="explode" pos="VERB">explodes </w><w c5="DT0" hw="all" pos="ADJ">all </w><w c5="AJ0" hw="conventional" pos="ADJ">conventional </w><w c5="NN2" hw="idea" pos="SUBST">ideas </w><w c5="PRF" hw="of" pos="PREP">of </w><w c5="NN1" hw="morality" pos="SUBST">morality</w><c c5="PUN">.</c><c c5="PUQ">’</c></s></p><p>
<s n="57"><w c5="AV0" hw="here" pos="ADV">HERE </w><w c5="PRP" hw="in" pos="PREP">in </w><w c5="AT0" hw="the" pos="ART">the </w><w c5="NN1" hw="west" pos="SUBST">West</w><c c5="PUN">, </c><w c5="NN1" hw="episode" pos="SUBST">episode </w><w c5="CRD" hw="two" pos="ADJ">two </w><w c5="PRF" hw="of" pos="PREP">of </w><w c5="NP0" hw="blackeyes" pos="SUBST">Blackeyes </w><c c5="PUL">(</c><w c5="NP0" hw="bbc-2" pos="SUBST">BBC-2</w><c c5="PUR">) </c><w c5="AV0" hw="hardly" pos="ADV">hardly </w><w c5="VVZ" hw="advance" pos="VERB">advances </w><w c5="AT0" hw="the" pos="ART">the </w><w c5="NN1-AJ0" hw="narrative" pos="SUBST">narrative </w><mw c5="AV0"><w c5="PRP" hw="at" pos="PREP">at </w><w c5="DT0" hw="all" pos="ADJ">all </w></mw><w c5="CJC" hw="and" pos="CONJ">and </w><w c5="AV0" hw="slowly" pos="ADV">slowly </w><w c5="VVZ" hw="pick" pos="VERB">picks </w><w c5="PRP" hw="at" pos="PREP">at </w><w c5="AT0" hw="the" pos="ART">the </w><w c5="DT0" hw="same" pos="ADJ">same </w><w c5="AJ0" hw="psychological" pos="ADJ">psychological </w><w c5="NN2" hw="scab" pos="SUBST">scabs</w><c c5="PUN">.</c></s>
<s n="58"><w c5="CJS" hw="as" pos="CONJ">As </w><w c5="AT0" hw="the" pos="ART">the </w><w c5="AJ0" hw="mysterious" pos="ADJ">mysterious </w><w c5="NN1" hw="man" pos="SUBST">man </w><w c5="PRP" hw="following" pos="PREP">following </w><w c5="NP0" hw="blackeyes" pos="SUBST">Blackeyes</w><c c5="PUN">, </c><w c5="NP0" hw="nigel" pos="SUBST">Nigel </w><w c5="NP0" hw="planer" pos="SUBST">Planer </w><w c5="VVZ" hw="speak" pos="VERB">speaks </w><mw c5="AV0"><w c5="PRP" hw="at" pos="PREP">at </w><w c5="ORD" hw="last" pos="ADJ">last</w></mw><c c5="PUN">, </c><w c5="CJS" hw="though" pos="CONJ">though </w><w c5="PNP" hw="he" pos="PRON">he </w><w c5="VHZ" hw="have" pos="VERB">has </w><w c5="AV0" hw="damn" pos="ADV">damn </w><w c5="AV0" hw="all" pos="ADV">all </w><w c5="TO0" hw="to" pos="PREP">to </w><w c5="VVI" hw="say" pos="VERB">say</w><c c5="PUN">.</c></s></p><p>
<s n="59"><w c5="NP0" hw="blackeyes" pos="SUBST">Blackeyes </w><w c5="NN1" hw="bellman" pos="SUBST">Bellman </w><w c5="PNX" hw="herself" pos="PRON">herself </w><w c5="VVZ" hw="speak" pos="VERB">speaks </w><w c5="DT0" hw="some" pos="ADJ">some </w><w c5="DT0" hw="more" pos="ADJ">more</w><c c5="PUN">, </c><w c5="CJC" hw="and" pos="CONJ">and </w><w c5="VVZ" hw="say" pos="VERB">says </w><w c5="AV0" hw="even" pos="ADV">even </w><w c5="DT0" hw="less" pos="ADJ">less </w><w c5="CJS" hw="than" pos="CONJ">than</w><c c5="PUN">.</c></s>
<s n="60"><w c5="AT0" hw="a" pos="ART">A </w><w c5="AJ0" hw="top" pos="ADJ">top </w><w c5="NN1" hw="model" pos="SUBST">model </w><w c5="AV0" hw="now" pos="ADV">now</w><c c5="PUN">, </c><w c5="PNP" hw="she" pos="PRON">she </w><w c5="AV0" hw="also" pos="ADV">also </w><w c5="VVZ" hw="bestride" pos="VERB">bestrides </w><w c5="AT0" hw="the" pos="ART">the </w><w c5="AJ0" hw="unspeakable" pos="ADJ">unspeakable </w><w c5="NN1" hw="marketing" pos="SUBST">marketing </w><w c5="NN1" hw="man" pos="SUBST">man </w><w c5="NP0-NN1" hw="jamieson" pos="SUBST">Jamieson </w><c c5="PUL">(</c><w c5="NP0" hw="colin" pos="SUBST">Colin </w><w c5="NP0" hw="jeavons" pos="SUBST">Jeavons</w><c c5="PUR">)</c><c c5="PUN">, </c><w c5="AT0" hw="a" pos="ART">a </w><w c5="AJ0" hw="noisy" pos="ADJ">noisy </w><w c5="AJ0-NN1" hw="commercial" pos="ADJ">commercial </w><w c5="NN1-VVG" hw="humping" pos="SUBST">humping </w><w c5="PRP" hw="in" pos="PREP">in </w><w c5="AT0" hw="a" pos="ART">a </w><w c5="AJ0" hw="once-fashionable" pos="ADJ">once-fashionable </w><w c5="NN1" hw="seaside" pos="SUBST">seaside </w><w c5="NN1" hw="hotel" pos="SUBST">hotel</w><c c5="PUN">.</c></s>
<s n="61"><w c5="AVP" hw="down" pos="ADV">Down </w><w c5="PRP" hw="in" pos="PREP">in </w><w c5="AT0" hw="the" pos="ART">the </w><w c5="NN1" hw="ballroom" pos="SUBST">ballroom</w><c c5="PUN">, </c><w c5="NP0" hw="dennis" pos="SUBST">Dennis </w><w c5="NN2" hw="loti" pos="SUBST">Lotis </w><w c5="VBZ" hw="be" pos="VERB">is </w><w c5="VVG" hw="croon" pos="VERB">crooning </w><w c5="VVB" hw="try" pos="VERB">Try </w><w c5="AT0" hw="a" pos="ART">A </w><w c5="AJ0" hw="little" pos="ADJ">Little </w><w c5="NN1" hw="tenderness" pos="SUBST">Tenderness </w><w c5="PRP" hw="to" pos="PREP">to </w><w c5="AT0" hw="a" pos="ART">a </w><w c5="NN1" hw="dance" pos="SUBST">dance </w><w c5="NN1" hw="floor" pos="SUBST">floor </w><w c5="AJ0" hw="awash" pos="ADJ">awash </w><w c5="PRP" hw="with" pos="PREP">with </w><w c5="AJ0" hw="unsteady" pos="ADJ">unsteady </w><w c5="NN2" hw="pensioner" pos="SUBST">pensioners</w><c c5="PUN">.</c></s>
<s n="62"><w c5="PNP" hw="it" pos="PRON">It</w><w c5="VBZ" hw="be" pos="VERB">'s </w><w c5="AT0" hw="the" pos="ART">the </w><w c5="AV0" hw="most" pos="ADV">most </w><w c5="AJ0" hw="potterish" pos="ADJ">Potterish </w><w c5="NN1" hw="moment" pos="SUBST">moment </w><w c5="AV0" hw="so" pos="ADV">so </w><w c5="AV0" hw="far" pos="ADV">far</w><c c5="PUN">.</c></s>
<s n="63"><c c5="PUQ">‘</c><w c5="VBD" hw="be" pos="VERB">Was </w><w c5="DT0" hw="that" pos="ADJ">that </w><w c5="AT0" hw="a" pos="ART">a </w><w c5="AJ0" hw="real" pos="ADJ">real </w><w c5="NN1" hw="orgasm" pos="SUBST">orgasm</w><c c5="PUN">, </c><w c5="VDB" hw="do" pos="VERB">d'</w><w c5="PNP" hw="you" pos="PRON">you </w><w c5="VVI" hw="think" pos="VERB">think</w><c c5="PUN">?</c><c c5="PUQ">’ </c><w c5="VVZ" hw="ask" pos="VERB">asks </w><w c5="NN1" hw="narrator" pos="SUBST">narrator </w><w c5="NP0" hw="dennis" pos="SUBST">Dennis</w><c c5="PUN">, </c><c c5="PUQ">‘</c><w c5="ITJ" hw="no" pos="INTERJ">No</w><c c5="PUN">, </c><w c5="DT0" hw="all" pos="ADJ">all </w><w c5="AJ0" hw="fake" pos="ADJ">fake</w><c c5="PUN">, </c><mw c5="AV0"><w c5="PRF" hw="of" pos="PREP">of </w><w c5="NN1" hw="course" pos="SUBST">course</w></mw><c c5="PUN">.</c></s>
<s n="64"><w c5="CJC" hw="but" pos="CONJ">But </w><w c5="DTQ" hw="what" pos="PRON">what </w><w c5="VVZ" hw="happen" pos="VERB">happens </w><w c5="PRP" hw="to" pos="PREP">to </w><w c5="PNP" hw="she" pos="PRON">her</w><c c5="PUN">, </c><w c5="PRP" hw="to" pos="PREP">to </w><w c5="PNP" hw="i" pos="PRON">me</w><c c5="PUN">, </c><w c5="CJS" hw="if" pos="CONJ">if </w><c c5="PUN">— </c><w c5="VVD-VVN" hw="make" pos="VERB">made </w><w c5="TO0" hw="to" pos="PREP">to </w><w c5="VVI" hw="pretend" pos="VERB">pretend </w><c c5="PUN">— </c><w c5="PNP" hw="we" pos="PRON">we </w><w c5="VVB" hw="pretend" pos="VERB">pretend </w><w c5="AV0" hw="too" pos="ADV">too </w><w c5="AV0" hw="often" pos="ADV">often</w><c c5="PUN">?</c><c c5="PUQ">’</c></s></p><p>
<s n="65"><mw c5="AV0"><w c5="DT0" hw="half" pos="ADJ">Half </w><w c5="NN1" hw="way" pos="SUBST">way </w></mw><w c5="PRP" hw="through" pos="PREP">through </w><w c5="AT0" hw="the" pos="ART">the </w><w c5="NP0" hw="blackeyes" pos="SUBST">Blackeyes </w><w c5="NN1" hw="saga" pos="SUBST">saga</w><c c5="PUN">, </c><w c5="PNP" hw="it" pos="PRON">it </w><w c5="VVZ" hw="look" pos="VERB">looks </w><mw c5="CJS"><w c5="CJS" hw="as" pos="CONJ">as </w><w c5="CJS" hw="though" pos="CONJ">though </w></mw><w c5="PNP" hw="we" pos="PRON">we </w><w c5="VBB" hw="be" pos="VERB">are </w><w c5="VVG" hw="go" pos="VERB">going </w><w c5="TO0" hw="to" pos="PREP">to </w><w c5="VHI" hw="have" pos="VERB">have </w><w c5="TO0" hw="to" pos="PREP">to </w><w c5="VVI" hw="make" pos="VERB">make </w><w c5="VDI" hw="do" pos="VERB">do </w><w c5="PRP" hw="with" pos="PREP">with </w><w c5="AT0" hw="a" pos="ART">a </w><w c5="DT0" hw="few" pos="ADJ">few </w><w c5="AJ0" hw="set" pos="ADJ">set </w><w c5="NN2" hw="piece" pos="SUBST">pieces </w><w c5="PRF" hw="of" pos="PREP">of </w><w c5="AJ0" hw="one-to-one" pos="ADJ">one-to-one </w><w c5="NN1" hw="hostility" pos="SUBST">hostility</w><c c5="PUN">.</c></s>
<s n="66"><w c5="PRP" hw="on" pos="PREP">On </w><w c5="NN1" hw="radio" pos="SUBST">Radio </w><w c5="CRD" hw="4" pos="ADJ">4</w><w c5="POS" hw="'s" pos="UNC">'s </w><w c5="NN1-VVB" hw="start" pos="SUBST">Start </w><w c5="AT0" hw="the" pos="ART">the </w><w c5="NN1" hw="week" pos="SUBST">Week</w><c c5="PUN">, </c><w c5="NP0" hw="potter" pos="SUBST">Potter </w><w c5="VVD" hw="emphasise" pos="VERB">emphasised </w><w c5="DPS" hw="he" pos="PRON">his </w><w c5="NN2" hw="character" pos="SUBST">characters</w><w c5="POS" hw="'" pos="UNC">' </w><w c5="NN1" hw="aloneness" pos="SUBST">aloneness </w><c c5="PUN">— </c><w c5="VVN" hw="separate" pos="VERB">separated </w><w c5="PRP" hw="by" pos="PREP">by </w><w c5="NN2" hw="passage" pos="SUBST">passages </w><w c5="AVQ-CJS" hw="where" pos="ADV">where </w><w c5="AT0" hw="the" pos="ART">the </w><w c5="NN1" hw="writer" pos="SUBST">writer </w><w c5="VDZ" hw="do" pos="VERB">does </w><w c5="DPS" hw="he" pos="PRON">his </w><w c5="AJ0" hw="directorial" pos="ADJ">directorial </w><w c5="NN2" hw="exercise" pos="SUBST">exercises</w><c c5="PUN">.</c></s></p><p>
<s n="67"><w c5="EX0" hw="there" pos="PRON">There </w><w c5="VBD" hw="be" pos="VERB">was </w><w c5="AT0" hw="the" pos="ART">the </w><w c5="NN1" hw="interview" pos="SUBST">interview </w><w c5="PRP" hw="in" pos="PREP">in </w><w c5="AT0" hw="the" pos="ART">the </w><w c5="NN1" hw="morgue" pos="SUBST">morgue </w><w c5="PRP" hw="between" pos="PREP">between </w><w c5="NP0" hw="jamieson" pos="SUBST">Jamieson </w><w c5="CJC" hw="and" pos="CONJ">and </w><w c5="NN1" hw="detective" pos="SUBST">Detective </w><w c5="NP0" hw="blake" pos="SUBST">Blake</w><c c5="PUN">, </c><w c5="PNQ" hw="whom" pos="PRON">whom </w><w c5="NP0" hw="john" pos="SUBST">John </w><w c5="NN1" hw="shrapnel" pos="SUBST">Shrapnel </w><w c5="VHZ" hw="have" pos="VERB">has </w><w c5="VVN" hw="make" pos="VERB">made </w><w c5="PRP" hw="into" pos="PREP">into </w><w c5="AT0" hw="the" pos="ART">the </w><w c5="PNI" hw="one" pos="PRON">one </w><w c5="AV0" hw="compulsively" pos="ADV">compulsively </w><w c5="AJ0" hw="watchable" pos="ADJ">watchable </w><w c5="NN1" hw="character" pos="SUBST">character </w><w c5="AV0" hw="so" pos="ADV">so </w><w c5="AV0" hw="far" pos="ADV">far</w><c c5="PUN">.</c></s>
<s n="68"><w c5="CJC" hw="and" pos="CONJ">And </w><w c5="EX0" hw="there" pos="PRON">there </w><w c5="VBZ" hw="be" pos="VERB">is </w><w c5="NP0" hw="blackeyes" pos="SUBST">Blackeyes </w><w c5="PNX" hw="herself" pos="PRON">herself </w><w c5="VVG" hw="undergo" pos="VERB">undergoing </w><w c5="DPS" hw="she" pos="PRON">her </w><w c5="ORD" hw="first" pos="ADJ">first </w><w c5="NN1" hw="trial" pos="SUBST">trial </w><w c5="PRP" hw="by" pos="PREP">by </w><w c5="NN1" hw="fire" pos="SUBST">fire </w><w c5="PRP" hw="under" pos="PREP">under </w><w c5="AT0" hw="the" pos="ART">the </w><w c5="NN1" hw="photographer" pos="SUBST">photographer</w><w c5="POS" hw="'s" pos="UNC">'s </w><w c5="NN2" hw="light" pos="SUBST">lights </w><w c5="CJC" hw="and" pos="CONJ">and </w><w c5="AJ0" hw="lascivious" pos="ADJ">lascivious </w><w c5="NN1" hw="eye" pos="SUBST">eye</w><c c5="PUN">.</c></s></p><p>
<s n="69"><c c5="PUQ">‘</c><w c5="PNP" hw="i" pos="PRON">I </w><w c5="VDB" hw="do" pos="VERB">do</w><w c5="XX0" hw="nt" pos="ADV">nt </w><w c5="VVI" hw="think" pos="VERB">think </w><w c5="PNP" hw="we" pos="PRON">we </w><w c5="VM0" hw="should" pos="VERB">should </w><w c5="VVI" hw="compromise" pos="VERB">compromise </w><w c5="AV0" hw="here" pos="ADV">here</w><c c5="PUN">,</c><c c5="PUQ">’ </c><w c5="PNP" hw="he" pos="PRON">he </w><w c5="VVZ" hw="say" pos="VERB">says </w><w c5="CJS" hw="as" pos="CONJ">as </w><w c5="PNP" hw="he" pos="PRON">he </w><w c5="VVZ" hw="lure" pos="VERB">lures </w><w c5="PNP" hw="she" pos="PRON">her </w><mw c5="PRP"><w c5="AVP" hw="out" pos="ADV">out </w><w c5="PRF" hw="of" pos="PREP">of </w></mw><w c5="DPS" hw="she" pos="PRON">her </w><w c5="NN1" hw="bra" pos="SUBST">bra</w><c c5="PUN">, </c><w c5="CJC" hw="and" pos="CONJ">and </w><w c5="AT0" hw="the" pos="ART">the </w><w c5="NN1" hw="narrator" pos="SUBST">narrator </w><w c5="VVZ" hw="repeat" pos="VERB">repeats </w><w c5="AT0" hw="the" pos="ART">the </w><w c5="NN1" hw="theme" pos="SUBST">theme </w><w c5="CJS" hw="as" pos="CONJ">as </w><w c5="DPS" hw="he" pos="PRON">his </w><w c5="NN1" hw="camera" pos="SUBST">camera </w><w c5="NN2" hw="pan" pos="SUBST">pans </w><w c5="VVB" hw="round" pos="VERB">round </w><w c5="TO0" hw="to" pos="PREP">to </w><w c5="VVI" hw="give" pos="VERB">give </w><w c5="PNP" hw="we" pos="PRON">us </w><w c5="AT0" hw="an" pos="ART">an </w><w c5="NN1" hw="eyeful" pos="SUBST">eyeful </w><w c5="PRF" hw="of" pos="PREP">of </w><w c5="AT0" hw="the" pos="ART">the </w><w c5="NN1" hw="picture" pos="SUBST">picture </w><w c5="NN1" hw="man" pos="SUBST">man </w><w c5="VVG" hw="get" pos="VERB">getting </w><w c5="AVP" hw="down" pos="ADV">down </w><w c5="TO0" hw="to" pos="PREP">to </w><w c5="VVI" hw="nipple" pos="VERB">nipple </w><w c5="NN1-AJ0" hw="level" pos="SUBST">level</w><c c5="PUN">.</c></s>
<s n="70"><w c5="CJC" hw="and" pos="CONJ">And </w><w c5="AT0" hw="the" pos="ART">the </w><w c5="NN1" hw="narrator" pos="SUBST">narrator </w><w c5="NN2-VVZ" hw="intone" pos="SUBST">intones</w><c c5="PUN">, </c><c c5="PUQ">‘</c><w c5="PNP" hw="i" pos="PRON">I</w><w c5="VBB" hw="be" pos="VERB">'m </w><w c5="VVN-AJ0" hw="compromise" pos="VERB">compromised </w><mw c5="PRP"><w c5="AVP" hw="out" pos="ADV">out </w><w c5="PRF" hw="of" pos="PREP">of </w></mw><w c5="DPS" hw="he" pos="PRON">his </w><w c5="AJ0" hw="dirty" pos="ADJ">dirty </w><w c5="NN1" hw="mouth" pos="SUBST">mouth</w><c c5="PUN">.</c><c c5="PUQ">’</c></s></p><p>
<s n="71"><w c5="AV0" hw="yet" pos="ADV">Yet </w><w c5="CJS" hw="if" pos="CONJ">if </w><w c5="PNI" hw="anything" pos="PRON">anything </w><w c5="NN2" hw="compromise" pos="SUBST">compromises </w><w c5="VVB" hw="potter" pos="VERB">Potter </w><w c5="AV0" hw="here" pos="ADV">here</w><c c5="PUN">, </c><w c5="PNP" hw="it" pos="PRON">it</w><w c5="VBZ" hw="be" pos="VERB">'s </w><w c5="XX0" hw="not" pos="ADV">not </w><w c5="VVG" hw="play" pos="VERB">playing </w><w c5="NN1" hw="voyeur" pos="SUBST">voyeur</w><c c5="PUN">.</c></s>
<s n="72"><w c5="PNP" hw="it" pos="PRON">It</w><w c5="VBZ" hw="be" pos="VERB">'s </w><w c5="DPS" hw="he" pos="PRON">his </w><w c5="NN1" hw="failure" pos="SUBST">failure </w><w c5="TO0" hw="to" pos="PREP">to </w><w c5="VVI" hw="punch" pos="VERB">punch </w><w c5="AV0" hw="home" pos="ADV">home </w><w c5="DPS" hw="he" pos="PRON">his </w><w c5="AJ0" hw="underlying" pos="ADJ">underlying </w><w c5="NN1" hw="theme" pos="SUBST">theme</w><c c5="PUN">.</c></s>
<s n="73"><mw c5="PRP"><w c5="AV0" hw="instead" pos="ADV">Instead </w><w c5="PRF" hw="of" pos="PREP">of </w></mw><w c5="VVG" hw="recognise" pos="VERB">recognising </w><w c5="AT0" hw="a" pos="ART">a </w><w c5="AJ0" hw="commercial" pos="ADJ">commercial </w><w c5="NN1" hw="exploitation" pos="SUBST">exploitation</w><c c5="PUN">, </c><w c5="PNP" hw="we" pos="PRON">we</w><w c5="VBB" hw="be" pos="VERB">'re </w><w c5="VVN" hw="invite" pos="VERB">invited </w><w c5="TO0" hw="to" pos="PREP">to </w><w c5="VVI" hw="see" pos="VERB">see </w><w c5="AJ0" hw="male" pos="ADJ">male </w><w c5="NN1" hw="lust" pos="SUBST">lust </w><w c5="PRP" hw="as" pos="PREP">as </w><w c5="AT0" hw="the" pos="ART">the </w><w c5="AJ0-NN1" hw="corrupting" pos="ADJ">corrupting </w><w c5="NN1" hw="force" pos="SUBST">force</w><c c5="PUN">.</c></s>
<s n="74"><w c5="PRP-CJS" hw="as" pos="PREP">As </w><w c5="AT0" hw="an" pos="ART">an </w><w c5="NN1" hw="admirer" pos="SUBST">admirer </w><w c5="PRF" hw="of" pos="PREP">of </w><w c5="NP0" hw="potter" pos="SUBST">Potter</w><w c5="POS" hw="'s" pos="UNC">'s </w><w c5="NN2" hw="play" pos="SUBST">plays</w><c c5="PUN">, </c><w c5="PNP" hw="i" pos="PRON">I </w><w c5="VVB" hw="wait" pos="VERB">wait </w><w c5="TO0" hw="to" pos="PREP">to </w><w c5="VVI" hw="see" pos="VERB">see </w><w c5="AT0" hw="the" pos="ART">the </w><w c5="NN1" hw="rabbit" pos="SUBST">rabbit </w><w c5="VVN" hw="come" pos="VERB">come </w><mw c5="PRP"><w c5="AVP" hw="out" pos="ADV">out </w><w c5="PRF" hw="of" pos="PREP">of </w></mw><w c5="AT0" hw="the" pos="ART">the </w><w c5="NN1" hw="hat" pos="SUBST">hat</w><c c5="PUN">.</c></s>
<s n="75"><w c5="CJC" hw="but" pos="CONJ">But </w><w c5="PNP" hw="we" pos="PRON">we</w><w c5="VBB" hw="be" pos="VERB">'re </w><w c5="VVG" hw="run" pos="VERB">running </w><mw c5="PRP"><w c5="AVP" hw="out" pos="ADV">out </w><w c5="PRF" hw="of" pos="PREP">of </w></mw><w c5="NN1" hw="screen" pos="SUBST">screen </w><w c5="NN1" hw="time" pos="SUBST">time</w><c c5="PUN">.</c></s>
<s n="76"><w c5="AJ0-VVN" hw="saddened" pos="ADJ">Saddened </w><w c5="NN2" hw="blackeye" pos="SUBST">Blackeyes</w><w c5="POS" hw="'s" pos="UNC">'s </w><w c5="ORD" hw="last" pos="ADJ">last </w><w c5="NN1-VVB" hw="line" pos="SUBST">line </w><w c5="DT0" hw="this" pos="ADJ">this </w><w c5="NN1" hw="time" pos="SUBST">time </w><w c5="VBD" hw="be" pos="VERB">was</w><c c5="PUN">: </c><c c5="PUQ">‘</c><w c5="NP0" hw="jesus" pos="SUBST">Jesus</w><c c5="PUN">, </c><w c5="AVQ" hw="why" pos="ADV">why </w><w c5="VBD" hw="be" pos="VERB">were</w><w c5="XX0" hw="not" pos="ADV">n't </w><w c5="PNP" hw="you" pos="PRON">you </w><w c5="AT0" hw="a" pos="ART">a </w><w c5="NN1" hw="woman" pos="SUBST">woman</w><c c5="PUN">?</c><c c5="PUQ">’</c></s></p><p>
<s n="77"><w c5="NN1" hw="page" pos="SUBST">PAGE</w></s></p></div></wtext></bncDoc>
