<bncDoc xml:id="A8T"><teiHeader><fileDesc><titleStmt><title>  The Guardian, electronic edition of 1989-12-07: Religious affairs stories. Sample containing about 660 words from a periodical (domain: belief and thought) </title><respStmt><resp> Data capture and transcription </resp><name> Oxford University Press </name> </respStmt></titleStmt><editionStmt><edition>BNC XML Edition, December 2006</edition></editionStmt><extent> 660 tokens; 667 w-units; 35 s-units </extent><publicationStmt><distributor>Distributed under licence by Oxford University Computing Services on behalf of the BNC Consortium.</distributor><availability> This material is protected by international copyright laws and may not be copied or redistributed in any way. Consult the BNC Web Site at http://www.natcorp.ox.ac.uk for full licencing and distribution conditions.</availability><idno type="bnc">A8T</idno><idno type="old"> GdBeli </idno></publicationStmt><sourceDesc><bibl><title>The Guardian, electronic edition of 1989-12-07: Religious affairs stories.</title> <imprint n="GUARDI1"><publisher>Guardian Newspapers Ltd</publisher> <pubPlace>London</pubPlace> <date value="1989">1989</date> </imprint> </bibl></sourceDesc></fileDesc><encodingDesc><tagsDecl><namespace name=""><tagUsage gi="c" occurs="80"/><tagUsage gi="div" occurs="2"/><tagUsage gi="head" occurs="2"/><tagUsage gi="mw" occurs="8"/><tagUsage gi="p" occurs="14"/><tagUsage gi="s" occurs="35"/><tagUsage gi="w" occurs="667"/></namespace></tagsDecl></encodingDesc><profileDesc><creation date="1989"> </creation><textClass><catRef targets="alltim3 news  wriase0  wridom8   wrista3 "/><classCode scheme="DLEE">W newsp brdsht nat: misc</classCode><keywords><term> (none) </term></keywords></textClass></profileDesc><revisionDesc><change date="2006-10-21" who="#OUCS">Tag usage updated for BNC-XML</change><change date="2000-12-13" who="#OUCS">Last check for BNC World first release</change><change date="2000-09-06" who="#OUCS">Redo tagusage tables</change><change date="2000-09-01" who="#OUCS">Check all tagcounts</change><change date="2000-06-23" who="#OUCS">Resequenced s-units and added headers</change><change date="2000-01-21" who="#OUCS">Added date info</change><change date="2000-01-09" who="#OUCS">Updated all catrefs</change><change date="2000-01-08" who="#OUCS">Updated source title</change><change date="2000-01-08" who="#OUCS">Updated titles</change><change date="1999-12-25" who="#OUCS">corrected tagUsage</change><change date="1999-09-13" who="#UCREL">POS codes revised for BNC-2; header updated</change><change date="1994-11-24" who="#dominic">Initial accession to corpus</change></revisionDesc></teiHeader>
<wtext type="NEWS"><div level="1" n="07-DEC-89 edition, page "><head>
<s n="1"><w c5="PRP" hw="in" pos="PREP">In </w><w c5="AJ0" hw="good" pos="ADJ">good </w><w c5="NN1" hw="faith" pos="SUBST">faith </w><w c5="AJ0" hw="open" pos="ADJ">Open </w><w c5="NN1" hw="space" pos="SUBST">Space</w><c c5="PUN">..</c></s></head><p>
<s n="2"><w c5="AT0" hw="the" pos="ART">THE </w><w c5="NN1" hw="gospel" pos="SUBST">Gospel </w><w c5="NN1" hw="truth" pos="SUBST">Truth</w><c c5="PUN">?</c></s>
<s n="3"><c c5="PUL">(</c><w c5="NP0" hw="november" pos="SUBST">November </w><w c5="CRD" hw="28" pos="ADJ">28</w><c c5="PUR">) </c><w c5="VBD" hw="be" pos="VERB">was </w><w c5="AJ0" hw="interesting" pos="ADJ">interesting </w><w c5="PRP" hw="for" pos="PREP">for </w><w c5="AT0" hw="the" pos="ART">the </w><w c5="NN2" hw="assumption" pos="SUBST">assumptions </w><w c5="DPS" hw="it" pos="PRON">its </w><w c5="NN1" hw="author" pos="SUBST">author</w><c c5="PUN">, </c><w c5="NP0" hw="jayne" pos="SUBST">Jayne </w><w c5="NP0" hw="greenwell" pos="SUBST">Greenwell</w><c c5="PUN">, </c><w c5="VVN" hw="deem" pos="VERB">deemed </w><w c5="TO0" hw="to" pos="PREP">to </w><w c5="VBI" hw="be" pos="VERB">be </w><w c5="NN2" hw="fact" pos="SUBST">facts</w><c c5="PUN">.</c></s>
<s n="4"><mw c5="AV0"><w c5="PRP" hw="for" pos="PREP">For </w><w c5="NN1" hw="example" pos="SUBST">example</w></mw><c c5="PUN">, </c><c c5="PUQ">‘</c><w c5="AT0" hw="no" pos="ART">No </w><w c5="NN1" hw="child" pos="SUBST">child </w><w c5="PRF" hw="of" pos="PREP">of </w><w c5="AJ0-VVG" hw="practising" pos="ADJ">practising </w><w c5="AJ0" hw="religious" pos="ADJ">religious </w><w c5="NN2" hw="parent" pos="SUBST">parents </w><w c5="VM0" hw="will" pos="VERB">will </w><w c5="VVI" hw="miss" pos="VERB">miss </w><w c5="AVP" hw="out" pos="ADV">out </w><w c5="PRP" hw="on" pos="PREP">on </w><w c5="AJ0" hw="religious" pos="ADJ">religious </w><w c5="NN1" hw="education" pos="SUBST">education </w><c c5="PUN">— </c><w c5="PNP" hw="it" pos="PRON">it </w><w c5="VM0" hw="will" pos="VERB">will </w><w c5="VBI" hw="be" pos="VERB">be </w><w c5="VVN" hw="provide" pos="VERB">provided </w><w c5="PRP" hw="at" pos="PREP">at </w><w c5="NN1" hw="home" pos="SUBST">home</w><c c5="PUN">.</c><c c5="PUQ">’</c></s>
<s n="5"><w c5="PNQ" hw="who" pos="PRON">Who </w><w c5="VVZ" hw="say" pos="VERB">says </w><w c5="AV0" hw="so" pos="ADV">so</w><c c5="PUN">?</c></s>
<s n="6"><w c5="PNP" hw="it" pos="PRON">It </w><w c5="VM0" hw="may" pos="VERB">may </w><w c5="VBI" hw="be" pos="VERB">be </w><w c5="VVN" hw="provide" pos="VERB">provided </w><w c5="PRP" hw="at" pos="PREP">at </w><w c5="NP0" hw="sunday" pos="SUBST">Sunday </w><w c5="NN1" hw="school" pos="SUBST">school </w><w c5="CJC" hw="but" pos="CONJ">but </w><w c5="PNP" hw="i" pos="PRON">I </w><w c5="VM0" hw="would" pos="VERB">would </w><w c5="VVI" hw="think" pos="VERB">think </w><w c5="CJT" hw="that" pos="CONJ">that </w><w c5="AT0" hw="the" pos="ART">the </w><w c5="AJ0" hw="average" pos="ADJ">average </w><w c5="AJ0" hw="christian" pos="ADJ">Christian </w><w c5="NN2" hw="parent" pos="SUBST">parents </w><w c5="VHB" hw="have" pos="VERB">have </w><w c5="AT0" hw="the" pos="ART">the </w><w c5="DT0" hw="same" pos="ADJ">same </w><w c5="NN1" hw="feeling" pos="SUBST">feeling </w><w c5="PRF" hw="of" pos="PREP">of </w><w c5="NN1" hw="unease" pos="SUBST">unease </w><w c5="PRP" hw="about" pos="PREP">about </w><w c5="VVG" hw="discuss" pos="VERB">discussing </w><w c5="NN1" hw="faith" pos="SUBST">faith </w><w c5="PRP" hw="with" pos="PREP">with </w><w c5="AT0" hw="the" pos="ART">the </w><w c5="NN2" hw="child" pos="SUBST">children </w><w c5="CJS" hw="as" pos="CONJ">as </w><w c5="PNP" hw="they" pos="PRON">they </w><w c5="VDB" hw="do" pos="VERB">do </w><w c5="PRP" hw="about" pos="PREP">about </w><w c5="VVG" hw="discuss" pos="VERB">discussing </w><w c5="NN1" hw="sex" pos="SUBST">sex</w><c c5="PUN">.</c></s></p><p>
<s n="7"><w c5="NP0" hw="jayne" pos="SUBST">Jayne </w><w c5="NP0" hw="greenwell" pos="SUBST">Greenwell </w><w c5="AV0" hw="also" pos="ADV">also </w><w c5="VVZ" hw="assume" pos="VERB">assumes </w><w c5="CJT" hw="that" pos="CONJ">that </w><w c5="AT0" hw="the" pos="ART">the </w><w c5="NN1" hw="existence" pos="SUBST">existence </w><w c5="PRF" hw="of" pos="PREP">of </w><w c5="NP0-NN1" hw="god" pos="SUBST">God </w><w c5="VBZ" hw="be" pos="VERB">is </w><w c5="XX0" hw="not" pos="ADV">not </w><w c5="AT0" hw="a" pos="ART">a </w><w c5="NN1" hw="fact" pos="SUBST">fact </w><w c5="CJC" hw="but" pos="CONJ">but </w><c c5="PUQ">‘</c><w c5="AT0" hw="a" pos="ART">a </w><w c5="NN1" hw="matter" pos="SUBST">matter </w><w c5="PRF" hw="of" pos="PREP">of </w><w c5="NN1" hw="opinion" pos="SUBST">opinion</w><c c5="PUQ">’</c><c c5="PUN">.</c></s>
<s n="8"><w c5="AT0" hw="the" pos="ART">The </w><w c5="NN1" hw="truth" pos="SUBST">truth </w><w c5="VBZ" hw="be" pos="VERB">is </w><w c5="CJT" hw="that" pos="CONJ">that </w><w c5="NN0" hw="people" pos="SUBST">people </w><w c5="VDB" hw="do" pos="VERB">do</w><w c5="XX0" hw="not" pos="ADV">n't </w><w c5="VVI" hw="react" pos="VERB">react </w><w c5="PRP" hw="to" pos="PREP">to </w><w c5="NN1" hw="reality" pos="SUBST">reality</w><c c5="PUN">; </c><w c5="PNP" hw="they" pos="PRON">they </w><w c5="VVB" hw="react" pos="VERB">react </w><w c5="PRP" hw="to" pos="PREP">to </w><w c5="DPS" hw="they" pos="PRON">their </w><w c5="NN1" hw="perception" pos="SUBST">perception </w><w c5="PRF" hw="of" pos="PREP">of </w><w c5="NN1" hw="reality" pos="SUBST">reality</w><c c5="PUN">.</c></s>
<s n="9"><w c5="DPS" hw="i" pos="PRON">My </w><w c5="NN1" hw="perception" pos="SUBST">perception </w><w c5="PRF" hw="of" pos="PREP">of </w><w c5="NP0-NN1" hw="god" pos="SUBST">God </w><w c5="VBZ" hw="be" pos="VERB">is </w><w c5="AJ0" hw="real" pos="ADJ">real </w><w c5="CJC" hw="and" pos="CONJ">and </w><w c5="PNP" hw="i" pos="PRON">I </w><w c5="VM0" hw="can" pos="VERB">can </w><w c5="VVI" hw="understand" pos="VERB">understand </w><w c5="DT0-CJT" hw="that" pos="ADJ">that </w><w c5="PRP" hw="for" pos="PREP">for </w><w c5="PNP" hw="she" pos="PRON">her </w><w c5="PNP" hw="he" pos="PRON">he </w><w c5="VBZ" hw="be" pos="VERB">is</w><w c5="XX0" hw="not" pos="ADV">n't</w><c c5="PUN">.</c></s>
<s n="10"><w c5="DTQ" hw="what" pos="PRON">What </w><w c5="PNP" hw="i" pos="PRON">I </w><w c5="VM0" hw="can" pos="VERB">ca</w><w c5="XX0" hw="not" pos="ADV">n't </w><w c5="VVI" hw="understand" pos="VERB">understand </w><w c5="VBZ" hw="be" pos="VERB">is </w><w c5="PNQ" hw="who" pos="PRON">who </w><w c5="PNP" hw="she" pos="PRON">she </w><w c5="VVZ" hw="thank" pos="VERB">thanks </w><w c5="CJS" hw="when" pos="CONJ">when </w><w c5="PNP" hw="she" pos="PRON">she </w><w c5="VVZ" hw="want" pos="VERB">wants </w><w c5="TO0" hw="to" pos="PREP">to </w><w c5="VBI" hw="be" pos="VERB">be </w><w c5="AJ0" hw="thankful" pos="ADJ">thankful</w><c c5="PUN">, </c><mw c5="AV0"><w c5="PRP" hw="for" pos="PREP">for </w><w c5="NN1" hw="example" pos="SUBST">example </w></mw><w c5="CJS" hw="when" pos="CONJ">when </w><w c5="DPS" hw="she" pos="PRON">her </w><w c5="NN1" hw="son" pos="SUBST">son </w><w c5="VBD" hw="be" pos="VERB">was </w><w c5="VVN" hw="bear" pos="VERB">born</w><c c5="PUN">.</c></s>
<s n="11"><w c5="CJS" hw="if" pos="CONJ">If </w><w c5="NP0" hw="god" pos="SUBST">God </w><w c5="VBZ" hw="be" pos="VERB">is </w><w c5="XX0" hw="not" pos="ADV">not </w><w c5="AT0" hw="a" pos="ART">a </w><w c5="NN1" hw="fact" pos="SUBST">fact</w><c c5="PUN">, </c><w c5="AV0" hw="then" pos="ADV">then </w><w c5="DTQ" hw="what" pos="PRON">what </w><w c5="VHB" hw="have" pos="VERB">have </w><w c5="NN2" hw="atheist" pos="SUBST">atheists </w><w c5="TO0" hw="to" pos="PREP">to </w><w c5="VVI" hw="fear" pos="VERB">fear </w><w c5="CJS" hw="if" pos="CONJ">if </w><w c5="DPS" hw="they" pos="PRON">their </w><w c5="NN2" hw="kid" pos="SUBST">kids </w><w c5="VVB" hw="learn" pos="VERB">learn </w><w c5="PRP" hw="about" pos="PREP">about </w><w c5="PNP" hw="he" pos="PRON">him</w><c c5="PUN">?</c></s>
<s n="12"><w c5="CJS" hw="if" pos="CONJ">If </w><w c5="PNI" hw="something" pos="PRON">something </w><w c5="VBZ" hw="be" pos="VERB">is </w><w c5="PNI" hw="nothing" pos="PRON">nothing</w><c c5="PUN">, </c><w c5="AVQ" hw="how" pos="ADV">how </w><w c5="VM0" hw="can" pos="VERB">can </w><w c5="PNP" hw="it" pos="PRON">it </w><w c5="VVI" hw="affect" pos="VERB">affect </w><w c5="PNI" hw="anything" pos="PRON">anything</w><c c5="PUN">?</c></s></p><p>
<s n="13"><w c5="NP0" hw="terry" pos="SUBST">Terry </w><w c5="NP0" hw="wynn" pos="SUBST">Wynn </w><w c5="NN1" hw="member" pos="SUBST">Member </w><w c5="PRF" hw="of" pos="PREP">of </w><w c5="AT0" hw="the" pos="ART">the </w><w c5="AJ0" hw="european" pos="ADJ">European </w><w c5="NN1" hw="parliament" pos="SUBST">Parliament </w><w c5="NP0" hw="merseyside" pos="SUBST">Merseyside </w><w c5="NN1" hw="east" pos="SUBST">East</w></s></p><p>
<s n="14"><w c5="CJS" hw="as" pos="CONJ">AS </w><w c5="PNI" hw="someone" pos="PRON">SOMEONE </w><w c5="AJ0" hw="involved" pos="ADJ">involved </w><w c5="PRP" hw="in" pos="PREP">in </w><w c5="AJ0" hw="religious" pos="ADJ">religious </w><w c5="NN1" hw="education" pos="SUBST">education</w><c c5="PUN">, </c><w c5="PNP" hw="i" pos="PRON">I </w><w c5="VVB" hw="share" pos="VERB">share </w><w c5="NP0" hw="jayne" pos="SUBST">Jayne </w><w c5="NP0" hw="greenwell" pos="SUBST">Greenwell</w><w c5="POS" hw="'s" pos="UNC">'s </w><w c5="NN1" hw="concern" pos="SUBST">concern</w><c c5="PUN">, </c><w c5="CJC" hw="but" pos="CONJ">but </w><w c5="VM0" hw="can" pos="VERB">can</w><w c5="XX0" hw="not" pos="ADV">not </w><w c5="VVI" hw="agree" pos="VERB">agree </w><w c5="PRP" hw="with" pos="PREP">with </w><w c5="DPS" hw="she" pos="PRON">her </w><w c5="NN1" hw="solution" pos="SUBST">solution </w><w c5="CJT" hw="that" pos="CONJ">that </w><w c5="NP0" hw="re" pos="SUBST">RE </w><w c5="VBB" hw="be" pos="VERB">be </w><w c5="VVN" hw="take" pos="VERB">taken </w><mw c5="PRP"><w c5="AVP" hw="out" pos="ADV">out </w><w c5="PRF" hw="of" pos="PREP">of </w></mw><w c5="AT0" hw="the" pos="ART">the </w><w c5="NN1" hw="curriculum" pos="SUBST">curriculum</w><c c5="PUN">.</c></s>
<s n="15"><w c5="PNP" hw="it" pos="PRON">It </w><w c5="VBZ" hw="be" pos="VERB">is </w><w c5="AV0" hw="too" pos="ADV">too </w><w c5="AJ0" hw="important" pos="ADJ">important </w><mw c5="CJS"><w c5="PRP" hw="in" pos="PREP">in </w><w c5="CJT" hw="that" pos="CONJ">that </w></mw><w c5="PNP" hw="it" pos="PRON">it </w><w c5="VVZ" hw="enable" pos="VERB">enables </w><w c5="NN2" hw="child" pos="SUBST">children </w><w c5="TO0" hw="to" pos="PREP">to </w><w c5="VVI" hw="understand" pos="VERB">understand </w><w c5="AVQ" hw="how" pos="ADV">how </w><w c5="NN1" hw="religion" pos="SUBST">religion </w><w c5="VVZ-NN2" hw="influence" pos="VERB">influences </w><w c5="NN2" hw="individual" pos="SUBST">individuals </w><w c5="CJC" hw="and" pos="CONJ">and </w><w c5="NN2" hw="society" pos="SUBST">societies</w><c c5="PUN">, </c><w c5="CJC" hw="and" pos="CONJ">and </w><w c5="TO0" hw="to" pos="PREP">to </w><w c5="VVI" hw="explore" pos="VERB">explore </w><w c5="AVQ" hw="how" pos="ADV">how </w><w c5="NN0" hw="people" pos="SUBST">people </w><w c5="VVB" hw="form" pos="VERB">form </w><w c5="DPS" hw="they" pos="PRON">their </w><w c5="DT0" hw="own" pos="ADJ">own </w><w c5="NN2" hw="belief" pos="SUBST">beliefs </w><w c5="CJC" hw="and" pos="CONJ">and </w><w c5="NN2" hw="value" pos="SUBST">values </w><c c5="PUN">— </c><w c5="PRP" hw="including" pos="PREP">including </w><w c5="NN1" hw="atheism" pos="SUBST">atheism</w><c c5="PUN">.</c></s></p><p>
<s n="16"><w c5="AV0" hw="however" pos="ADV">However</w><c c5="PUN">, </c><w c5="PNP" hw="i" pos="PRON">I </w><w c5="VM0" hw="would" pos="VERB">would </w><w c5="VVI" hw="denounce" pos="VERB">denounce </w><w c5="AT0" hw="the" pos="ART">the </w><w c5="NN1" hw="kind" pos="SUBST">kind </w><w c5="PRF" hw="of" pos="PREP">of </w><w c5="NP0" hw="re" pos="SUBST">RE </w><w c5="PNP" hw="she" pos="PRON">she </w><w c5="VVZ" hw="describe" pos="VERB">describes </w><w c5="CJS" hw="because" pos="CONJ">because </w><w c5="PNP" hw="it" pos="PRON">it </w><w c5="VVZ" hw="impose" pos="VERB">imposes </w><w c5="NN2" hw="belief" pos="SUBST">beliefs </w><mw c5="PRP"><w c5="AV0" hw="rather" pos="ADV">rather </w><w c5="CJS" hw="than" pos="CONJ">than </w></mw><w c5="VVZ" hw="explore" pos="VERB">explores </w><w c5="PNP" hw="they" pos="PRON">them</w><c c5="PUN">.</c></s>
<s n="17"><w c5="PRP" hw="in" pos="PREP">In </w><w c5="DT0" hw="this" pos="ADJ">this </w><w c5="NN1" hw="respect" pos="SUBST">respect </w><w c5="PNP" hw="it" pos="PRON">it </w><w c5="VVZ" hw="contradict" pos="VERB">contradicts </w><w c5="AT0" hw="the" pos="ART">the </w><w c5="NN1" hw="approach" pos="SUBST">approach </w><w c5="PRP" hw="to" pos="PREP">to </w><w c5="NN1" hw="education" pos="SUBST">education </w><mw c5="AV0"><w c5="PRP" hw="in" pos="PREP">in </w><w c5="AJ0" hw="general" pos="ADJ">general </w></mw><w c5="DTQ" hw="which" pos="PRON">which </w><w c5="VBZ" hw="be" pos="VERB">is </w><w c5="TO0" hw="to" pos="PREP">to </w><w c5="VVI" hw="enable" pos="VERB">enable </w><w c5="NN2" hw="child" pos="SUBST">children </w><w c5="TO0" hw="to" pos="PREP">to </w><w c5="VVI" hw="acquire" pos="VERB">acquire </w><w c5="AJ0" hw="critical" pos="ADJ">critical </w><w c5="NN2" hw="skill" pos="SUBST">skills </w><w c5="CJC" hw="and" pos="CONJ">and </w><w c5="VVB" hw="achieve" pos="VERB">achieve </w><w c5="AT0" hw="the" pos="ART">the </w><w c5="NN1" hw="kind" pos="SUBST">kind </w><w c5="PRF" hw="of" pos="PREP">of </w><w c5="VVG-NN1" hw="understand" pos="VERB">understanding </w><w c5="CJT-DT0" hw="that" pos="CONJ">that </w><w c5="VVZ" hw="make" pos="VERB">makes </w><w c5="NN1" hw="knowledge" pos="SUBST">knowledge </w><w c5="DPS" hw="they" pos="PRON">their </w><w c5="DT0" hw="own" pos="ADJ">own</w><c c5="PUN">, </c><w c5="XX0" hw="not" pos="ADV">not </w><w c5="DT0" hw="that" pos="ADJ">that </w><w c5="PRF" hw="of" pos="PREP">of </w><w c5="DPS" hw="they" pos="PRON">their </w><w c5="NN2" hw="parent" pos="SUBST">parents </w><w c5="CJC" hw="or" pos="CONJ">or </w><w c5="NN1" hw="society" pos="SUBST">society</w><c c5="PUN">.</c></s></p><p>
<s n="18"><w c5="NN2" hw="way" pos="SUBST">Ways </w><w c5="PRF" hw="of" pos="PREP">of </w><w c5="VVG-NN1" hw="teach" pos="VERB">teaching </w><w c5="NP0" hw="re" pos="SUBST">RE </w><w c5="PRP" hw="to" pos="PREP">to </w><w c5="AJ0" hw="young" pos="ADJ">young </w><w c5="NN2" hw="child" pos="SUBST">children </w><w c5="VHB" hw="have" pos="VERB">have </w><w c5="VVN" hw="receive" pos="VERB">received </w><w c5="AV0" hw="too" pos="ADV">too </w><w c5="DT0" hw="little" pos="ADJ">little </w><w c5="NN1" hw="attention" pos="SUBST">attention</w><c c5="PUN">, </c><w c5="CJC" hw="and" pos="CONJ">and </w><w c5="NN2" hw="teacher" pos="SUBST">teachers </w><w c5="VBB" hw="be" pos="VERB">are </w><w c5="VVN" hw="give" pos="VERB">given </w><w c5="AV0" hw="woefully" pos="ADV">woefully </w><w c5="DT0" hw="little" pos="ADJ">little </w><w c5="NN1" hw="training" pos="SUBST">training </w><c c5="PUN">— </c><w c5="AV0" hw="consequently" pos="ADV">consequently </w><w c5="AT0" hw="the" pos="ART">the </w><w c5="PNI" hw="one" pos="PRON">one </w><w c5="VVD-VVN" hw="mention" pos="VERB">mentioned </w><w c5="PRP" hw="in" pos="PREP">in </w><w c5="AT0" hw="the" pos="ART">the </w><w c5="NN1" hw="article" pos="SUBST">article </w><w c5="VBZ" hw="be" pos="VERB">is </w><w c5="AV0" hw="probably" pos="ADV">probably </w><w c5="VVN" hw="leave" pos="VERB">left </w><w c5="TO0" hw="to" pos="PREP">to </w><w c5="VVI" hw="teach" pos="VERB">teach </w><w c5="CJS" hw="as" pos="CONJ">as </w><w c5="PNP" hw="she" pos="PRON">she </w><w c5="VBD" hw="be" pos="VERB">was </w><w c5="AV0" hw="once" pos="ADV">once </w><w c5="VVN" hw="teach" pos="VERB">taught</w><c c5="PUN">.</c></s></p><p>
<s n="19"><w c5="NP0" hw="w" pos="SUBST">W </w><w c5="NP0" hw="owen" pos="SUBST">Owen </w><w c5="NP0" hw="cole" pos="SUBST">Cole </w><w c5="NP0" hw="chichester" pos="SUBST">Chichester</w></s></p><p>
<s n="20"><w c5="NP0" hw="iwould" pos="SUBST">IWOULD </w><w c5="VVB-NN1" hw="urge" pos="VERB">urge </w><w c5="NP0" hw="jayne" pos="SUBST">Jayne </w><w c5="NP0" hw="greenwell" pos="SUBST">Greenwell </w><w c5="XX0" hw="not" pos="ADV">not </w><w c5="TO0" hw="to" pos="PREP">to </w><w c5="VBI" hw="be" pos="VERB">be </w><w c5="AJ0" hw="concerned" pos="ADJ">concerned </w><w c5="PRP" hw="about" pos="PREP">about </w><w c5="DPS" hw="she" pos="PRON">her </w><w c5="NN1" hw="son" pos="SUBST">son</w><w c5="POS" hw="'s" pos="UNC">'s </w><w c5="AJ0" hw="religious" pos="ADJ">religious </w><w c5="NN1" hw="instruction" pos="SUBST">instruction</w><c c5="PUN">.</c></s>
<s n="21"><w c5="DPS" hw="i" pos="PRON">My </w><w c5="NN1" hw="son" pos="SUBST">son</w><c c5="PUN">, </c><w c5="PRP" hw="aged" pos="PREP">aged </w><w c5="CRD" hw="four" pos="ADJ">four</w><c c5="PUN">, </c><w c5="VVZ" hw="believe" pos="VERB">believes </w><w c5="PRP" hw="in" pos="PREP">in </w><w c5="NP0" hw="god" pos="SUBST">God </w><w c5="CJC" hw="and" pos="CONJ">and </w><w c5="NP0" hw="jesus" pos="SUBST">Jesus</w><c c5="PUN">, </c><w c5="CJS" hw="as" pos="CONJ">as </w><w c5="PNP" hw="i" pos="PRON">I </w><w c5="VDD" hw="do" pos="VERB">did </w><w c5="PRP" hw="as" pos="PREP">as </w><w c5="AT0" hw="a" pos="ART">a </w><w c5="NN1" hw="child" pos="SUBST">child</w><c c5="PUN">.</c></s>
<s n="22"><w c5="PNP" hw="he" pos="PRON">He </w><w c5="AV0" hw="also" pos="ADV">also </w><w c5="VVZ" hw="believe" pos="VERB">believes </w><w c5="PRP" hw="in" pos="PREP">in </w><w c5="NN2" hw="fairy" pos="SUBST">fairies</w><c c5="PUN">, </c><w c5="NN2" hw="witch" pos="SUBST">witches</w><c c5="PUN">, </c><w c5="NN1" hw="sea" pos="SUBST">sea </w><w c5="NN2" hw="monster" pos="SUBST">monsters </w><w c5="CJC" hw="and" pos="CONJ">and </w><w c5="NN1" hw="father" pos="SUBST">Father </w><w c5="NN1" hw="christmas" pos="SUBST">Christmas</w><c c5="PUN">.</c></s>
<s n="23"><w c5="PNP" hw="i" pos="PRON">I </w><w c5="VBB" hw="be" pos="VERB">am </w><w c5="AJ0" hw="confident" pos="ADJ">confident </w><w c5="CJT" hw="that" pos="CONJ">that </w><w c5="CJS" hw="when" pos="CONJ">when </w><w c5="PNP" hw="he" pos="PRON">he </w><w c5="VVZ" hw="reach" pos="VERB">reaches </w><w c5="DPS" hw="he" pos="PRON">his </w><w c5="NN2" hw="teen" pos="SUBST">teens </w><w c5="PNP" hw="he" pos="PRON">he </w><w c5="VM0" hw="will" pos="VERB">will </w><w c5="VVI" hw="challenge" pos="VERB">challenge </w><w c5="CJC" hw="and" pos="CONJ">and </w><w c5="AV0" hw="possibly" pos="ADV">possibly </w><w c5="VVB" hw="reject" pos="VERB">reject </w><w c5="NN1" hw="religion" pos="SUBST">religion </w><w c5="CJS" hw="as" pos="CONJ">as </w><w c5="PNP" hw="he" pos="PRON">he </w><w c5="VM0" hw="will" pos="VERB">will </w><w c5="AV0" hw="early" pos="ADV">earlier </w><w c5="VHI" hw="have" pos="VERB">have </w><w c5="VVN" hw="reject" pos="VERB">rejected </w><w c5="DPS" hw="he" pos="PRON">his </w><w c5="AJ0" hw="other" pos="ADJ">other </w><w c5="NN2" hw="fantasy" pos="SUBST">fantasies</w><c c5="PUN">.</c></s></p><p>
<s n="24"><w c5="PNP" hw="it" pos="PRON">It </w><w c5="VBD" hw="be" pos="VERB">was </w><w c5="AT0" hw="an" pos="ART">an </w><w c5="NN1" hw="aphorism" pos="SUBST">aphorism </w><w c5="PRF" hw="of" pos="PREP">of </w><w c5="DPS" hw="i" pos="PRON">my </w><w c5="NN2" hw="parents-in-law" pos="SUBST">parents-in-law </w><w c5="CJT" hw="that" pos="CONJ">that </w><mw c5="AV0"><w c5="PRP" hw="in" pos="PREP">in </w><w c5="NN1" hw="order" pos="SUBST">order </w></mw><w c5="TO0" hw="to" pos="PREP">to </w><w c5="VVI" hw="respond" pos="VERB">respond </w><w c5="PRP" hw="to" pos="PREP">to </w><w c5="AT0" hw="the" pos="ART">the </w><w c5="NN2" hw="argument" pos="SUBST">arguments </w><w c5="PRF" hw="of" pos="PREP">of </w><w c5="AT0" hw="the" pos="ART">the </w><w c5="AJ0" hw="religious" pos="ADJ">religious </w><w c5="NN2" hw="persuader" pos="SUBST">persuaders</w><c c5="PUN">, </c><w c5="PNP" hw="it" pos="PRON">it </w><w c5="VBD" hw="be" pos="VERB">was </w><w c5="AJ0" hw="essential" pos="ADJ">essential </w><w c5="TO0" hw="to" pos="PREP">to </w><w c5="VBI" hw="be" pos="VERB">be </w><w c5="AV0" hw="thoroughly" pos="ADV">thoroughly </w><w c5="AJ0" hw="familiar" pos="ADJ">familiar </w><w c5="PRP" hw="with" pos="PREP">with </w><w c5="AT0" hw="the" pos="ART">the </w><w c5="NN1" hw="content" pos="SUBST">content </w><w c5="PRF" hw="of" pos="PREP">of </w><w c5="AT0" hw="the" pos="ART">the </w><w c5="NN1" hw="bible" pos="SUBST">bible</w><c c5="PUN">.</c></s>
<s n="25"><w c5="AV0" hw="so" pos="ADV">So </w><w c5="VDB" hw="do" pos="VERB">do</w><w c5="XX0" hw="not" pos="ADV">n't </w><w c5="VVI" hw="worry" pos="VERB">worry</w><c c5="PUN">, </c><w c5="NP0" hw="ms" pos="SUBST">Ms </w><w c5="NP0" hw="greenwell" pos="SUBST">Greenwell</w><c c5="PUN">: </c><w c5="DPS" hw="you" pos="PRON">your </w><w c5="NN1" hw="son" pos="SUBST">son</w><w c5="POS" hw="'s" pos="UNC">'s </w><w c5="AJ0" hw="religious" pos="ADJ">religious </w><w c5="NN1" hw="education" pos="SUBST">education </w><w c5="NN2" hw="lesson" pos="SUBST">lessons </w><w c5="VM0" hw="will" pos="VERB">will </w><w c5="VVI" hw="provide" pos="VERB">provide </w><w c5="PNP" hw="he" pos="PRON">him </w><w c5="PRP" hw="with" pos="PREP">with </w><w c5="AT0" hw="the" pos="ART">the </w><w c5="NN1" hw="ammunition" pos="SUBST">ammunition </w><w c5="CJT" hw="that" pos="CONJ">that </w><w c5="PNP" hw="he" pos="PRON">he </w><w c5="VVZ" hw="need" pos="VERB">needs </w><w c5="TO0" hw="to" pos="PREP">to </w><w c5="VVI" hw="oppose" pos="VERB">oppose </w><w c5="AJ0" hw="traditional" pos="ADJ">traditional </w><w c5="AJ0" hw="religious" pos="ADJ">religious </w><w c5="NN2" hw="belief" pos="SUBST">beliefs</w><c c5="PUN">.</c></s></p><p>
<s n="26"><w c5="NP0" hw="jane" pos="SUBST">Jane </w><w c5="NP0" hw="p" pos="SUBST">P </w><w c5="NP0" hw="sutherland" pos="SUBST">Sutherland </w><w c5="NP0" hw="reading" pos="SUBST">Reading</w></s></p><p>
<s n="27"><w c5="NP0" hw="jayne" pos="SUBST">JAYNE </w><w c5="NP0" hw="greenwell" pos="SUBST">Greenwell </w><w c5="VVZ" hw="overlook" pos="VERB">overlooks </w><w c5="AT0" hw="the" pos="ART">the </w><w c5="NN1" hw="fact" pos="SUBST">fact </w><w c5="CJT" hw="that" pos="CONJ">that </w><w c5="NN1" hw="christianity" pos="SUBST">Christianity </w><w c5="VBZ" hw="be" pos="VERB">is </w><w c5="AT0" hw="the" pos="ART">the </w><w c5="NN1" hw="soil" pos="SUBST">soil </w><w c5="PRP" hw="in" pos="PREP">in </w><w c5="DTQ" hw="which" pos="PRON">which </w><w c5="AT0" hw="the" pos="ART">the </w><w c5="NN2" hw="root" pos="SUBST">roots </w><w c5="PRF" hw="of" pos="PREP">of </w><w c5="AT0" hw="the" pos="ART">the </w><w c5="AJ0" hw="ethnic" pos="ADJ">ethnic </w><w c5="AJ0" hw="british" pos="ADJ">British </w><w c5="VBB" hw="be" pos="VERB">are </w><w c5="VVN" hw="ground" pos="VERB">grounded</w><c c5="PUN">.</c></s>
<s n="28"><w c5="DT0" hw="most" pos="ADJ">Most </w><w c5="PRF" hw="of" pos="PREP">of </w><w c5="AT0" hw="the" pos="ART">the </w><w c5="AJ0" hw="praise-worthy" pos="ADJ">praise-worthy </w><w c5="NN2" hw="effort" pos="SUBST">efforts </w><w c5="TO0" hw="to" pos="PREP">to </w><w c5="VVI" hw="reflect" pos="VERB">reflect </w><w c5="NN1" hw="minority" pos="SUBST">minority </w><w c5="NN2" hw="culture" pos="SUBST">cultures </w><w c5="PRP" hw="in" pos="PREP">in </w><w c5="DPS" hw="we" pos="PRON">our </w><w c5="NN2" hw="school" pos="SUBST">schools </w><w c5="VBB" hw="be" pos="VERB">are </w><w c5="VVN" hw="base" pos="VERB">based </w><w c5="PRP" hw="on" pos="PREP">on </w><w c5="AJ0" hw="religious" pos="ADJ">religious </w><w c5="NN2" hw="festival" pos="SUBST">festivals </w><c c5="PUN">— </c><w c5="AJ0" hw="hindu" pos="ADJ">Hindu</w><c c5="PUN">, </c><w c5="AJ0" hw="moslem" pos="ADJ">Moslem</w><c c5="PUN">, </c><w c5="AJ0" hw="sikh" pos="ADJ">Sikh </w><w c5="CJC" hw="or" pos="CONJ">or </w><w c5="AJ0" hw="jewish" pos="ADJ">Jewish</w><c c5="PUN">.</c></s>
<s n="29"><w c5="DPS" hw="we" pos="PRON">Our </w><w c5="NN2" hw="child" pos="SUBST">children </w><w c5="VHB" hw="have" pos="VERB">have </w><w c5="AT0" hw="a" pos="ART">a </w><w c5="NN1" hw="right" pos="SUBST">right </w><w c5="TO0" hw="to" pos="PREP">to </w><w c5="VVI" hw="know" pos="VERB">know </w><w c5="AVQ" hw="why" pos="ADV">why </w><w c5="PNP" hw="we" pos="PRON">we </w><w c5="VHB" hw="have" pos="VERB">have </w><w c5="NN1" hw="christmas" pos="SUBST">Christmas </w><w c5="CJC" hw="and" pos="CONJ">and </w><w c5="NN1" hw="easter" pos="SUBST">Easter</w><c c5="PUN">, </c><w c5="VVZ-NN2" hw="cross" pos="VERB">crosses </w><w c5="PRP" hw="on" pos="PREP">on </w><w c5="NN1" hw="war" pos="SUBST">war </w><w c5="NN2" hw="memorial" pos="SUBST">memorials </w><w c5="CJC" hw="and" pos="CONJ">and </w><w c5="AT0" hw="a" pos="ART">a </w><w c5="NN1" hw="coronation" pos="SUBST">coronation </w><w c5="NN1" hw="service" pos="SUBST">service</w><c c5="PUN">; </c><w c5="AVQ" hw="why" pos="ADV">why </w><w c5="AT0" hw="the" pos="ART">the </w><w c5="NN1" hw="centre" pos="SUBST">centre </w><w c5="PRF" hw="of" pos="PREP">of </w><w c5="AT0" hw="every" pos="ART">every </w><w c5="AJ0" hw="english" pos="ADJ">English </w><w c5="NN1" hw="village" pos="SUBST">village </w><w c5="VBZ" hw="be" pos="VERB">is </w><w c5="AT0" hw="a" pos="ART">a </w><w c5="NN1" hw="parish" pos="SUBST">parish </w><w c5="NN1" hw="church" pos="SUBST">church</w><c c5="PUN">; </c><w c5="CJC" hw="and" pos="CONJ">and </w><w c5="AVQ" hw="why" pos="ADV">why </w><w c5="AJ0" hw="english" pos="ADJ">English </w><w c5="NN1" hw="literature" pos="SUBST">literature </w><w c5="VVZ" hw="resonate" pos="VERB">resonates </w><w c5="PRP" hw="with" pos="PREP">with </w><w c5="AJ0" hw="biblical" pos="ADJ">Biblical </w><w c5="NN1" hw="imagery" pos="SUBST">imagery</w><c c5="PUN">.</c></s>
<s n="30"><w c5="PNP" hw="they" pos="PRON">They </w><w c5="VHB" hw="have" pos="VERB">have </w><w c5="AV0" hw="even" pos="ADV">even </w><w c5="DT0" hw="more" pos="ADJ">more </w><w c5="PRF" hw="of" pos="PREP">of </w><w c5="AT0" hw="a" pos="ART">a </w><w c5="NN1" hw="right" pos="SUBST">right </w><w c5="TO0" hw="to" pos="PREP">to </w><w c5="VVI" hw="know" pos="VERB">know </w><w c5="CJS" hw="if" pos="CONJ">if </w><w c5="PNP" hw="they" pos="PRON">they </w><w c5="VBB" hw="be" pos="VERB">are </w><w c5="XX0" hw="not" pos="ADV">not </w><w c5="VBG" hw="be" pos="VERB">being </w><w c5="VVN" hw="tell" pos="VERB">told </w><w c5="PRP" hw="at" pos="PREP">at </w><w c5="NN1" hw="home" pos="SUBST">home</w><c c5="PUN">.</c></s></p><p>
<s n="31"><w c5="DT0" hw="this" pos="ADJ">This </w><w c5="VBZ" hw="be" pos="VERB">is </w><w c5="XX0" hw="not" pos="ADV">not </w><w c5="AT0" hw="the" pos="ART">the </w><w c5="DT0" hw="same" pos="ADJ">same </w><w c5="CJS" hw="as" pos="CONJ">as </w><c c5="PUQ">‘</c><w c5="AJ0" hw="force-feeding" pos="ADJ">force-feeding</w><c c5="PUQ">’ </c><w c5="NN1" hw="doctrine" pos="SUBST">doctrine</w><c c5="PUN">; </c><w c5="PNI" hw="one" pos="PRON">one </w><w c5="VM0" hw="can" pos="VERB">can </w><w c5="VVI" hw="sympathise" pos="VERB">sympathise </w><w c5="PRP" hw="with" pos="PREP">with </w><w c5="NP0" hw="jayne" pos="SUBST">Jayne </w><w c5="NP0" hw="greenwell" pos="SUBST">Greenwell</w><w c5="POS" hw="'s" pos="UNC">'s </w><w c5="NN2" hw="reservation" pos="SUBST">reservations</w><c c5="PUN">, </c><w c5="CJC" hw="but" pos="CONJ">but </w><w c5="PNP" hw="we" pos="PRON">we </w><w c5="VM0" hw="should" pos="VERB">should </w><w c5="VBI" hw="be" pos="VERB">be </w><w c5="AJ0" hw="careful" pos="ADJ">careful </w><w c5="DTQ" hw="what" pos="PRON">what </w><w c5="VVZ" hw="get" pos="VERB">gets </w><w c5="VVN" hw="throw" pos="VERB">thrown </w><w c5="AVP" hw="out" pos="ADV">out </w><w c5="PRP" hw="with" pos="PREP">with </w><w c5="AT0" hw="the" pos="ART">the </w><w c5="NN1" hw="bathwater" pos="SUBST">bathwater</w><c c5="PUN">.</c></s></p><p>
<s n="32"><w c5="NP0" hw="anne" pos="SUBST">Anne </w><w c5="NP0" hw="kiggell" pos="SUBST">Kiggell </w><w c5="NN1" hw="editor" pos="SUBST">Editor</w><c c5="PUN">, </c><w c5="AJ0" hw="prep" pos="ADJ">Prep </w><w c5="NN1" hw="school" pos="SUBST">School </w><w c5="NP0" hw="london" pos="SUBST">London </w><w c5="UNC" hw="sw14" pos="UNC">SW14 </w><w c5="NN1" hw="page" pos="SUBST">PAGE </w><w c5="NN1-VVB" hw="wom" pos="SUBST">wom</w></s></p></div><div level="1" n="07-DEC-89 edition, page 39"><head>
<s n="33"><w c5="DT0" hw="another" pos="ADJ">Another </w><w c5="NN1" hw="day" pos="SUBST">day</w><c c5="PUN">.</c></s></head><p>
<s n="34"><w c5="NP0" hw="december" pos="SUBST">December </w><w c5="CRD" hw="7" pos="ADJ">7</w><c c5="PUN">, </c><w c5="CRD" hw="1786" pos="ADJ">1786</w><c c5="PUN">: </c><w c5="PNP" hw="i" pos="PRON">I </w><w c5="VBB" hw="be" pos="VERB">am </w><w c5="PRP" hw="in" pos="PREP">in </w><w c5="AT0" hw="a" pos="ART">a </w><w c5="AJ0" hw="fair" pos="ADJ">fair </w><w c5="NN1" hw="way" pos="SUBST">way </w><w c5="PRF" hw="of" pos="PREP">of </w><w c5="VVG" hw="become" pos="VERB">becoming </w><w c5="AV0" hw="as" pos="ADV">as </w><w c5="AJ0" hw="eminent" pos="ADJ">eminent </w><w c5="CJS" hw="as" pos="CONJ">as </w><w c5="NP0" hw="thomas" pos="SUBST">Thomas </w><w c5="AT0" hw="a" pos="ART">a </w><w c5="NN1" hw="kempis" pos="SUBST">Kempis </w><w c5="CJC" hw="or" pos="CONJ">or </w><w c5="NP0" hw="john" pos="SUBST">John </w><w c5="NP0" hw="bunyan" pos="SUBST">Bunyan</w><c c5="PUN">, </c><w c5="CJC" hw="and" pos="CONJ">and </w><w c5="PNP" hw="you" pos="PRON">you </w><w c5="VM0" hw="may" pos="VERB">may </w><w c5="VVI" hw="expect" pos="VERB">expect </w><w c5="AV0" hw="henceforth" pos="ADV">henceforth </w><w c5="TO0" hw="to" pos="PREP">to </w><w c5="VVI" hw="see" pos="VERB">see </w><w c5="DPS" hw="i" pos="PRON">my </w><w c5="NN1" hw="birthday" pos="SUBST">birthday </w><w c5="VVN-VVD" hw="insert" pos="VERB">inserted </w><w c5="PRP" hw="among" pos="PREP">among </w><w c5="AT0" hw="the" pos="ART">the </w><w c5="AJ0" hw="wonderful" pos="ADJ">wonderful </w><w c5="NN2" hw="event" pos="SUBST">events </w><w c5="PRP" hw="in" pos="PREP">in </w><w c5="AT0" hw="the" pos="ART">the </w><w c5="AJ0" hw="poor" pos="ADJ">Poor </w><w c5="NP0-NN1" hw="robin" pos="SUBST">Robin</w><w c5="POS" hw="'s" pos="UNC">'s </w><w c5="CJC" hw="and" pos="CONJ">and </w><w c5="NP0" hw="aberdeen" pos="SUBST">Aberdeen </w><w c5="NP0" hw="almanacks" pos="SUBST">Almanacks</w><c c5="PUN">, </c><mw c5="PRP"><w c5="AVP" hw="along" pos="ADV">along </w><w c5="PRP" hw="with" pos="PREP">with </w></mw><w c5="AT0" hw="the" pos="ART">the </w><w c5="AJ0" hw="black" pos="ADJ">black </w><w c5="NP0" hw="monday" pos="SUBST">Monday </w><w c5="CJC" hw="and" pos="CONJ">and </w><w c5="AT0" hw="the" pos="ART">the </w><w c5="NN1" hw="battle" pos="SUBST">battle </w><w c5="PRF" hw="of" pos="PREP">of </w><w c5="NP0" hw="bothwell" pos="SUBST">Bothwell </w><w c5="NN1" hw="bridge" pos="SUBST">Bridge</w><c c5="PUN">.</c></s>
<s n="35"><c c5="PUL">(</c><w c5="NP0" hw="robert" pos="SUBST">Robert </w><w c5="NP0" hw="burns" pos="SUBST">Burns </w><w c5="PRP" hw="to" pos="PREP">to </w><w c5="NP0" hw="gavin" pos="SUBST">Gavin </w><w c5="NP0" hw="hamilton" pos="SUBST">Hamilton</w><c c5="PUN">, </c><w c5="NN2" hw="letter" pos="SUBST">Letters</w><c c5="PUN">: </c><w c5="NN0" hw="193l" pos="SUBST">193l</w><c c5="PUR">)</c><c c5="PUN">.</c></s></p></div></wtext></bncDoc>
