<bncDoc xml:id="A9G"><teiHeader><fileDesc><titleStmt><title>  The Guardian, electronic edition of 1989-12-10: Leisure pages. Sample containing about 280 words from a periodical (domain: leisure) </title><respStmt><resp> Data capture and transcription </resp><name> Oxford University Press </name> </respStmt></titleStmt><editionStmt><edition>BNC XML Edition, December 2006</edition></editionStmt><extent> 280 tokens; 281 w-units; 10 s-units </extent><publicationStmt><distributor>Distributed under licence by Oxford University Computing Services on behalf of the BNC Consortium.</distributor><availability> This material is protected by international copyright laws and may not be copied or redistributed in any way. Consult the BNC Web Site at http://www.natcorp.ox.ac.uk for full licencing and distribution conditions.</availability><idno type="bnc">A9G</idno><idno type="old"> GfLeis </idno></publicationStmt><sourceDesc><bibl><title>The Guardian, electronic edition of 1989-12-10: Leisure pages.</title> <imprint n="GUARDI1"><publisher>Guardian Newspapers Ltd</publisher> <pubPlace>London</pubPlace> <date value="1989">1989</date> </imprint> </bibl></sourceDesc></fileDesc><encodingDesc><tagsDecl><namespace name=""><tagUsage gi="c" occurs="23"/><tagUsage gi="div" occurs="1"/><tagUsage gi="head" occurs="1"/><tagUsage gi="p" occurs="1"/><tagUsage gi="s" occurs="10"/><tagUsage gi="w" occurs="281"/></namespace></tagsDecl></encodingDesc><profileDesc><creation date="1989"> </creation><textClass><catRef targets="alltim3 news  wriase0  wridom9   wrista3 "/><classCode scheme="DLEE">W newsp brdsht nat: misc</classCode><keywords><term> (none) </term></keywords></textClass></profileDesc><revisionDesc><change date="2006-10-21" who="#OUCS">Tag usage updated for BNC-XML</change><change date="2000-12-13" who="#OUCS">Last check for BNC World first release</change><change date="2000-09-06" who="#OUCS">Redo tagusage tables</change><change date="2000-09-01" who="#OUCS">Check all tagcounts</change><change date="2000-06-23" who="#OUCS">Resequenced s-units and added headers</change><change date="2000-01-21" who="#OUCS">Added date info</change><change date="2000-01-09" who="#OUCS">Updated all catrefs</change><change date="2000-01-08" who="#OUCS">Updated source title</change><change date="2000-01-08" who="#OUCS">Updated titles</change><change date="1999-12-25" who="#OUCS">corrected tagUsage</change><change date="1999-09-13" who="#UCREL">POS codes revised for BNC-2; header updated</change><change date="1994-11-24" who="#dominic">Initial accession to corpus</change></revisionDesc></teiHeader>
<wtext type="NEWS"><div level="1" n="10-DEC-89 edition, page 22"><head>
<s n="1"><w c5="AT0" hw="a" pos="ART">A </w><w c5="NN1" hw="country" pos="SUBST">Country </w><w c5="NN1" hw="diary" pos="SUBST">Diary</w><c c5="PUN">: </c><w c5="NP0" hw="machynlleth" pos="SUBST">MACHYNLLETH</w><c c5="PUN">: </c><w c5="PRP" hw="for" pos="PREP">For </w><w c5="PNP" hw="i" pos="PRON">me </w><w c5="AT0" hw="a" pos="ART">a </w><w c5="AJ0" hw="frequent" pos="ADJ">frequent </w><w c5="NN1" hw="delight" pos="SUBST">delight </w><w c5="PRP" hw="in" pos="PREP">in </w><w c5="DT0" hw="many" pos="ADJ">many </w><w c5="NN2" hw="year" pos="SUBST">years </w><w c5="PRF" hw="of" pos="PREP">of </w><w c5="VVG-NN1" hw="hill-walk" pos="VERB">hill-walking </w><w c5="PRP" hw="in" pos="PREP">in </w><w c5="NP0" hw="wales" pos="SUBST">Wales </w><w c5="VHZ" hw="have" pos="VERB">has </w><w c5="VBN" hw="be" pos="VERB">been </w><w c5="TO0" hw="to" pos="PREP">to </w><w c5="VVI" hw="come" pos="VERB">come </w><w c5="PRP" hw="upon" pos="PREP">upon </w><w c5="DT0" hw="that" pos="ADJ">that </w><w c5="AJ0" hw="lively" pos="ADJ">lively</w><c c5="PUN">, </c><w c5="AJ0" hw="eye-catching" pos="ADJ">eye-catching </w><w c5="NN1" hw="bird" pos="SUBST">bird </w><w c5="AT0" hw="the" pos="ART">the </w><w c5="NN1" hw="wheatear" pos="SUBST">wheatear </w><w c5="DTQ" hw="which" pos="PRON">which </w><w c5="AV0" hw="so" pos="ADV">so </w><w c5="VVZ" hw="love" pos="VERB">loves </w><w c5="TO0" hw="to" pos="PREP">to </w><w c5="VVI" hw="play" pos="VERB">play </w><w c5="VVB" hw="hide" pos="VERB">hide </w><w c5="CJC" hw="and" pos="CONJ">and </w><w c5="VVB" hw="seek" pos="VERB">seek </w><w c5="PRP" hw="among" pos="PREP">among </w><w c5="AT0" hw="the" pos="ART">the </w><w c5="NN2" hw="rock" pos="SUBST">rocks</w><c c5="PUN">.</c></s>
<s n="2"><w c5="CJC" hw="but" pos="CONJ">But </w><w c5="PNP" hw="i" pos="PRON">I </w><w c5="VHB" hw="have" pos="VERB">have </w><w c5="AV0" hw="seldom" pos="ADV">seldom </w><w c5="VVN" hw="get" pos="VERB">got </w><w c5="AV0" hw="very" pos="ADV">very </w><w c5="AJ0-AV0" hw="close" pos="ADJ">close </w><w c5="PRP" hw="to" pos="PREP">to </w><w c5="DT0" hw="these" pos="ADJ">these </w><w c5="AJ0" hw="quick" pos="ADJ">quick</w><c c5="PUN">, </c><w c5="AJ0" hw="nervous" pos="ADJ">nervous </w><w c5="NN2" hw="bird" pos="SUBST">birds</w><c c5="PUN">.</c></s>
<s n="3"><w c5="PRP" hw="from" pos="PREP">From </w><w c5="AT0" hw="a" pos="ART">a </w><w c5="NN1" hw="distance" pos="SUBST">distance </w><w c5="PNP" hw="i" pos="PRON">I </w><w c5="VHB" hw="have" pos="VERB">have </w><w c5="VVN" hw="manage" pos="VERB">managed </w><w c5="TO0" hw="to" pos="PREP">to </w><w c5="VVI" hw="see" pos="VERB">see </w><w c5="PNI" hw="something" pos="PRON">something </w><w c5="PRF" hw="of" pos="PREP">of </w><w c5="DPS" hw="they" pos="PRON">their </w><w c5="AJ0" hw="spectacular" pos="ADJ">spectacular </w><w c5="NN1" hw="courtship" pos="SUBST">courtship </w><w c5="VVZ-NN2" hw="frolic" pos="VERB">frolics </w><w c5="CJT" hw="that" pos="CONJ">that </w><w c5="VVB" hw="take" pos="VERB">take </w><w c5="NN1" hw="place" pos="SUBST">place </w><w c5="AV0" hw="both" pos="ADV">both </w><w c5="PRP" hw="on" pos="PREP">on </w><w c5="AT0" hw="the" pos="ART">the </w><w c5="NN1" hw="ground" pos="SUBST">ground </w><w c5="CJC" hw="and" pos="CONJ">and </w><w c5="PRP" hw="in" pos="PREP">in </w><w c5="AT0" hw="the" pos="ART">the </w><w c5="NN1" hw="air" pos="SUBST">air</w><c c5="PUN">, </c><w c5="CJC" hw="and" pos="CONJ">and </w><w c5="PNP" hw="i" pos="PRON">I </w><w c5="VHB" hw="have" pos="VERB">have </w><w c5="VVN" hw="listen" pos="VERB">listened </w><w c5="PRP" hw="to" pos="PREP">to </w><w c5="DPS" hw="they" pos="PRON">their </w><w c5="NN2" hw="song" pos="SUBST">songs </w><w c5="DTQ" hw="which" pos="PRON">which</w><c c5="PUN">, </c><w c5="CJS" hw="though" pos="CONJ">though </w><w c5="XX0" hw="not" pos="ADV">not </w><w c5="AJ0" hw="rich" pos="ADJ">rich </w><w c5="PRP" hw="in" pos="PREP">in </w><w c5="NN1" hw="melody" pos="SUBST">melody</w><c c5="PUN">, </c><w c5="VVB" hw="seem" pos="VERB">seem </w><w c5="AV0" hw="just" pos="ADV">just </w><w c5="AJ0" hw="right" pos="ADJ">right </w><w c5="PRP" hw="for" pos="PREP">for </w><w c5="AT0" hw="a" pos="ART">a </w><w c5="NN1" hw="world" pos="SUBST">world </w><w c5="PRF" hw="of" pos="PREP">of </w><w c5="NN2" hw="cliff" pos="SUBST">cliffs </w><w c5="CJC" hw="and" pos="CONJ">and </w><w c5="NN2" hw="scree" pos="SUBST">screes</w><c c5="PUN">.</c></s>
<s n="4"><w c5="CJC" hw="but" pos="CONJ">But </w><w c5="PRP" hw="with" pos="PREP">with </w><w c5="DT0" hw="such" pos="ADJ">such </w><w c5="AT0" hw="a" pos="ART">a </w><w c5="AJ0" hw="wide-awake" pos="ADJ">wide-awake </w><w c5="NN1" hw="bird" pos="SUBST">bird </w><w c5="CJS" hw="as" pos="CONJ">as </w><w c5="AT0" hw="the" pos="ART">the </w><w c5="NN1-VVB" hw="wheatear" pos="SUBST">wheatear </w><w c5="PNP" hw="you" pos="PRON">you </w><w c5="VM0" hw="will" pos="VERB">will </w><w c5="VVI" hw="discover" pos="VERB">discover </w><w c5="AV0" hw="very" pos="ADV">very </w><w c5="DT0" hw="little" pos="ADJ">little </w><w c5="AV0" hw="else" pos="ADV">else </w><w c5="PRP" hw="about" pos="PREP">about </w><w c5="DPS" hw="it" pos="PRON">its </w><w c5="AJ0" hw="private" pos="ADJ">private </w><w c5="NN1" hw="life" pos="SUBST">life </w><w c5="CJS" hw="unless" pos="CONJ">unless </w><w c5="PNP" hw="you" pos="PRON">you </w><w c5="AV0" hw="really" pos="ADV">really </w><w c5="VVB" hw="get" pos="VERB">get </w><w c5="AVP" hw="down" pos="ADV">down </w><w c5="PRP" hw="to" pos="PREP">to </w><w c5="AT0" hw="the" pos="ART">the </w><w c5="NN1" hw="job" pos="SUBST">job</w><c c5="PUN">.</c></s>
<s n="5"><w c5="CJC" hw="and" pos="CONJ">And </w><w c5="CRD" hw="40" pos="ADJ">40 </w><w c5="NN2" hw="year" pos="SUBST">years </w><w c5="AV0" hw="ago" pos="ADV">ago </w><w c5="DT0-CJT" hw="that" pos="ADJ">that </w><w c5="VBZ" hw="be" pos="VERB">is </w><w c5="AV0" hw="just" pos="ADV">just </w><w c5="DTQ" hw="what" pos="PRON">what </w><w c5="NP0" hw="peter" pos="SUBST">Peter </w><w c5="NP0" hw="conder" pos="SUBST">Conder</w><c c5="PUN">, </c><w c5="AV0" hw="soon" pos="ADV">soon </w><w c5="TO0" hw="to" pos="PREP">to </w><w c5="VBI" hw="be" pos="VERB">be </w><w c5="VVN" hw="assist" pos="VERB">assisted </w><w c5="PRP" hw="by" pos="PREP">by </w><w c5="DPS" hw="he" pos="PRON">his </w><w c5="NN1" hw="wife" pos="SUBST">wife</w><c c5="PUN">, </c><w c5="NP0" hw="pat" pos="SUBST">Pat</w><c c5="PUN">, </c><w c5="VVD" hw="set" pos="VERB">set </w><w c5="AVP" hw="out" pos="ADV">out </w><w c5="TO0" hw="to" pos="PREP">to </w><w c5="VDI" hw="do" pos="VERB">do</w><c c5="PUN">.</c></s>
<s n="6"><w c5="PNP" hw="he" pos="PRON">He </w><w c5="VHZ" hw="have" pos="VERB">has </w><w c5="VBN" hw="be" pos="VERB">been </w><w c5="VVG" hw="gather" pos="VERB">gathering </w><w c5="DPS" hw="he" pos="PRON">his </w><w c5="NN2" hw="fact" pos="SUBST">facts </w><w c5="PRP-AVP" hw="on" pos="PREP">on </w><w c5="CJC" hw="and" pos="CONJ">and </w><w c5="AVP-PRP" hw="off" pos="ADV">off </w><w c5="AV0" hw="ever" pos="ADV">ever </w><w c5="CJS" hw="since" pos="CONJ">since </w><w c5="CJC" hw="and" pos="CONJ">and </w><w c5="AV0" hw="now" pos="ADV">now </w><w c5="PNP" hw="they" pos="PRON">they </w><w c5="VBB" hw="be" pos="VERB">are </w><w c5="AJ0" hw="available" pos="ADJ">available </w><w c5="PRP" hw="to" pos="PREP">to </w><w c5="PNP" hw="we" pos="PRON">us </w><w c5="DT0" hw="all" pos="ADJ">all </w><w c5="PRP" hw="in" pos="PREP">in </w><w c5="DPS" hw="he" pos="PRON">his </w><w c5="NN1" hw="book" pos="SUBST">book </w><w c5="AT0" hw="the" pos="ART">The </w><w c5="NN1-NP0" hw="wheatear" pos="SUBST">Wheatear</w><c c5="PUN">, </c><w c5="AT0" hw="a" pos="ART">a </w><w c5="AV0" hw="truly" pos="ADV">truly </w><w c5="AJ0" hw="classic" pos="ADJ">classic </w><w c5="NN1" hw="study" pos="SUBST">study </w><w c5="PRF" hw="of" pos="PREP">of </w><w c5="AT0" hw="every" pos="ART">every </w><w c5="NN1" hw="aspect" pos="SUBST">aspect </w><w c5="PRF" hw="of" pos="PREP">of </w><w c5="AT0" hw="the" pos="ART">the </w><w c5="NN1" hw="wheatear" pos="SUBST">wheatear</w><w c5="POS" hw="'s" pos="UNC">'s </w><w c5="NN1" hw="lifestyle" pos="SUBST">lifestyle</w><c c5="PUN">.</c></s>
<s n="7"><w c5="PNP" hw="it" pos="PRON">It </w><w c5="VVZ" hw="seem" pos="VERB">seems </w><w c5="AJ0" hw="fair" pos="ADJ">fair </w><w c5="TO0" hw="to" pos="PREP">to </w><w c5="VVI" hw="claim" pos="VERB">claim </w><w c5="DT0" hw="this" pos="ADJ">this </w><w c5="AJ0" hw="attractive" pos="ADJ">attractive </w><w c5="NN1" hw="book" pos="SUBST">book </w><w c5="PRP" hw="as" pos="PREP">as </w><w c5="AT0" hw="a" pos="ART">a </w><w c5="NN1" hw="product" pos="SUBST">product </w><w c5="PRF" hw="of" pos="PREP">of </w><w c5="NP0" hw="wales" pos="SUBST">Wales </w><w c5="CJS" hw="because" pos="CONJ">because </w><w c5="CJS" hw="although" pos="CONJ">although </w><w c5="AT0" hw="the" pos="ART">the </w><w c5="NN1" hw="author" pos="SUBST">author </w><w c5="VVZ-NN2" hw="live" pos="VERB">lives </w><w c5="PRP" hw="in" pos="PREP">in </w><w c5="AJ0" hw="eastern" pos="ADJ">eastern </w><w c5="NP0" hw="england" pos="SUBST">England </w><w c5="CJC" hw="and" pos="CONJ">and </w><w c5="VHZ" hw="have" pos="VERB">has </w><w c5="VVN" hw="observe" pos="VERB">observed </w><w c5="NN2-VVZ" hw="wheatear" pos="SUBST">wheatears </w><w c5="PRP" hw="in" pos="PREP">in </w><w c5="DT0" hw="many" pos="ADJ">many </w><w c5="AJ0" hw="far-flung" pos="ADJ">far-flung </w><w c5="NN2" hw="place" pos="SUBST">places</w><c c5="PUN">, </c><w c5="AT0" hw="the" pos="ART">the </w><w c5="NN1" hw="foundation" pos="SUBST">foundation </w><w c5="NN2" hw="study" pos="SUBST">studies </w><w c5="VBD" hw="be" pos="VERB">were </w><w c5="VVN" hw="make" pos="VERB">made </w><w c5="PRP" hw="on" pos="PREP">on </w><w c5="AT0" hw="the" pos="ART">the </w><w c5="NP0" hw="pembrokeshire" pos="SUBST">Pembrokeshire </w><w c5="NN1" hw="island" pos="SUBST">island </w><w c5="PRF" hw="of" pos="PREP">of </w><w c5="NP0" hw="skokholm" pos="SUBST">Skokholm </w><w c5="CJC" hw="and" pos="CONJ">and </w><w c5="NP0" hw="peter" pos="SUBST">Peter </w><w c5="NP0" hw="conder" pos="SUBST">Conder </w><w c5="VHZ" hw="have" pos="VERB">has </w><w c5="AV0" hw="often" pos="ADV">often </w><w c5="VVN" hw="return" pos="VERB">returned </w><w c5="AV0" hw="there" pos="ADV">there </w><w c5="TO0" hw="to" pos="PREP">to </w><w c5="VVI" hw="keep" pos="VERB">keep </w><w c5="AJ0" hw="fresh" pos="ADJ">fresh </w><w c5="AT0" hw="the" pos="ART">the </w><w c5="NN1" hw="memory" pos="SUBST">memory </w><w c5="PRF" hw="of" pos="PREP">of </w><w c5="DPS" hw="he" pos="PRON">his </w><w c5="AJ0" hw="pioneering" pos="ADJ">pioneering </w><w c5="NN2" hw="research" pos="SUBST">researches</w><c c5="PUN">.</c></s>
<s n="8"><w c5="AJ0" hw="thorough" pos="ADJ">Thorough </w><w c5="PRP" hw="in" pos="PREP">in </w><w c5="DT0" hw="all" pos="ADJ">all </w><w c5="DPS" hw="it" pos="PRON">its </w><w c5="AJ0" hw="countless" pos="ADJ">countless </w><w c5="NN2" hw="detail" pos="SUBST">details </w><w c5="DPS" hw="he" pos="PRON">his </w><w c5="NN1" hw="book" pos="SUBST">book </w><w c5="VBZ" hw="be" pos="VERB">is </w><w c5="AV0" hw="well" pos="ADV">well </w><w c5="VVN" hw="write" pos="VERB">written </w><w c5="CJC" hw="and" pos="CONJ">and </w><w c5="AJ0" hw="easy" pos="ADJ">easy </w><w c5="TO0" hw="to" pos="PREP">to </w><w c5="VVI" hw="read" pos="VERB">read</w><c c5="PUN">, </c><w c5="DPS" hw="it" pos="PRON">its </w><w c5="NN1" hw="charm" pos="SUBST">charm </w><w c5="AV0" hw="further/far" pos="ADV">further </w><w c5="VVN" hw="enhance" pos="VERB">enhanced </w><w c5="PRP" hw="by" pos="PREP">by </w><w c5="DT0" hw="many" pos="ADJ">many </w><w c5="AJ0" hw="true" pos="ADJ">true </w><w c5="PRP" hw="to" pos="PREP">to </w><w c5="NN1" hw="life" pos="SUBST">life </w><w c5="NN2" hw="sketch" pos="SUBST">sketches </w><w c5="VVN-VVD" hw="make" pos="VERB">made </w><w c5="PRP" hw="in" pos="PREP">in </w><w c5="AT0" hw="the" pos="ART">the </w><w c5="NN1" hw="field" pos="SUBST">field </w><w c5="PRP" hw="by" pos="PREP">by </w><w c5="NP0" hw="john" pos="SUBST">John </w><w c5="NP0" hw="busby" pos="SUBST">Busby</w><c c5="PUN">.</c></s>
<s n="9"><w c5="AT0" hw="the" pos="ART">The </w><w c5="NN1" hw="publisher" pos="SUBST">publisher </w><w c5="VBZ" hw="be" pos="VERB">is </w><w c5="NP0" hw="christopher" pos="SUBST">Christopher </w><w c5="NP0" hw="helm" pos="SUBST">Helm</w><c c5="PUN">, </c><w c5="AT0" hw="the" pos="ART">the </w><w c5="NN1" hw="price" pos="SUBST">price </w><w c5="NN0" hw="£19.95" pos="UNC">£19.95</w><c c5="PUN">.</c></s></head><p>
<s n="10"><w c5="NP0" hw="william" pos="SUBST">WILLIAM </w><w c5="NP0-NN1" hw="condry" pos="SUBST">CONDRY</w></s></p></div></wtext></bncDoc>
