<bncDoc xml:id="A9P"><teiHeader><fileDesc><titleStmt><title>  The Guardian, electronic edition of 1989-12-11: Leisure pages. Sample containing about 576 words from a periodical (domain: leisure) </title><respStmt><resp> Data capture and transcription </resp><name> Oxford University Press </name> </respStmt></titleStmt><editionStmt><edition>BNC XML Edition, December 2006</edition></editionStmt><extent> 576 tokens; 581 w-units; 27 s-units </extent><publicationStmt><distributor>Distributed under licence by Oxford University Computing Services on behalf of the BNC Consortium.</distributor><availability> This material is protected by international copyright laws and may not be copied or redistributed in any way. Consult the BNC Web Site at http://www.natcorp.ox.ac.uk for full licencing and distribution conditions.</availability><idno type="bnc">A9P</idno><idno type="old"> GgLeis </idno></publicationStmt><sourceDesc><bibl><title>The Guardian, electronic edition of 1989-12-11: Leisure pages.</title> <imprint n="GUARDI1"><publisher>Guardian Newspapers Ltd</publisher> <pubPlace>London</pubPlace> <date value="1989">1989</date> </imprint> </bibl></sourceDesc></fileDesc><encodingDesc><tagsDecl><namespace name=""><tagUsage gi="c" occurs="69"/><tagUsage gi="div" occurs="2"/><tagUsage gi="head" occurs="4"/><tagUsage gi="mw" occurs="3"/><tagUsage gi="p" occurs="14"/><tagUsage gi="s" occurs="27"/><tagUsage gi="w" occurs="581"/></namespace></tagsDecl></encodingDesc><profileDesc><creation date="1989"> </creation><textClass><catRef targets="alltim3 news  wriase0  wridom9   wrista3 "/><classCode scheme="DLEE">W newsp brdsht nat: misc</classCode><keywords><term> (none) </term></keywords></textClass></profileDesc><revisionDesc><change date="2006-10-21" who="#OUCS">Tag usage updated for BNC-XML</change><change date="2000-12-13" who="#OUCS">Last check for BNC World first release</change><change date="2000-09-06" who="#OUCS">Redo tagusage tables</change><change date="2000-09-01" who="#OUCS">Check all tagcounts</change><change date="2000-06-23" who="#OUCS">Resequenced s-units and added headers</change><change date="2000-01-21" who="#OUCS">Added date info</change><change date="2000-01-09" who="#OUCS">Updated all catrefs</change><change date="2000-01-08" who="#OUCS">Updated source title</change><change date="2000-01-08" who="#OUCS">Updated titles</change><change date="1999-12-25" who="#OUCS">corrected tagUsage</change><change date="1999-09-13" who="#UCREL">POS codes revised for BNC-2; header updated</change><change date="1994-11-24" who="#dominic">Initial accession to corpus</change></revisionDesc></teiHeader>
<wtext type="NEWS"><div level="1" n="11-DEC-89 edition, page "><head type="MAIN">
<s n="1"><w c5="NN1-VVB" hw="snooker" pos="SUBST">Snooker</w><c c5="PUN">: </c><w c5="NP0" hw="reynolds" pos="SUBST">Reynolds </w><w c5="NN2-VVZ" hw="scale" pos="SUBST">scales </w><w c5="NP0" hw="davis" pos="SUBST">Davis </w><w c5="NN1" hw="peak" pos="SUBST">peak</w><c c5="PUN">.</c></s></head><head type="BYLINE">
<s n="2"><w c5="PRP" hw="by" pos="PREP">By </w><w c5="NP0" hw="clive" pos="SUBST">Clive </w><w c5="NP0" hw="everton" pos="SUBST">Everton</w></s></head><p>
<s n="3"><w c5="NP0" hw="dean" pos="SUBST">DEAN </w><w c5="NP0" hw="reynolds" pos="SUBST">REYNOLDS</w><c c5="PUN">, </c><w c5="VVD" hw="whitewash" pos="VERB">whitewashed </w><w c5="CRD" hw="10-0" pos="ADJ">10-0 </w><w c5="PRP" hw="by" pos="PREP">by </w><w c5="NP0" hw="steve" pos="SUBST">Steve </w><w c5="NP0" hw="davis" pos="SUBST">Davis </w><w c5="PRP" hw="in" pos="PREP">in </w><w c5="AT0" hw="the" pos="ART">the </w><w c5="NN1" hw="final" pos="SUBST">final </w><w c5="PRF" hw="of" pos="PREP">of </w><w c5="AT0" hw="the" pos="ART">the </w><w c5="NP0" hw="rothmans" pos="SUBST">Rothmans </w><mw c5="NN1"><w c5="UNC" hw="grand" pos="UNC">Grand </w><w c5="UNC" hw="prix" pos="UNC">Prix </w></mw><w c5="PRP" hw="in" pos="PREP">in </w><w c5="NP0" hw="october" pos="SUBST">October</w><c c5="PUN">, </c><w c5="VVD" hw="beat" pos="VERB">beat </w><w c5="PNP" hw="he" pos="PRON">him </w><w c5="CRD" hw="9-7" pos="ADJ">9-7 </w><w c5="TO0" hw="to" pos="PREP">to </w><w c5="VVI" hw="reach" pos="VERB">reach </w><w c5="AT0" hw="the" pos="ART">the </w><w c5="NN2" hw="semi-final" pos="SUBST">semi-finals </w><w c5="PRF" hw="of" pos="PREP">of </w><w c5="AT0" hw="the" pos="ART">the </w><w c5="NP0" hw="everest" pos="SUBST">Everest </w><w c5="NN1" hw="world" pos="SUBST">World </w><w c5="NN1" hw="matchplay" pos="SUBST">Matchplay </w><w c5="NN1" hw="championship" pos="SUBST">Championship </w><w c5="PRP" hw="at" pos="PREP">at </w><w c5="AT0" hw="the" pos="ART">the </w><w c5="NP0" hw="brentwood" pos="SUBST">Brentwood </w><w c5="NN1" hw="centre" pos="SUBST">Centre </w><w c5="AV0-AJ0" hw="late" pos="ADV">late </w><w c5="PRP" hw="on" pos="PREP">on </w><w c5="NP0" hw="saturday" pos="SUBST">Saturday</w><c c5="PUN">.</c></s></p><p>
<s n="4"><w c5="AT0" hw="the" pos="ART">The </w><w c5="NP0" hw="grimsby" pos="SUBST">Grimsby </w><w c5="NN1" hw="left-hander" pos="SUBST">left-hander</w><w c5="POS" hw="'s" pos="UNC">'s </w><w c5="AJ0" hw="semi-final" pos="ADJ">semi-final </w><w c5="NN1" hw="opponent" pos="SUBST">opponent </w><w c5="PRP" hw="on" pos="PREP">on </w><w c5="NP0" hw="wednesday" pos="SUBST">Wednesday </w><w c5="VM0" hw="will" pos="VERB">will </w><w c5="VBI" hw="be" pos="VERB">be </w><w c5="NP0" hw="jimmy" pos="SUBST">Jimmy </w><w c5="NP0" hw="white" pos="SUBST">White</w><c c5="PUN">, </c><w c5="PNQ" hw="who" pos="PRON">who </w><w c5="VVD" hw="win" pos="VERB">won </w><w c5="AT0" hw="the" pos="ART">the </w><w c5="ORD" hw="last" pos="ADJ">last </w><w c5="CRD" hw="seven" pos="ADJ">seven </w><w c5="NN2-VVZ" hw="frame" pos="SUBST">frames </w><w c5="PRP" hw="in" pos="PREP">in </w><w c5="AT0" hw="a" pos="ART">a </w><w c5="NN1" hw="row" pos="SUBST">row </w><w c5="TO0" hw="to" pos="PREP">to </w><w c5="VVI" hw="turn" pos="VERB">turn </w><w c5="AT0" hw="a" pos="ART">a </w><w c5="CRD" hw="5-2" pos="ADJ">5-2 </w><w c5="NN1" hw="deficit" pos="SUBST">deficit </w><w c5="PRP" hw="into" pos="PREP">into </w><w c5="AT0" hw="a" pos="ART">a </w><w c5="CRD" hw="9-5" pos="ADJ">9-5 </w><w c5="NN1" hw="win" pos="SUBST">win </w><w c5="PRP" hw="over" pos="PREP">over </w><w c5="NP0" hw="doug" pos="SUBST">Doug </w><w c5="NP0" hw="mountjoy" pos="SUBST">Mountjoy</w><c c5="PUN">.</c></s></p><p>
<s n="5"><w c5="NP0" hw="reynolds" pos="SUBST">Reynolds</w><c c5="PUN">, </c><w c5="ORD" hw="15th" pos="ADJ">15th </w><w c5="PRP" hw="in" pos="PREP">in </w><w c5="AT0" hw="the" pos="ART">the </w><w c5="NN1" hw="world" pos="SUBST">world </w><w c5="NN2" hw="ranking" pos="SUBST">rankings </w><w c5="PRP" hw="at" pos="PREP">at </w><w c5="AT0" hw="the" pos="ART">the </w><w c5="NN1" hw="start" pos="SUBST">start </w><w c5="PRF" hw="of" pos="PREP">of </w><w c5="AT0" hw="the" pos="ART">the </w><w c5="NN1" hw="season" pos="SUBST">season</w><c c5="PUN">, </c><w c5="VHZ" hw="have" pos="VERB">has </w><w c5="VVN" hw="improve" pos="VERB">improved </w><w c5="AV0" hw="provisionally" pos="ADV">provisionally </w><w c5="PRP" hw="to" pos="PREP">to </w><w c5="ORD" hw="eighth" pos="ADJ">eighth</w><c c5="PUN">.</c></s>
<s n="6"><w c5="PNP" hw="he" pos="PRON">He </w><w c5="VHD" hw="have" pos="VERB">had </w><w c5="AT0" hw="a" pos="ART">a </w><w c5="AJ0" hw="gilt-edged" pos="ADJ">gilt-edged </w><w c5="NN1" hw="opportunity" pos="SUBST">opportunity </w><w c5="TO0" hw="to" pos="PREP">to </w><w c5="VVI" hw="beat" pos="VERB">beat </w><w c5="NP0" hw="stephen" pos="SUBST">Stephen </w><w c5="NP0" hw="hendry" pos="SUBST">Hendry</w><c c5="PUN">, </c><w c5="AV0" hw="so" pos="ADV">so </w><w c5="AV0" hw="far" pos="ADV">far </w><w c5="AT0" hw="the" pos="ART">the </w><w c5="NN1" hw="man" pos="SUBST">man </w><w c5="PRF" hw="of" pos="PREP">of </w><w c5="AT0" hw="the" pos="ART">the </w><w c5="NN1" hw="season" pos="SUBST">season </w><w c5="PRP" hw="with" pos="PREP">with </w><w c5="CRD" hw="four" pos="ADJ">four </w><w c5="ORD" hw="first" pos="ADJ">first </w><w c5="NN2" hw="prize" pos="SUBST">prizes</w><c c5="PUN">, </c><w c5="PRP" hw="in" pos="PREP">in </w><w c5="AT0" hw="the" pos="ART">the </w><w c5="NP0" hw="stormseal" pos="SUBST">Stormseal </w><w c5="NP0" hw="uk" pos="SUBST">UK </w><w c5="AJ0" hw="open" pos="ADJ">Open </w><w c5="PRP" hw="at" pos="PREP">at </w><w c5="NP0" hw="preston" pos="SUBST">Preston</w><c c5="PUN">, </c><w c5="CJC" hw="but" pos="CONJ">but </w><w c5="VVD" hw="miss" pos="VERB">missed </w><w c5="AT0" hw="a" pos="ART">a </w><w c5="AJ0" hw="simple" pos="ADJ">simple </w><w c5="NN1" hw="pink" pos="SUBST">pink </w><w c5="CJS" hw="when" pos="CONJ">when </w><w c5="VVG" hw="lead" pos="VERB">leading </w><w c5="CRD" hw="22-0" pos="ADJ">22-0 </w><w c5="PRP" hw="in" pos="PREP">in </w><w c5="AT0" hw="the" pos="ART">the </w><w c5="AJ0" hw="deciding" pos="ADJ">deciding </w><w c5="NN1" hw="frame" pos="SUBST">frame </w><w c5="CJC" hw="and" pos="CONJ">and </w><w c5="VDD" hw="do" pos="VERB">did </w><w c5="XX0" hw="not" pos="ADV">not </w><w c5="VHI" hw="have" pos="VERB">have </w><w c5="DT0" hw="another" pos="ADJ">another </w><w c5="NN1" hw="shot" pos="SUBST">shot</w><c c5="PUN">.</c></s></p><p>
<s n="7"><w c5="NP0" hw="davis" pos="SUBST">Davis </w><w c5="VVD" hw="come" pos="VERB">came </w><w c5="PRP" hw="to" pos="PREP">to </w><w c5="NP0" hw="brentwood" pos="SUBST">Brentwood </w><w c5="AT0" hw="a" pos="ART">a </w><w c5="CRD" hw="16-12" pos="ADJ">16-12 </w><w c5="NN1" hw="loser" pos="SUBST">loser </w><w c5="PRP" hw="to" pos="PREP">to </w><w c5="NP0" hw="hendry" pos="SUBST">Hendry </w><w c5="PRP" hw="in" pos="PREP">in </w><w c5="AT0" hw="the" pos="ART">the </w><w c5="NP0" hw="uk" pos="SUBST">UK </w><w c5="NN1-AJ0" hw="final" pos="SUBST">final </w><w c5="CJC" hw="and" pos="CONJ">and </w><w c5="VBZ" hw="be" pos="VERB">is </w><w c5="VVG" hw="go" pos="VERB">going </w><w c5="PRP-AVP" hw="through" pos="PREP">through </w><w c5="AT0" hw="a" pos="ART">a </w><w c5="NN1" hw="patch" pos="SUBST">patch </w><w c5="AVQ" hw="where" pos="ADV">where </w><w c5="PNP" hw="he" pos="PRON">he </w><w c5="VBZ" hw="be" pos="VERB">is </w><w c5="VVG" hw="make" pos="VERB">making </w><w c5="AV0" hw="more" pos="ADV">more </w><w c5="AJ0" hw="unforced" pos="ADJ">unforced </w><w c5="NN2" hw="error" pos="SUBST">errors </w><w c5="CJS" hw="than" pos="CONJ">than </w><w c5="AJ0" hw="usual" pos="ADJ">usual</w><c c5="PUN">.</c></s></p><p>
<s n="8"><c c5="PUQ">‘</c><w c5="EX0" hw="there" pos="PRON">There </w><w c5="VBB" hw="be" pos="VERB">are </w><w c5="AJ0" hw="certain" pos="ADJ">certain </w><w c5="NN2" hw="time" pos="SUBST">times </w><w c5="CJT" hw="that" pos="CONJ">that </w><w c5="VBB" hw="be" pos="VERB">are </w><w c5="AJC" hw="good" pos="ADJ">better </w><w c5="CJS" hw="than" pos="CONJ">than </w><w c5="NN2" hw="other" pos="SUBST">others</w><c c5="PUN">,</c><c c5="PUQ">’ </c><w c5="VVD" hw="say" pos="VERB">said </w><w c5="NP0" hw="davis" pos="SUBST">Davis</w><c c5="PUN">.</c></s>
<s n="9"><c c5="PUQ">‘</c><w c5="PNP" hw="i" pos="PRON">I</w><w c5="VBB" hw="be" pos="VERB">'m </w><w c5="AT0" hw="a" pos="ART">a </w><w c5="AV0" hw="very" pos="ADV">very </w><w c5="AJ0" hw="good" pos="ADJ">good </w><w c5="NN1" hw="player" pos="SUBST">player</w><c c5="PUN">.</c></s>
<s n="10"><w c5="PNP" hw="i" pos="PRON">I </w><w c5="VM0" hw="can" pos="VERB">ca</w><w c5="XX0" hw="not" pos="ADV">n't </w><w c5="VBI" hw="be" pos="VERB">be </w><w c5="AJ0" hw="perfect" pos="ADJ">perfect</w><c c5="PUN">.</c><c c5="PUQ">’</c></s></p><p>
<s n="11"><w c5="NP0" hw="davis" pos="SUBST">Davis </w><w c5="VVD" hw="sweep" pos="VERB">swept </w><w c5="PRP" hw="to" pos="PREP">to </w><w c5="CRD" hw="3-0" pos="ADJ">3-0 </w><w c5="CJC" hw="but" pos="CONJ">but </w><w c5="VVD" hw="miss" pos="VERB">missed </w><w c5="AT0" hw="the" pos="ART">the </w><w c5="AJS" hw="easy" pos="ADJ">easiest </w><w c5="PRF" hw="of" pos="PREP">of </w><w c5="NN2" hw="blue" pos="SUBST">blues </w><w c5="PRP" hw="on" pos="PREP">on </w><w c5="AT0" hw="the" pos="ART">the </w><w c5="NN1" hw="brink" pos="SUBST">brink </w><w c5="PRF" hw="of" pos="PREP">of </w><w c5="CRD" hw="4-0" pos="ADJ">4-0</w><c c5="PUN">.</c></s>
<s n="12"><w c5="NP0" hw="reynolds" pos="SUBST">Reynolds </w><w c5="VVD" hw="win" pos="VERB">won </w><w c5="DT0-CJT" hw="that" pos="ADJ">that </w><w c5="NN1-VVB" hw="frame" pos="SUBST">frame</w><c c5="PUN">, </c><w c5="AT0" hw="the" pos="ART">the </w><w c5="ORD" hw="next" pos="ADJ">next </w><w c5="PRP" hw="on" pos="PREP">on </w><w c5="AT0" hw="the" pos="ART">the </w><w c5="AJ0-NN1" hw="pink" pos="ADJ">pink</w><c c5="PUN">, </c><w c5="CRD" hw="two" pos="ADJ">two </w><w c5="DT0" hw="more" pos="ADJ">more </w><w c5="PRP" hw="on" pos="PREP">on </w><w c5="AT0" hw="the" pos="ART">the </w><w c5="AJ0-NN1" hw="black" pos="ADJ">black</w><c c5="PUN">, </c><w c5="CJC" hw="and" pos="CONJ">and </w><w c5="AT0" hw="the" pos="ART">the </w><w c5="ORD" hw="last" pos="ADJ">last </w><w c5="PRF" hw="of" pos="PREP">of </w><w c5="AT0" hw="the" pos="ART">the </w><w c5="NN1" hw="afternoon" pos="SUBST">afternoon </w><w c5="TO0" hw="to" pos="PREP">to </w><w c5="VVI" hw="lead" pos="VERB">lead </w><w c5="CRD" hw="5-3" pos="ADJ">5-3 </w><w c5="PRP" hw="at" pos="PREP">at </w><w c5="AT0" hw="the" pos="ART">the </w><w c5="NN1" hw="interval" pos="SUBST">interval</w><c c5="PUN">.</c></s>
<s n="13"><w c5="PNP" hw="he" pos="PRON">He </w><w c5="VVD" hw="make" pos="VERB">made </w><w c5="PNP" hw="it" pos="PRON">it </w><w c5="CRD" hw="6-3" pos="ADJ">6-3 </w><w c5="PRP" hw="with" pos="PREP">with </w><w c5="AT0" hw="a" pos="ART">a </w><w c5="CRD" hw="90" pos="ADJ">90 </w><w c5="NN1-VVB" hw="break" pos="SUBST">break</w><c c5="PUN">, </c><w c5="CJC" hw="and" pos="CONJ">and </w><w c5="PRP-CJS" hw="after" pos="PREP">after </w><w c5="CRD" hw="52" pos="ADJ">52 </w><w c5="NN2" hw="minute" pos="SUBST">minutes </w><w c5="PRF" hw="of" pos="PREP">of </w><w c5="AJ0" hw="tactical" pos="ADJ">tactical </w><w c5="NN1-AJ0" hw="battling" pos="SUBST">battling </w><w c5="VVN-VVD" hw="pot" pos="VERB">potted </w><w c5="AT0" hw="the" pos="ART">the </w><w c5="AJ0-NN1" hw="pink" pos="ADJ">pink </w><w c5="PRP" hw="for" pos="PREP">for </w><w c5="CRD" hw="7-3" pos="ADJ">7-3 </w><w c5="CJC" hw="and" pos="CONJ">and </w><w c5="VVD" hw="run" pos="VERB">ran </w><w c5="AV0" hw="away" pos="ADV">away </w><w c5="PRP" hw="with" pos="PREP">with </w><w c5="AT0" hw="the" pos="ART">the </w><w c5="ORD" hw="next" pos="ADJ">next </w><w c5="TO0" hw="to" pos="PREP">to </w><w c5="VVI" hw="go" pos="VERB">go </w><w c5="CRD" hw="five" pos="ADJ">five </w><w c5="AVP" hw="up" pos="ADV">up </w><w c5="PRP" hw="with" pos="PREP">with </w><w c5="CRD" hw="six" pos="ADJ">six </w><w c5="TO0" hw="to" pos="PREP">to </w><w c5="VVI" hw="play" pos="VERB">play</w><c c5="PUN">.</c></s></p><p>
<s n="14"><w c5="PRP" hw="after" pos="PREP">After </w><w c5="DT0" hw="this" pos="ADJ">this </w><w c5="AJ0" hw="extraordinary" pos="ADJ">extraordinary </w><w c5="NN1-AJ0" hw="eight-frame" pos="SUBST">eight-frame </w><w c5="VVG-AJ0" hw="lose" pos="VERB">losing </w><w c5="NN1-VVB" hw="streak" pos="SUBST">streak</w><c c5="PUN">, </c><w c5="NP0" hw="davis" pos="SUBST">Davis </w><w c5="VVD" hw="win" pos="VERB">won </w><w c5="CRD" hw="four" pos="ADJ">four </w><w c5="PRP" hw="in" pos="PREP">in </w><w c5="AT0" hw="a" pos="ART">a </w><w c5="NN1" hw="row" pos="SUBST">row </w><w c5="TO0" hw="to" pos="PREP">to </w><w c5="VVI" hw="close" pos="VERB">close </w><w c5="PRP" hw="to" pos="PREP">to </w><w c5="AV0" hw="only" pos="ADV">only </w><w c5="CRD" hw="7-8" pos="ADJ">7-8</w><c c5="PUN">, </c><w c5="CJC" hw="but" pos="CONJ">but </w><w c5="CRD" hw="two" pos="ADJ">two </w><w c5="AJ0" hw="elementary" pos="ADJ">elementary </w><w c5="NN2" hw="mistake" pos="SUBST">mistakes </w><w c5="PRP" hw="in" pos="PREP">in </w><w c5="AT0" hw="the" pos="ART">the </w><w c5="AJ0" hw="following" pos="ADJ">following </w><w c5="NN1" hw="frame" pos="SUBST">frame</w><c c5="PUN">, </c><w c5="VVG" hw="fail" pos="VERB">failing </w><w c5="TO0" hw="to" pos="PREP">to </w><w c5="VVI" hw="reach" pos="VERB">reach </w><w c5="AT0" hw="the" pos="ART">the </w><w c5="NN1" hw="yellow" pos="SUBST">yellow </w><w c5="CJS" hw="when" pos="CONJ">when </w><w c5="VVG" hw="roll" pos="VERB">rolling </w><w c5="AVP" hw="up" pos="ADV">up </w><w c5="PRP" hw="behind" pos="PREP">behind </w><w c5="PNP" hw="it" pos="PRON">it </w><w c5="PRP" hw="for" pos="PREP">for </w><w c5="AT0" hw="a" pos="ART">a </w><w c5="NN1" hw="snooker" pos="SUBST">snooker</w><c c5="PUN">, </c><w c5="CJC" hw="and" pos="CONJ">and </w><w c5="VVG" hw="fail" pos="VERB">failing </w><w c5="TO0" hw="to" pos="PREP">to </w><w c5="VVI" hw="pot" pos="VERB">pot </w><w c5="AT0" hw="a" pos="ART">a </w><w c5="NN1-AJ0" hw="red" pos="SUBST">red </w><w c5="PRP" hw="at" pos="PREP">at </w><w c5="AJ0" hw="close" pos="ADJ">close </w><w c5="NN1" hw="range" pos="SUBST">range </w><w c5="PRP" hw="along" pos="PREP">along </w><w c5="AT0" hw="the" pos="ART">the </w><w c5="AJ0-NN1" hw="top" pos="ADJ">top </w><w c5="NN1" hw="cushion" pos="SUBST">cushion</w><c c5="PUN">, </c><w c5="VVD" hw="preface" pos="VERB">prefaced </w><w c5="AT0" hw="a" pos="ART">a </w><w c5="NN1" hw="run" pos="SUBST">run </w><w c5="PRF" hw="of" pos="PREP">of </w><w c5="CRD" hw="48" pos="ADJ">48 </w><w c5="PRP" hw="with" pos="PREP">with </w><w c5="DTQ" hw="which" pos="PRON">which </w><w c5="NP0" hw="reynolds" pos="SUBST">Reynolds </w><w c5="VVD" hw="secure" pos="VERB">secured </w><w c5="DPS" hw="he" pos="PRON">his </w><w c5="AV0" hw="most" pos="ADV">most </w><w c5="AJ0" hw="notable" pos="ADJ">notable </w><w c5="NN1" hw="scalp" pos="SUBST">scalp</w><c c5="PUN">.</c></s></p><p>
<s n="15"><w c5="NN1" hw="page" pos="SUBST">PAGE</w></s></p></div><div level="1" n="11-DEC-89 edition, page "><head type="MAIN">
<s n="16"><w c5="NN1" hw="judo" pos="SUBST">Judo</w><c c5="PUN">: </c><w c5="NP0" hw="stevens" pos="SUBST">Stevens </w><w c5="VVZ" hw="justify" pos="VERB">justifies </w><w c5="NN1" hw="selection" pos="SUBST">selection</w><c c5="PUN">.</c></s></head><head type="BYLINE">
<s n="17"><w c5="PRP" hw="by" pos="PREP">By </w><w c5="NP0" hw="edward" pos="SUBST">Edward </w><w c5="NP0" hw="ferrie" pos="SUBST">Ferrie</w></s></head><p>
<s n="18"><w c5="AT0" hw="the" pos="ART">THE </w><w c5="AJ0" hw="british" pos="ADJ">British </w><w c5="AJ0" hw="national" pos="ADJ">National </w><w c5="NN2" hw="championship" pos="SUBST">Championships </w><w c5="PRP" hw="at" pos="PREP">at </w><w c5="NP0" hw="crystal" pos="SUBST">Crystal </w><w c5="NP0" hw="palace" pos="SUBST">Palace </w><w c5="PRP" hw="at" pos="PREP">at </w><w c5="AT0" hw="the" pos="ART">the </w><w c5="NN1" hw="weekend" pos="SUBST">weekend </w><mw c5="AV0"><w c5="AV0" hw="once" pos="ADV">once </w><w c5="AV0" hw="again" pos="ADV">again </w></mw><w c5="VVD" hw="see" pos="VERB">saw </w><w c5="NP0" hw="wolverhampton" pos="SUBST">Wolverhampton </w><w c5="VVI" hw="dominate" pos="VERB">dominate </w><w c5="AT0" hw="the" pos="ART">the </w><w c5="NN2" hw="proceeding" pos="SUBST">proceedings</w><c c5="PUN">, </c><w c5="PRP" hw="with" pos="PREP">with </w><w c5="DPS" hw="they" pos="PRON">their </w><w c5="NN2" hw="fighter" pos="SUBST">fighters </w><w c5="NP0" hw="elvis" pos="SUBST">Elvis </w><w c5="NP0" hw="gordon" pos="SUBST">Gordon</w><c c5="PUN">, </c><w c5="PRP" hw="at" pos="PREP">at </w><w c5="NN1" hw="heavyweight" pos="SUBST">heavyweight</w><c c5="PUN">, </c><w c5="NP0" hw="densign" pos="SUBST">Densign </w><w c5="NP0" hw="white" pos="SUBST">White</w><c c5="PUN">, </c><w c5="PRP" hw="at" pos="PREP">at </w><w c5="NN1" hw="middleweight" pos="SUBST">middleweight</w><c c5="PUN">, </c><w c5="NP0" hw="fitzroy" pos="SUBST">Fitzroy </w><w c5="NP0" hw="davies" pos="SUBST">Davies</w><c c5="PUN">, </c><w c5="PRP" hw="at" pos="PREP">at </w><w c5="NN1-AJ0" hw="light-middleweight" pos="SUBST">light-middleweight</w><c c5="PUN">, </c><w c5="CJC" hw="and" pos="CONJ">and </w><w c5="NP0" hw="owen" pos="SUBST">Owen </w><w c5="NP0" hw="pinnock" pos="SUBST">Pinnock </w><w c5="AT0" hw="the" pos="ART">the </w><w c5="NN1" hw="bantamweight" pos="SUBST">bantamweight </w><w c5="AV0" hw="all" pos="ADV">all </w><w c5="VVG" hw="take" pos="VERB">taking </w><w c5="NN1-AJ0" hw="gold" pos="SUBST">gold </w><w c5="NN2" hw="medal" pos="SUBST">medals</w><c c5="PUN">.</c></s></p><p>
<s n="19"><w c5="EX0" hw="there" pos="PRON">There </w><w c5="VBD" hw="be" pos="VERB">was</w><c c5="PUN">, </c><w c5="AV0" hw="however" pos="ADV">however</w><c c5="PUN">, </c><w c5="AT0" hw="no" pos="ART">no </w><w c5="NP0" hw="wolverhampton" pos="SUBST">Wolverhampton </w><w c5="NN1" hw="presence" pos="SUBST">presence </w><w c5="PRP" hw="in" pos="PREP">in </w><w c5="AT0" hw="the" pos="ART">the </w><w c5="NN1" hw="category" pos="SUBST">category </w><w c5="DTQ" hw="which" pos="PRON">which </w><w c5="VVD" hw="generate" pos="VERB">generated </w><w c5="AT0" hw="the" pos="ART">the </w><w c5="AJS" hw="great" pos="ADJ">greatest </w><w c5="NN1" hw="interest" pos="SUBST">interest </w><w c5="DT0" hw="this" pos="ADJ">this </w><w c5="NN1" hw="weekend" pos="SUBST">weekend </w><c c5="PUN">— </c><w c5="AT0" hw="the" pos="ART">the </w><w c5="NN1" hw="light-heavyweight" pos="SUBST">light-heavyweight</w><c c5="PUN">.</c></s>
<s n="20"><w c5="VVG" hw="follow" pos="VERB">Following </w><w c5="AT0" hw="the" pos="ART">the </w><w c5="AJ0" hw="olympic" pos="ADJ">Olympic </w><w c5="NN1" hw="bronze" pos="SUBST">bronze </w><w c5="NN1" hw="medalist" pos="SUBST">medalist </w><w c5="NP0" hw="denis" pos="SUBST">Denis </w><w c5="NP0" hw="stewart" pos="SUBST">Stewart</w><w c5="POS" hw="'s" pos="UNC">'s </w><w c5="NN1" hw="decision" pos="SUBST">decision </w><w c5="TO0" hw="to" pos="PREP">to </w><w c5="VVI" hw="retire" pos="VERB">retire </w><w c5="PRP" hw="from" pos="PREP">from </w><w c5="NN1" hw="competition" pos="SUBST">competition </w><w c5="PRP" hw="after" pos="PREP">after </w><w c5="AT0" hw="a" pos="ART">a </w><w c5="AJ0" hw="poor" pos="ADJ">poor </w><w c5="NN1" hw="performance" pos="SUBST">performance </w><w c5="PRP" hw="in" pos="PREP">in </w><w c5="AT0" hw="the" pos="ART">the </w><w c5="NN1" hw="world" pos="SUBST">world </w><w c5="NN2" hw="championship" pos="SUBST">championships </w><w c5="PRP" hw="in" pos="PREP">in </w><w c5="NP0" hw="belgrade" pos="SUBST">Belgrade</w><c c5="PUN">, </c><w c5="CRD" hw="two" pos="ADJ">two </w><w c5="NN2" hw="month" pos="SUBST">months </w><w c5="AV0" hw="ago" pos="ADV">ago</w><c c5="PUN">, </c><w c5="AT0" hw="the" pos="ART">the </w><w c5="UNC" hw="no.1" pos="UNC">No.1 </w><w c5="NN1" hw="spot" pos="SUBST">spot </w><w c5="VBD" hw="be" pos="VERB">was </w><w c5="AVP" hw="up" pos="ADV">up </w><w c5="PRP" hw="for" pos="PREP">for </w><w c5="NN2" hw="grab" pos="SUBST">grabs</w><c c5="PUN">.</c></s></p><p>
<s n="21"><w c5="NP0" hw="stewart" pos="SUBST">Stewart</w><w c5="POS" hw="'s" pos="UNC">'s </w><w c5="AJ0" hw="bitter" pos="ADJ">bitter </w><w c5="NN1" hw="rival" pos="SUBST">rival</w><c c5="PUN">, </c><w c5="AT0" hw="the" pos="ART">the </w><w c5="AJ0-NN1" hw="veteran" pos="ADJ">veteran </w><w c5="NP0" hw="nicholas" pos="SUBST">Nicholas </w><w c5="NP0" hw="kokataylo" pos="SUBST">Kokataylo</w><c c5="PUN">, </c><w c5="AT0" hw="the" pos="ART">the </w><w c5="NN1" hw="33-year-old" pos="SUBST">33-year-old </w><w c5="PRP" hw="from" pos="PREP">from </w><w c5="NP0" hw="denton" pos="SUBST">Denton</w><c c5="PUN">, </c><w c5="PRP" hw="in" pos="PREP">in </w><w c5="NP0" hw="manchester" pos="SUBST">Manchester</w><c c5="PUN">, </c><w c5="VBD" hw="be" pos="VERB">was </w><w c5="AJ0" hw="favourite" pos="ADJ">favourite </w><w c5="PRP" hw="for" pos="PREP">for </w><w c5="AT0" hw="the" pos="ART">the </w><w c5="NN1-AJ0" hw="gold" pos="SUBST">gold </w><w c5="NN1" hw="medal" pos="SUBST">medal</w><c c5="PUN">, </c><w c5="CJC" hw="but" pos="CONJ">but </w><w c5="AT0" hw="a" pos="ART">a </w><w c5="AJ0" hw="strong" pos="ADJ">strong </w><w c5="NN1" hw="challenge" pos="SUBST">challenge </w><w c5="VBD" hw="be" pos="VERB">was </w><w c5="VVN" hw="expect" pos="VERB">expected </w><w c5="PRP" hw="from" pos="PREP">from </w><w c5="NN1" hw="newcomer" pos="SUBST">newcomer </w><w c5="PRP" hw="to" pos="PREP">to </w><w c5="AT0" hw="the" pos="ART">the </w><w c5="NN1" hw="weight" pos="SUBST">weight</w><c c5="PUN">, </c><w c5="NP0" hw="ray" pos="SUBST">Ray </w><w c5="NP0" hw="stevens" pos="SUBST">Stevens</w><c c5="PUN">, </c><w c5="CRD" hw="26" pos="ADJ">26</w><c c5="PUN">, </c><w c5="PRF" hw="of" pos="PREP">of </w><w c5="AT0" hw="the" pos="ART">the </w><w c5="NP0" hw="london" pos="SUBST">London </w><w c5="NP0-NN1" hw="budokwai" pos="SUBST">Budokwai</w><c c5="PUN">.</c></s></p><p>
<s n="22"><w c5="AT0" hw="the" pos="ART">The </w><w c5="AJ0" hw="reigning" pos="ADJ">reigning </w><w c5="NN1" hw="commonwealth" pos="SUBST">Commonwealth </w><w c5="NN1" hw="middleweight" pos="SUBST">middleweight </w><w c5="NN1-VVB" hw="champion" pos="SUBST">champion </w><w c5="NP0" hw="stevens" pos="SUBST">Stevens </w><w c5="VBD" hw="be" pos="VERB">was </w><w c5="VVN" hw="force" pos="VERB">forced </w><w c5="TO0" hw="to" pos="PREP">to </w><w c5="VVI" hw="move" pos="VERB">move </w><mw c5="PRP"><w c5="AVP" hw="up" pos="ADV">up </w><w c5="PRP" hw="to" pos="PREP">to </w></mw><w c5="AT0" hw="the" pos="ART">the </w><w c5="AJC" hw="heavy" pos="ADJ">heavier </w><w c5="NN1" hw="weight" pos="SUBST">weight </w><w c5="VVG" hw="follow" pos="VERB">following </w><w c5="AT0" hw="a" pos="ART">a </w><w c5="NN1" hw="knee" pos="SUBST">knee </w><w c5="NN1" hw="injury" pos="SUBST">injury </w><w c5="CJC" hw="and" pos="CONJ">and </w><w c5="AT0" hw="a" pos="ART">a </w><w c5="AJ0" hw="prolonged" pos="ADJ">prolonged </w><w c5="AJ0" hw="viral" pos="ADJ">viral </w><w c5="NN1" hw="infection" pos="SUBST">infection</w><c c5="PUN">.</c></s>
<s n="23"><w c5="NP0" hw="stevens" pos="SUBST">Stevens</w><w c5="POS" hw="'s" pos="UNC">'s </w><w c5="AJ0" hw="superior" pos="ADJ">superior </w><w c5="NN1" hw="speed" pos="SUBST">speed </w><w c5="CJC" hw="and" pos="CONJ">and </w><w c5="NN1" hw="technique" pos="SUBST">technique </w><w c5="VVN" hw="combine" pos="VERB">combined </w><w c5="PRP" hw="with" pos="PREP">with </w><w c5="AJ0" hw="superb" pos="ADJ">superb </w><w c5="NN1" hw="fighting" pos="SUBST">fighting </w><w c5="NN1" hw="spirit" pos="SUBST">spirit </w><w c5="VVD" hw="carry" pos="VERB">carried </w><w c5="PNP" hw="he" pos="PRON">him </w><w c5="AVP" hw="through" pos="ADV">through </w><w c5="PRP" hw="to" pos="PREP">to </w><w c5="AT0" hw="the" pos="ART">the </w><w c5="NN1-AJ0" hw="final" pos="SUBST">final</w><c c5="PUN">.</c></s>
<s n="24"><w c5="NN1-NP0" hw="kokataylo" pos="SUBST">Kokataylo </w><w c5="CJC" hw="and" pos="CONJ">and </w><w c5="NP0" hw="stevens" pos="SUBST">Stevens </w><w c5="VBD" hw="be" pos="VERB">was </w><w c5="AT0" hw="an" pos="ART">an </w><w c5="AJ0" hw="all-action" pos="ADJ">all-action </w><w c5="NN1" hw="affair" pos="SUBST">affair </w><w c5="PRP" hw="with" pos="PREP">with </w><w c5="AT0" hw="the" pos="ART">the </w><w c5="NP0" hw="manchester" pos="SUBST">Manchester </w><w c5="NN1" hw="fighter" pos="SUBST">fighter </w><w c5="VVG-NN1" hw="score" pos="VERB">scoring </w><w c5="PRP" hw="with" pos="PREP">with </w><w c5="AT0" hw="a" pos="ART">a </w><w c5="NN1" hw="leg" pos="SUBST">leg </w><w c5="NN1-VVB" hw="throw" pos="SUBST">throw </w><w c5="PRP" hw="in" pos="PREP">in </w><w c5="AT0" hw="the" pos="ART">the </w><w c5="NN1-AJ0" hw="opening" pos="SUBST">opening </w><w c5="NN2" hw="second" pos="SUBST">seconds </w><w c5="DTQ" hw="which" pos="PRON">which </w><w c5="AV0" hw="almost" pos="ADV">almost </w><w c5="VVD-VVN" hw="finish" pos="VERB">finished </w><w c5="AT0" hw="the" pos="ART">the </w><w c5="NN1" hw="bout" pos="SUBST">bout</w><c c5="PUN">.</c></s></p><p>
<s n="25"><w c5="AT0" hw="a" pos="ART">A </w><w c5="NN1" hw="half" pos="SUBST">half </w><w c5="NN1" hw="point" pos="SUBST">point </w><w c5="VBD" hw="be" pos="VERB">was </w><w c5="VVN" hw="award" pos="VERB">awarded </w><w c5="CJC" hw="but" pos="CONJ">but </w><w c5="NP0" hw="stevens" pos="SUBST">Stevens </w><w c5="VVD" hw="fight" pos="VERB">fought </w><w c5="DPS" hw="he" pos="PRON">his </w><w c5="NN1" hw="way" pos="SUBST">way </w><w c5="AVP" hw="back" pos="ADV">back </w><w c5="PRP" hw="into" pos="PREP">into </w><w c5="AT0" hw="the" pos="ART">the </w><w c5="NN1" hw="contest" pos="SUBST">contest </w><w c5="VVG-NN1" hw="score" pos="VERB">scoring </w><w c5="PRP" hw="with" pos="PREP">with </w><w c5="AT0" hw="a" pos="ART">a </w><w c5="AJ0" hw="spectacular" pos="ADJ">spectacular </w><w c5="NN1" hw="sacrifice" pos="SUBST">sacrifice </w><w c5="NN1-VVB" hw="throw" pos="SUBST">throw </w><w c5="CJC" hw="and" pos="CONJ">and </w><w c5="AV0" hw="almost" pos="ADV">almost </w><w c5="NN1-VVB" hw="arm" pos="SUBST">arm </w><w c5="VVG" hw="lock" pos="VERB">locking </w><w c5="AT0" hw="the" pos="ART">the </w><w c5="AV0" hw="much" pos="ADV">much </w><w c5="AJC" hw="tall" pos="ADJ">taller </w><w c5="CJC" hw="and" pos="CONJ">and </w><w c5="AJC" hw="heavy" pos="ADJ">heavier </w><w c5="NN1-NP0" hw="kokataylo" pos="SUBST">Kokataylo</w><c c5="PUN">.</c></s>
<s n="26"><w c5="NP0" hw="stevens" pos="SUBST">Stevens</w><c c5="PUN">, </c><w c5="PRP" hw="despite" pos="PREP">despite </w><w c5="VVG" hw="lose" pos="VERB">losing </w><w c5="AT0" hw="the" pos="ART">the </w><w c5="NN1" hw="bout" pos="SUBST">bout</w><c c5="PUN">, </c><w c5="AV0" hw="clearly" pos="ADV">clearly </w><w c5="VDD" hw="do" pos="VERB">did </w><w c5="AV0" hw="enough" pos="ADV">enough </w><w c5="TO0" hw="to" pos="PREP">to </w><w c5="VVI" hw="justify" pos="VERB">justify </w><w c5="DPS" hw="he" pos="PRON">his </w><w c5="AJ0-NN1" hw="pre-event" pos="ADJ">pre-event </w><w c5="NN1" hw="selection" pos="SUBST">selection </w><w c5="PRP" hw="for" pos="PREP">for </w><w c5="AT0" hw="the" pos="ART">the </w><w c5="NN1" hw="commonwealth" pos="SUBST">Commonwealth </w><w c5="NN2" hw="game" pos="SUBST">Games</w><c c5="PUN">.</c></s></p><p>
<s n="27"><w c5="NN1" hw="page" pos="SUBST">PAGE</w></s></p></div></wtext></bncDoc>
