<bncDoc xml:id="A9Y"><teiHeader><fileDesc><titleStmt><title>  The Guardian, electronic edition of 1989-12-13: News and features. Sample containing about 251 words from a periodical (domain: social science) </title><respStmt><resp> Data capture and transcription </resp><name> Oxford University Press </name> </respStmt></titleStmt><editionStmt><edition>BNC XML Edition, December 2006</edition></editionStmt><extent> 251 tokens; 251 w-units; 19 s-units </extent><publicationStmt><distributor>Distributed under licence by Oxford University Computing Services on behalf of the BNC Consortium.</distributor><availability> This material is protected by international copyright laws and may not be copied or redistributed in any way. Consult the BNC Web Site at http://www.natcorp.ox.ac.uk for full licencing and distribution conditions.</availability><idno type="bnc">A9Y</idno><idno type="old"> GhSoci </idno></publicationStmt><sourceDesc><bibl><title>The Guardian, electronic edition of 1989-12-13: News and features.</title> <imprint n="GUARDI1"><publisher>Guardian Newspapers Ltd</publisher> <pubPlace>London</pubPlace> <date value="1989">1989</date> </imprint> </bibl></sourceDesc></fileDesc><encodingDesc><tagsDecl><namespace name=""><tagUsage gi="c" occurs="41"/><tagUsage gi="div" occurs="1"/><tagUsage gi="head" occurs="1"/><tagUsage gi="p" occurs="7"/><tagUsage gi="s" occurs="19"/><tagUsage gi="w" occurs="251"/></namespace></tagsDecl></encodingDesc><profileDesc><creation date="1989"> </creation><textClass><catRef targets="alltim3 news  wriase0  wridom4   wrista3 "/><classCode scheme="DLEE">W newsp brdsht nat: social</classCode><keywords><term> (none) </term></keywords></textClass></profileDesc><revisionDesc><change date="2006-10-21" who="#OUCS">Tag usage updated for BNC-XML</change><change date="2000-12-13" who="#OUCS">Last check for BNC World first release</change><change date="2000-09-06" who="#OUCS">Redo tagusage tables</change><change date="2000-09-01" who="#OUCS">Check all tagcounts</change><change date="2000-06-23" who="#OUCS">Resequenced s-units and added headers</change><change date="2000-01-21" who="#OUCS">Added date info</change><change date="2000-01-09" who="#OUCS">Updated all catrefs</change><change date="2000-01-08" who="#OUCS">Updated source title</change><change date="2000-01-08" who="#OUCS">Updated titles</change><change date="1999-12-25" who="#OUCS">corrected tagUsage</change><change date="1999-09-13" who="#UCREL">POS codes revised for BNC-2; header updated</change><change date="1994-11-24" who="#dominic">Initial accession to corpus</change></revisionDesc></teiHeader>
<wtext type="NEWS"><div level="1" n="13-DEC-89 edition, page 39"><head>
<s n="1"><w c5="NN1" hw="obituary" pos="SUBST">Obituary</w><c c5="PUN">: </c><w c5="NP0" hw="dr" pos="SUBST">Dr </w><w c5="NP0" hw="jack" pos="SUBST">Jack </w><w c5="NP0" hw="kahn" pos="SUBST">Kahn</w><c c5="PUN">.</c></s></head><p>
<s n="2"><w c5="AT0" hw="a" pos="ART">A </w><w c5="NN1-VVB" hw="cure" pos="SUBST">cure </w><w c5="PRP" hw="for" pos="PREP">for </w><w c5="NN1" hw="job" pos="SUBST">Job</w><c c5="PUN">:</c><c c5="PUN">.</c></s></p><p>
<s n="3"><w c5="CRD" hw="one" pos="ADJ">ONE </w><w c5="PRF" hw="of" pos="PREP">of </w><w c5="AT0" hw="the" pos="ART">the </w><w c5="NN2" hw="luminary" pos="SUBST">luminaries </w><w c5="PRF" hw="of" pos="PREP">of </w><w c5="NN1" hw="child" pos="SUBST">child </w><w c5="NN1" hw="psychiatry" pos="SUBST">psychiatry </w><w c5="VHZ" hw="have" pos="VERB">has </w><w c5="VVN" hw="leave" pos="VERB">left </w><w c5="PNP" hw="we" pos="PRON">us</w><c c5="PUN">.</c></s>
<s n="4"><w c5="NP0" hw="jack" pos="SUBST">Jack </w><w c5="NP0" hw="kahn" pos="SUBST">Kahn </w><w c5="VVD" hw="graduate" pos="VERB">graduated </w><w c5="PRP" hw="with" pos="PREP">with </w><w c5="NN2" hw="honour" pos="SUBST">honours </w><w c5="PRP" hw="at" pos="PREP">at </w><w c5="AT0" hw="the" pos="ART">the </w><w c5="NN1" hw="university" pos="SUBST">University </w><w c5="PRF" hw="of" pos="PREP">of </w><w c5="NP0" hw="leeds" pos="SUBST">Leeds </w><w c5="PRP" hw="in" pos="PREP">in </w><w c5="CRD" hw="1928" pos="ADJ">1928 </w><w c5="CJC" hw="and" pos="CONJ">and </w><w c5="VVN-VVD" hw="achieve" pos="VERB">achieved </w><w c5="AT0" hw="an" pos="ART">an </w><w c5="NN1" hw="md" pos="SUBST">MD </w><w c5="PRP" hw="from" pos="PREP">from </w><w c5="AT0" hw="the" pos="ART">the </w><w c5="DT0" hw="same" pos="ADJ">same </w><w c5="NN1" hw="university" pos="SUBST">university</w><c c5="PUN">.</c></s></p><p>
<s n="5"><w c5="AJ0" hw="influential" pos="ADJ">Influential </w><w c5="PRP" hw="in" pos="PREP">in </w><w c5="NN1" hw="child" pos="SUBST">child </w><w c5="NN1" hw="psychiatry" pos="SUBST">psychiatry </w><w c5="PRP" hw="for" pos="PREP">for </w><w c5="AV0" hw="over" pos="ADV">over </w><w c5="CRD" hw="thirty" pos="ADJ">thirty </w><w c5="NN2" hw="year" pos="SUBST">years</w><c c5="PUN">, </c><w c5="NP0" hw="kahn" pos="SUBST">Kahn </w><w c5="VVD" hw="move" pos="VERB">moved </w><w c5="PRP" hw="into" pos="PREP">into </w><w c5="DT0" hw="that" pos="ADJ">that </w><w c5="NN1" hw="field" pos="SUBST">field </w><w c5="PRP" hw="from" pos="PREP">from </w><w c5="AT0" hw="the" pos="ART">the </w><w c5="AJ0" hw="excellent" pos="ADJ">excellent </w><w c5="NN1" hw="springboard" pos="SUBST">springboard </w><w c5="PRF" hw="of" pos="PREP">of </w><w c5="AJ0" hw="general" pos="ADJ">general </w><w c5="NN1" hw="practice" pos="SUBST">practice</w><c c5="PUN">.</c></s>
<s n="6"><w c5="PNP" hw="he" pos="PRON">He </w><w c5="VVD" hw="serve" pos="VERB">served </w><w c5="PRP" hw="with" pos="PREP">with </w><w c5="NN1" hw="distinction" pos="SUBST">distinction </w><w c5="PRP" hw="in" pos="PREP">in </w><w c5="AT0" hw="the" pos="ART">the </w><w c5="NN1" hw="child" pos="SUBST">child </w><w c5="NN1" hw="psychiatry" pos="SUBST">psychiatry </w><w c5="NN1" hw="section" pos="SUBST">section </w><w c5="PRF" hw="of" pos="PREP">of </w><w c5="AT0" hw="the" pos="ART">the </w><w c5="AJ0" hw="royal" pos="ADJ">Royal </w><w c5="NN1" hw="college" pos="SUBST">College </w><w c5="PRF" hw="of" pos="PREP">of </w><w c5="NN2" hw="psychiatrist" pos="SUBST">Psychiatrists </w><w c5="CJC" hw="and" pos="CONJ">and </w><w c5="VBD" hw="be" pos="VERB">was </w><w c5="AT0" hw="a" pos="ART">a </w><w c5="NN1" hw="founder" pos="SUBST">Founder </w><w c5="NN1" hw="fellow" pos="SUBST">Fellow </w><w c5="PRF" hw="of" pos="PREP">of </w><w c5="DT0" hw="that" pos="ADJ">that </w><w c5="NN1" hw="body" pos="SUBST">body</w><c c5="PUN">.</c></s>
<s n="7"><w c5="DPS" hw="he" pos="PRON">His </w><w c5="NN1" hw="monument" pos="SUBST">monument </w><w c5="PRP" hw="in" pos="PREP">in </w><w c5="AJ0" hw="clinical" pos="ADJ">clinical </w><w c5="NN1" hw="practice" pos="SUBST">practice </w><w c5="VBD" hw="be" pos="VERB">was </w><w c5="AT0" hw="the" pos="ART">the </w><w c5="NN1" hw="model" pos="SUBST">model </w><w c5="NN1" hw="child" pos="SUBST">child </w><w c5="NN1" hw="guidance" pos="SUBST">guidance </w><w c5="NN1" hw="service" pos="SUBST">service </w><w c5="PRP" hw="in" pos="PREP">in </w><w c5="AT0" hw="the" pos="ART">the </w><w c5="AJ0" hw="then" pos="ADJ">then </w><w c5="NN1" hw="borough" pos="SUBST">Borough </w><w c5="PRF" hw="of" pos="PREP">of </w><w c5="NP0" hw="west" pos="SUBST">West </w><w c5="NP0" hw="ham" pos="SUBST">Ham</w><c c5="PUN">.</c></s></p><p>
<s n="8"><w c5="TO0" hw="to" pos="PREP">To </w><w c5="VVI" hw="involve" pos="VERB">involve </w><w c5="AJ0" hw="related" pos="ADJ">related </w><w c5="NN2" hw="profession" pos="SUBST">professions </w><w c5="AV0" hw="as" pos="ADV">as </w><w c5="AV0" hw="closely" pos="ADV">closely </w><w c5="CJS" hw="as" pos="CONJ">as </w><w c5="PNP" hw="he" pos="PRON">he </w><w c5="VDD" hw="do" pos="VERB">did </w><w c5="VBD" hw="be" pos="VERB">was </w><w c5="AT0" hw="an" pos="ART">an </w><w c5="NN1" hw="innovation" pos="SUBST">innovation </w><w c5="PRP" hw="at" pos="PREP">at </w><w c5="DT0" hw="that" pos="ADJ">that </w><w c5="NN1" hw="time" pos="SUBST">time</w><c c5="PUN">.</c></s>
<s n="9"><w c5="AV0" hw="so" pos="ADV">So </w><w c5="VBD" hw="be" pos="VERB">was </w><w c5="DPS" hw="he" pos="PRON">his </w><w c5="NN1" hw="emphasis" pos="SUBST">emphasis </w><w c5="PRP" hw="on" pos="PREP">on </w><w c5="AT0" hw="the" pos="ART">the </w><w c5="AJ0" hw="preventive" pos="ADJ">preventive </w><w c5="NN2" hw="aspect" pos="SUBST">aspects </w><w c5="PRF" hw="of" pos="PREP">of </w><w c5="NN1" hw="psychiatry" pos="SUBST">psychiatry</w><c c5="PUN">.</c></s>
<s n="10"><w c5="AT0" hw="a" pos="ART">A </w><w c5="NN1" hw="phenomenon" pos="SUBST">phenomenon </w><w c5="CJT" hw="that" pos="CONJ">that </w><w c5="VVD" hw="try" pos="VERB">tried </w><w c5="NN2" hw="clinician" pos="SUBST">clinicians </w><w c5="VBD" hw="be" pos="VERB">was </w><w c5="NN1" hw="absenteeism" pos="SUBST">absenteeism </w><w c5="PRP" hw="from" pos="PREP">from </w><w c5="NN1" hw="school" pos="SUBST">school</w><c c5="PUN">.</c></s>
<s n="11"><w c5="NP0" hw="kahn" pos="SUBST">Kahn</w><w c5="POS" hw="'s" pos="UNC">'s </w><w c5="NN1" hw="study" pos="SUBST">study </w><w c5="PRF" hw="of" pos="PREP">of </w><w c5="AT0" hw="the" pos="ART">the </w><w c5="NN1" hw="subject" pos="SUBST">subject </w><w c5="VBD" hw="be" pos="VERB">was </w><w c5="AT0" hw="a" pos="ART">a </w><w c5="NN1" hw="landmark" pos="SUBST">landmark</w><c c5="PUN">.</c></s>
<s n="12"><w c5="PNP" hw="it" pos="PRON">It </w><w c5="VVD" hw="result" pos="VERB">resulted </w><w c5="PRP" hw="in" pos="PREP">in </w><w c5="AT0" hw="a" pos="ART">a </w><w c5="AV0" hw="widely" pos="ADV">widely </w><w c5="VVB" hw="read" pos="VERB">read </w><w c5="NN1" hw="book" pos="SUBST">book </w><c c5="PUQ">‘</c><w c5="AV0" hw="unwillingly" pos="ADV">Unwillingly </w><w c5="PRP" hw="to" pos="PREP">to </w><w c5="NN1" hw="school" pos="SUBST">School</w><c c5="PUN">.</c><c c5="PUQ">’</c></s></p><p>
<s n="13"><w c5="DPS" hw="he" pos="PRON">His </w><w c5="NN1" hw="father" pos="SUBST">father </w><w c5="VBD" hw="be" pos="VERB">was </w><w c5="AT0" hw="a" pos="ART">a </w><w c5="NN1" hw="rabbi" pos="SUBST">rabbi </w><w c5="CJC" hw="and" pos="CONJ">and </w><w c5="AT0" hw="a" pos="ART">a </w><w c5="AJ0" hw="biblical" pos="ADJ">biblical </w><w c5="NN1" hw="text" pos="SUBST">text </w><w c5="VBD" hw="be" pos="VERB">was </w><w c5="TO0" hw="to" pos="PREP">to </w><w c5="VVI" hw="create" pos="VERB">create </w><w c5="DT0" hw="another" pos="ADJ">another </w><w c5="AV0" hw="well" pos="ADV">well </w><w c5="VVN" hw="know" pos="VERB">known </w><w c5="NN1-VVB" hw="work" pos="SUBST">work </w><w c5="PRP" hw="by" pos="PREP">by </w><w c5="AT0" hw="the" pos="ART">the </w><w c5="NN1" hw="son" pos="SUBST">son</w><c c5="PUN">, </c><c c5="PUQ">‘</c><w c5="NN1" hw="job" pos="SUBST">Job</w><w c5="POS" hw="'s" pos="UNC">'s </w><w c5="NN1" hw="illness" pos="SUBST">Illness </w><c c5="PUN">— </c><w c5="NN1" hw="loss" pos="SUBST">Loss</w><c c5="PUN">, </c><w c5="NN1" hw="grief" pos="SUBST">Grief </w><w c5="CJC" hw="and" pos="CONJ">and </w><w c5="NN1" hw="integration" pos="SUBST">Integration</w><c c5="PUN">.</c><c c5="PUQ">’</c></s>
<s n="14"><w c5="DPS" hw="he" pos="PRON">His </w><w c5="NN1" hw="interest" pos="SUBST">interest </w><w c5="PRP" hw="in" pos="PREP">in </w><w c5="NN1" hw="child" pos="SUBST">child </w><w c5="NN1" hw="development" pos="SUBST">development </w><w c5="VVD" hw="lead" pos="VERB">led </w><w c5="PRP" hw="to" pos="PREP">to </w><w c5="DPS" hw="he" pos="PRON">his </w><w c5="NN1" hw="book" pos="SUBST">book </w><c c5="PUQ">‘</c><w c5="NN1-AJ0" hw="human" pos="SUBST">Human </w><w c5="NN1" hw="growth" pos="SUBST">Growth </w><w c5="CJC" hw="and" pos="CONJ">and </w><w c5="NN1" hw="development" pos="SUBST">Development</w><c c5="PUQ">’ </c><w c5="DTQ" hw="which" pos="PRON">which </w><w c5="VBZ" hw="be" pos="VERB">is </w><w c5="PRP" hw="in" pos="PREP">in </w><w c5="DPS" hw="it" pos="PRON">its </w><w c5="ORD" hw="third" pos="ADJ">third </w><w c5="NN1" hw="edition" pos="SUBST">edition</w><c c5="PUN">.</c></s>
<s n="15"><w c5="PNP" hw="he" pos="PRON">He </w><w c5="AV0" hw="also" pos="ADV">also </w><w c5="VVD" hw="write" pos="VERB">wrote </w><w c5="AV0" hw="extensively" pos="ADV">extensively </w><w c5="PRP" hw="in" pos="PREP">in </w><w c5="AT0" hw="the" pos="ART">the </w><w c5="AJ0" hw="scientific" pos="ADJ">scientific </w><w c5="NN1" hw="literature" pos="SUBST">literature</w><c c5="PUN">.</c></s></p><p>
<s n="16"><w c5="PRP" hw="with" pos="PREP">With </w><w c5="AJ0" hw="marked" pos="ADJ">marked </w><w c5="AJ0" hw="philosophical" pos="ADJ">philosophical </w><w c5="NN2" hw="leaning" pos="SUBST">leanings</w><c c5="PUN">, </c><w c5="PNP" hw="he" pos="PRON">he </w><w c5="VBD" hw="be" pos="VERB">was </w><w c5="AT0" hw="an" pos="ART">an </w><w c5="AJ0" hw="erudite" pos="ADJ">erudite </w><w c5="NN1" hw="conversationalist" pos="SUBST">conversationalist </w><c c5="PUN">— </c><w c5="AV0" hw="often" pos="ADV">often </w><w c5="PRP" hw="with" pos="PREP">with </w><w c5="AT0" hw="a" pos="ART">a </w><w c5="AJ0" hw="historical" pos="ADJ">historical </w><w c5="NN1" hw="flavouring" pos="SUBST">flavouring</w><c c5="PUN">.</c></s>
<s n="17"><w c5="PNP" hw="he" pos="PRON">He </w><w c5="VVD" hw="feel" pos="VERB">felt </w><w c5="AV0" hw="keenly" pos="ADV">keenly </w><w c5="PRP" hw="about" pos="PREP">about </w><w c5="AJ0" hw="social" pos="ADJ">social </w><w c5="NN2" hw="issue" pos="SUBST">issues</w><c c5="PUN">, </c><w c5="AJ0" hw="national" pos="ADJ">national </w><w c5="CJC" hw="and" pos="CONJ">and </w><w c5="AJ0" hw="international" pos="ADJ">international</w><c c5="PUN">.</c></s>
<s n="18"><w c5="PRP" hw="to" pos="PREP">To </w><w c5="DT0" hw="all" pos="ADJ">all </w><w c5="PNP" hw="he" pos="PRON">he </w><w c5="VVD" hw="give" pos="VERB">gave </w><w c5="PRF" hw="of" pos="PREP">of </w><w c5="PNX" hw="himself" pos="PRON">himself </w><c c5="PUN">— </c><w c5="AV0" hw="warmly" pos="ADV">warmly</w><c c5="PUN">, </c><w c5="AV0" hw="considerately" pos="ADV">considerately</w><c c5="PUN">, </c><w c5="CJC" hw="and" pos="CONJ">and </w><w c5="AV0" hw="empathically" pos="ADV">empathically</w><c c5="PUN">.</c></s></p><p>
<s n="19"><w c5="NP0" hw="john" pos="SUBST">John </w><w c5="NP0" hw="howells" pos="SUBST">Howells </w><w c5="NP0" hw="jack" pos="SUBST">Jack </w><w c5="NP0" hw="harold" pos="SUBST">Harold </w><w c5="NP0" hw="kahn" pos="SUBST">Kahn</w><c c5="PUN">, </c><w c5="VVN-AJ0" hw="bear" pos="VERB">born </w><w c5="NP0" hw="march" pos="SUBST">March </w><w c5="CRD" hw="2" pos="ADJ">2</w><c c5="PUN">, </c><w c5="CRD" hw="1904" pos="ADJ">1904</w><c c5="PUN">; </c><w c5="VVD" hw="die" pos="VERB">died </w><w c5="NP0" hw="december" pos="SUBST">December </w><w c5="CRD" hw="4" pos="ADJ">4</w><c c5="PUN">, </c><w c5="CRD" hw="1989" pos="ADJ">1989</w><c c5="PUN">.</c></s></p></div></wtext></bncDoc>
