<bncDoc xml:id="AA6"><teiHeader><fileDesc><titleStmt><title>  The Guardian, electronic edition of 1989-12-20: Leisure pages. Sample containing about 1266 words from a periodical (domain: leisure) </title><respStmt><resp> Data capture and transcription </resp><name> Oxford University Press </name> </respStmt></titleStmt><editionStmt><edition>BNC XML Edition, December 2006</edition></editionStmt><extent> 1266 tokens; 1285 w-units; 61 s-units </extent><publicationStmt><distributor>Distributed under licence by Oxford University Computing Services on behalf of the BNC Consortium.</distributor><availability> This material is protected by international copyright laws and may not be copied or redistributed in any way. Consult the BNC Web Site at http://www.natcorp.ox.ac.uk for full licencing and distribution conditions.</availability><idno type="bnc">AA6</idno><idno type="old"> GiLeis </idno></publicationStmt><sourceDesc><bibl><title>The Guardian, electronic edition of 1989-12-20: Leisure pages.</title> <imprint n="GUARDI1"><publisher>Guardian Newspapers Ltd</publisher> <pubPlace>London</pubPlace> <date value="1989">1989</date> </imprint> </bibl></sourceDesc></fileDesc><encodingDesc><tagsDecl><namespace name=""><tagUsage gi="c" occurs="173"/><tagUsage gi="div" occurs="3"/><tagUsage gi="head" occurs="3"/><tagUsage gi="mw" occurs="7"/><tagUsage gi="p" occurs="13"/><tagUsage gi="s" occurs="61"/><tagUsage gi="w" occurs="1285"/></namespace></tagsDecl></encodingDesc><profileDesc><creation date="1989"> </creation><textClass><catRef targets="alltim3 news  wriase0  wridom9   wrista3 "/><classCode scheme="DLEE">W newsp brdsht nat: misc</classCode><keywords><term> (none) </term></keywords></textClass></profileDesc><revisionDesc><change date="2006-10-21" who="#OUCS">Tag usage updated for BNC-XML</change><change date="2000-12-13" who="#OUCS">Last check for BNC World first release</change><change date="2000-09-06" who="#OUCS">Redo tagusage tables</change><change date="2000-09-01" who="#OUCS">Check all tagcounts</change><change date="2000-06-23" who="#OUCS">Resequenced s-units and added headers</change><change date="2000-01-21" who="#OUCS">Added date info</change><change date="2000-01-09" who="#OUCS">Updated all catrefs</change><change date="2000-01-08" who="#OUCS">Updated source title</change><change date="2000-01-08" who="#OUCS">Updated titles</change><change date="1999-12-25" who="#OUCS">corrected tagUsage</change><change date="1999-09-13" who="#UCREL">POS codes revised for BNC-2; header updated</change><change date="1994-11-24" who="#dominic">Initial accession to corpus</change></revisionDesc></teiHeader>
<wtext type="NEWS"><div level="1" n="20-DEC-89 edition, page 18"><head>
<s n="1"><w c5="AT0" hw="a" pos="ART">A </w><w c5="NN1" hw="country" pos="SUBST">Country </w><w c5="NN1" hw="diary" pos="SUBST">Diary</w><c c5="PUN">: </c><w c5="NP0" hw="oxfordshire" pos="SUBST">OXFORDSHIRE</w><c c5="PUN">: </c><w c5="PRP" hw="on" pos="PREP">On </w><w c5="AT0" hw="the" pos="ART">the </w><w c5="ORD" hw="first" pos="ADJ">first </w><w c5="NN1" hw="morning" pos="SUBST">morning </w><w c5="PRF" hw="of" pos="PREP">of </w><w c5="DT0" hw="this" pos="ADJ">this </w><w c5="NN1" hw="month" pos="SUBST">month</w><c c5="PUN">, </c><w c5="CJS" hw="whilst" pos="CONJ">whilst </w><w c5="VVG" hw="watch" pos="VERB">watching </w><w c5="AT0" hw="the" pos="ART">the </w><w c5="AJ0" hw="usual" pos="ADJ">usual </w><w c5="NN1" hw="passage" pos="SUBST">passage </w><w c5="PRF" hw="of" pos="PREP">of </w><w c5="NN2" hw="gull" pos="SUBST">gulls </w><w c5="PRP" hw="to" pos="PREP">to </w><w c5="AT0" hw="the" pos="ART">the </w><w c5="AJ0" hw="local" pos="ADJ">local </w><w c5="NN1" hw="refuse-dump" pos="SUBST">refuse-dump</w><c c5="PUN">, </c><w c5="PNP" hw="i" pos="PRON">I </w><w c5="VVD" hw="spot" pos="VERB">spotted </w><w c5="AT0" hw="a" pos="ART">a </w><w c5="NN1" hw="flock" pos="SUBST">flock </w><w c5="PRF" hw="of" pos="PREP">of </w><w c5="NN2" hw="wader" pos="SUBST">waders</w><c c5="PUN">, </c><w c5="VVN-VVD" hw="estimate" pos="VERB">estimated </w><w c5="PRP" hw="at" pos="PREP">at </w><w c5="PRP" hw="between" pos="PREP">between </w><w c5="CRD" hw="300" pos="ADJ">300 </w><w c5="CJC" hw="and" pos="CONJ">and </w><w c5="CRD" hw="400" pos="ADJ">400</w><c c5="PUN">, </c><w c5="AV0" hw="much" pos="ADV">much </w><w c5="AV0" hw="high" pos="ADV">higher </w><w c5="AVP" hw="up" pos="ADV">up </w><w c5="CJC" hw="and" pos="CONJ">and </w><w c5="VVG" hw="head" pos="VERB">heading </w><w c5="AJ0" hw="due" pos="ADJ">due </w><w c5="NN1" hw="south" pos="SUBST">south</w><c c5="PUN">, </c><w c5="CJC" hw="and" pos="CONJ">and</w><c c5="PUN">, </c><w c5="AT0" hw="a" pos="ART">a </w><w c5="NN1" hw="matter" pos="SUBST">matter </w><w c5="PRF" hw="of" pos="PREP">of </w><w c5="NN2" hw="second" pos="SUBST">seconds </w><w c5="AV0" hw="later" pos="ADV">later</w><c c5="PUN">, </c><w c5="AT0" hw="a" pos="ART">a </w><w c5="AJ0" hw="similar" pos="ADJ">similar </w><w c5="NN1" hw="party" pos="SUBST">party </w><w c5="VVD" hw="follow" pos="VERB">followed </w><w c5="PNP" hw="they" pos="PRON">them </w><w c5="PRP" hw="on" pos="PREP">on </w><w c5="AT0" hw="the" pos="ART">the </w><w c5="DT0" hw="same" pos="ADJ">same </w><w c5="NN1" hw="course" pos="SUBST">course</w><c c5="PUN">, </c><w c5="CJC" hw="and" pos="CONJ">and </w><w c5="PNP" hw="i" pos="PRON">I </w><w c5="VBD" hw="be" pos="VERB">was </w><w c5="AJ0" hw="able" pos="ADJ">able </w><w c5="TO0" hw="to" pos="PREP">to </w><w c5="VVI" hw="identify" pos="VERB">identify </w><w c5="PNP" hw="they" pos="PRON">them </w><w c5="PRP" hw="as" pos="PREP">as </w><w c5="AJ0" hw="golden" pos="ADJ">Golden </w><w c5="NN1" hw="plover" pos="SUBST">Plover</w><c c5="PUN">.</c></s>
<s n="2"><w c5="CJS" hw="since" pos="CONJ">Since </w><w c5="DT0" hw="this" pos="ADJ">this </w><w c5="NN1" hw="line" pos="SUBST">line </w><w c5="PRF" hw="of" pos="PREP">of </w><w c5="NN1" hw="flight" pos="SUBST">flight </w><w c5="VM0" hw="would" pos="VERB">would </w><w c5="VVI" hw="take" pos="VERB">take </w><w c5="PNP" hw="they" pos="PRON">them </w><w c5="AV0" hw="straight" pos="ADV">straight </w><w c5="PRP" hw="to" pos="PREP">to </w><w c5="AT0" hw="the" pos="ART">the </w><w c5="NN1" hw="pioneer" pos="SUBST">pioneer </w><w c5="NN1" hw="party" pos="SUBST">party </w><w c5="PRF" hw="of" pos="PREP">of </w><w c5="CRD" hw="200-300" pos="ADJ">200-300 </w><w c5="AV0" hw="already" pos="ADV">already </w><w c5="VVN" hw="assemble" pos="VERB">assembled </w><w c5="PRP" hw="on" pos="PREP">on </w><w c5="AT0" hw="the" pos="ART">the </w><w c5="AJ0" hw="traditional" pos="ADJ">traditional </w><w c5="NP0" hw="witney" pos="SUBST">Witney </w><w c5="NN1" hw="site" pos="SUBST">site</w><c c5="PUN">, </c><w c5="PNP" hw="i" pos="PRON">I </w><w c5="VVD" hw="wonder" pos="VERB">wondered </w><w c5="CJS" hw="whether" pos="CONJ">whether </w><w c5="DT0" hw="this" pos="ADJ">this </w><w c5="VBD" hw="be" pos="VERB">was </w><w c5="DPS" hw="they" pos="PRON">their </w><w c5="NN1" hw="destination" pos="SUBST">destination</w><c c5="PUN">.</c></s>
<s n="3"><w c5="AT0" hw="a" pos="ART">A </w><w c5="DT0" hw="few" pos="ADJ">few </w><w c5="NN2" hw="day" pos="SUBST">days </w><w c5="AV0" hw="later" pos="ADV">later</w><c c5="PUN">, </c><w c5="AV0" hw="immediately" pos="ADV">immediately </w><w c5="PRP" hw="alongside" pos="PREP">alongside </w><w c5="AT0" hw="the" pos="ART">the </w><w c5="AJ0" hw="busy" pos="ADJ">busy </w><w c5="UNC" hw="m40" pos="UNC">M40</w><c c5="PUN">, </c><w c5="AT0" hw="a" pos="ART">a </w><w c5="NN1" hw="pause" pos="SUBST">pause </w><w c5="PRP" hw="at" pos="PREP">at </w><w c5="NN2" hw="traffic-light" pos="SUBST">traffic-lights </w><w c5="VVD" hw="enable" pos="VERB">enabled </w><w c5="PNP" hw="i" pos="PRON">me </w><w c5="TO0" hw="to" pos="PREP">to </w><w c5="VVI" hw="glance" pos="VERB">glance </w><w c5="PRP" hw="at" pos="PREP">at </w><w c5="AT0" hw="a" pos="ART">a </w><w c5="AJ0" hw="dense" pos="ADJ">dense </w><w c5="NN1" hw="assembly" pos="SUBST">assembly </w><w c5="PRF" hw="of" pos="PREP">of </w><w c5="NN2" hw="bird" pos="SUBST">birds</w><c c5="PUN">, </c><w c5="AV0" hw="as" pos="ADV">as </w><w c5="AJ0" hw="closely-packed" pos="ADJ">closely-packed </w><w c5="CJS" hw="as" pos="CONJ">as </w><w c5="NN2" hw="starling" pos="SUBST">starlings</w><c c5="PUN">, </c><w c5="VVG" hw="extend" pos="VERB">extending </w><w c5="PRP" hw="for" pos="PREP">for </w><w c5="AV0" hw="almost" pos="ADV">almost </w><w c5="AT0" hw="a" pos="ART">a </w><w c5="NN1" hw="quarter" pos="SUBST">quarter </w><w c5="PRF" hw="of" pos="PREP">of </w><w c5="AT0" hw="a" pos="ART">a </w><w c5="NN1" hw="mile" pos="SUBST">mile </w><w c5="PRP-AVP" hw="along" pos="PREP">along </w><w c5="AT0" hw="the" pos="ART">the </w><w c5="NN1" hw="edge" pos="SUBST">edge </w><w c5="PRF" hw="of" pos="PREP">of </w><w c5="AT0" hw="the" pos="ART">the </w><w c5="AJ0" hw="arable" pos="ADJ">arable </w><w c5="NN1" hw="field" pos="SUBST">field</w><c c5="PUN">, </c><w c5="CJC" hw="and" pos="CONJ">and </w><w c5="PNP" hw="i" pos="PRON">I </w><w c5="VBD" hw="be" pos="VERB">was </w><w c5="AJ0" hw="able" pos="ADJ">able </w><w c5="TO0" hw="to" pos="PREP">to </w><w c5="VVI" hw="identify" pos="VERB">identify </w><w c5="PNP" hw="they" pos="PRON">them </w><w c5="PRP-CJS" hw="as" pos="PREP">as </w><w c5="AT0" hw="a" pos="ART">a </w><w c5="NN1" hw="mixture" pos="SUBST">mixture </w><w c5="PRF" hw="of" pos="PREP">of </w><w c5="NP0" hw="lapwing" pos="SUBST">Lapwing </w><w c5="CJC" hw="and" pos="CONJ">and </w><c c5="PUQ">‘</c><w c5="NN2" hw="goldy" pos="SUBST">goldies</w><c c5="PUN">,</c><c c5="PUQ">’ </c><w c5="DT0" hw="all" pos="ADJ">all </w><w c5="AJ0" hw="immobile" pos="ADJ">immobile</w><c c5="PUN">, </c><w c5="CJC" hw="and" pos="CONJ">and </w><w c5="DT0" hw="many" pos="ADJ">many </w><w c5="PRF" hw="of" pos="PREP">of </w><w c5="AT0" hw="the" pos="ART">the </w><w c5="DT0" hw="latter" pos="ADJ">latter </w><w c5="PRP" hw="with" pos="PREP">with </w><w c5="DPS" hw="they" pos="PRON">their </w><w c5="NN2" hw="head" pos="SUBST">heads </w><w c5="VVN" hw="tuck" pos="VERB">tucked </w><w c5="AVP" hw="in" pos="ADV">in </w><mw c5="CJS"><w c5="PRP" hw="as" pos="PREP">as </w><w c5="CJS" hw="if" pos="CONJ">if </w></mw><w c5="AV0" hw="fast" pos="ADV">fast </w><w c5="AJ0" hw="asleep" pos="ADJ">asleep</w><c c5="PUN">.</c></s>
<s n="4"><w c5="AT0" hw="an" pos="ART">An </w><w c5="NN1" hw="estimate" pos="SUBST">estimate </w><w c5="PRF" hw="of" pos="PREP">of </w><w c5="NN2" hw="number" pos="SUBST">numbers </w><w c5="VBD" hw="be" pos="VERB">was </w><w c5="AJ0" hw="impossible" pos="ADJ">impossible </w><w c5="PRP" hw="in" pos="PREP">in </w><w c5="AT0" hw="the" pos="ART">the </w><w c5="DT0" hw="few" pos="ADJ">few </w><w c5="NN2" hw="second" pos="SUBST">seconds </w><w c5="AJ0" hw="available" pos="ADJ">available </w><w c5="PRP" hw="at" pos="PREP">at </w><w c5="AT0" hw="the" pos="ART">the </w><w c5="NN1" hw="pause" pos="SUBST">pause</w><c c5="PUN">, </c><w c5="CJC" hw="but" pos="CONJ">but </w><w c5="PRP" hw="on" pos="PREP">on </w><w c5="AT0" hw="the" pos="ART">the </w><w c5="NN1-AJ0" hw="return" pos="SUBST">return </w><w c5="NN1" hw="journey" pos="SUBST">journey</w><c c5="PUN">, </c><w c5="AV0" hw="about" pos="ADV">about </w><w c5="AT0" hw="an" pos="ART">an </w><w c5="NN1" hw="hour" pos="SUBST">hour </w><w c5="AV0" hw="later" pos="ADV">later</w><c c5="PUN">, </c><w c5="PNI" hw="something" pos="PRON">something </w><w c5="VHD" hw="have" pos="VERB">had </w><w c5="VVN" hw="awaken" pos="VERB">awakened </w><w c5="PNP" hw="they" pos="PRON">them </w><w c5="CJC" hw="and" pos="CONJ">and </w><w c5="AT0" hw="a" pos="ART">a </w><w c5="AV0" hw="most" pos="ADV">most </w><w c5="AJ0" hw="spectacular" pos="ADJ">spectacular </w><w c5="AJ0" hw="aerial" pos="ADJ">aerial </w><w c5="NN1" hw="display" pos="SUBST">display </w><w c5="VBD" hw="be" pos="VERB">was </w><w c5="PRP" hw="in" pos="PREP">in </w><w c5="NN1" hw="progress" pos="SUBST">progress </w><c c5="PUN">— </c><w c5="AT0" hw="the" pos="ART">the </w><w c5="CRD" hw="two" pos="ADJ">two </w><w c5="NN0" hw="species" pos="SUBST">species </w><w c5="VHD" hw="have" pos="VERB">had </w><w c5="VVN" hw="react" pos="VERB">reacted </w><w c5="AV0" hw="differently" pos="ADV">differently </w><w c5="PRP" hw="to" pos="PREP">to </w><w c5="DTQ" hw="whatever" pos="PRON">whatever </w><w c5="VHD" hw="have" pos="VERB">had </w><w c5="VVN" hw="disturb" pos="VERB">disturbed </w><w c5="DPS" hw="they" pos="PRON">their </w><w c5="NN1" hw="siesta" pos="SUBST">siesta </w><c c5="PUN">— </c><w c5="AT0" hw="the" pos="ART">the </w><w c5="NN1" hw="lapwing" pos="SUBST">lapwing </w><w c5="VVG" hw="wheel" pos="VERB">wheeling </w><w c5="AV0" hw="erratically" pos="ADV">erratically </w><w c5="AV0" hw="just" pos="ADV">just </w><w c5="PRP" hw="above" pos="PREP">above </w><w c5="NN1" hw="ground" pos="SUBST">ground </w><w c5="NN1" hw="level" pos="SUBST">level</w><c c5="PUN">, </c><w c5="CJC" hw="but" pos="CONJ">but </w><w c5="AT0" hw="the" pos="ART">the </w><c c5="PUQ">‘</c><w c5="NN2" hw="goldy" pos="SUBST">goldies</w><c c5="PUQ">’ </c><w c5="PRP" hw="in" pos="PREP">in </w><w c5="AJ0" hw="ever-changing" pos="ADJ">ever-changing </w><w c5="AJ0" hw="smoke-like" pos="ADJ">smoke-like </w><w c5="NN2" hw="cloud" pos="SUBST">clouds </w><w c5="AV0-AJ0" hw="high" pos="ADV">high </w><w c5="AV0" hw="above" pos="ADV">above</w><c c5="PUN">, </c><w c5="VVG" hw="perform" pos="VERB">performing </w><w c5="AJ0" hw="quick-change" pos="ADJ">quick-change </w><w c5="NN2" hw="evolution" pos="SUBST">evolutions </w><w c5="AJ0" hw="reminiscent" pos="ADJ">reminiscent </w><w c5="PRF" hw="of" pos="PREP">of </w><w c5="NN2" hw="starling" pos="SUBST">starlings </w><w c5="VVG" hw="go" pos="VERB">going </w><w c5="TO0" hw="to" pos="PREP">to </w><w c5="VVI" hw="roost" pos="VERB">roost</w><c c5="PUN">.</c></s>
<s n="5"><w c5="AV0" hw="again" pos="ADV">Again</w><c c5="PUN">, </c><w c5="AT0" hw="an" pos="ART">an </w><w c5="NN1" hw="estimate" pos="SUBST">estimate </w><w c5="PRF" hw="of" pos="PREP">of </w><w c5="NN2" hw="number" pos="SUBST">numbers </w><w c5="VBD" hw="be" pos="VERB">was </w><w c5="AJ0" hw="difficult" pos="ADJ">difficult</w><c c5="PUN">, </c><w c5="CJC" hw="but" pos="CONJ">but </w><w c5="PNP" hw="i" pos="PRON">I </w><w c5="VBB" hw="be" pos="VERB">am </w><w c5="AJ0" hw="confident" pos="ADJ">confident </w><w c5="CJT" hw="that" pos="CONJ">that </w><w c5="EX0" hw="there" pos="PRON">there </w><w c5="VBD" hw="be" pos="VERB">were </w><w c5="AJ0" hw="well" pos="ADJ">well </w><w c5="AV0" hw="over" pos="ADV">over </w><w c5="CRD" hw="1,000" pos="ADJ">1,000 </w><w c5="PRF" hw="of" pos="PREP">of </w><w c5="AT0" hw="the" pos="ART">the </w><c c5="PUQ">‘</c><w c5="NN2" hw="goldy" pos="SUBST">goldies</w><c c5="PUQ">’</c><c c5="PUN">, </c><w c5="CJC" hw="and" pos="CONJ">and </w><w c5="AV0" hw="almost" pos="ADV">almost </w><w c5="AV0" hw="as" pos="ADV">as </w><w c5="DT0" hw="many" pos="ADJ">many </w><w c5="AJ0-NN1" hw="lapwing" pos="ADJ">lapwing</w><c c5="PUN">.</c></s></head><p>
<s n="6"><w c5="NP0" hw="w." pos="SUBST">W. </w><w c5="NP0" hw="d." pos="SUBST">D. </w><w c5="NP0" hw="campbell" pos="SUBST">CAMPBELL</w><c c5="PUN">.</c></s></p></div><div level="1" n="20-DEC-89 edition, page 17"><head>
<s n="7"><w c5="AJ0" hw="dear" pos="ADJ">Dear </w><w c5="NP0" hw="santa" pos="SUBST">Santa</w><c c5="PUN">, </c><w c5="PNP" hw="i" pos="PRON">I</w><w c5="VM0" hw="would" pos="VERB">'d </w><w c5="VVI" hw="like" pos="VERB">like </w><w c5="AT0" hw="a" pos="ART">a </w><w c5="NN1" hw="piana" pos="SUBST">piana </w><w c5="CJC" hw="or" pos="CONJ">or </w><w c5="DT0" hw="some" pos="ADJ">some </w><w c5="NN1" hw="leggo" pos="SUBST">leggo </w><w c5="AJ0" hw="old" pos="ADJ">Old </w><w c5="AJ0" hw="red" pos="ADJ">Red </w><w c5="NN2" hw="cheek" pos="SUBST">Cheeks </w><w c5="VVZ" hw="get" pos="VERB">gets </w><w c5="VVN" hw="snow" pos="VERB">snowed </w><w c5="PRP" hw="under" pos="PREP">under </w><w c5="AT0" hw="every" pos="ART">every </w><w c5="NN1" hw="year" pos="SUBST">year </w><w c5="PRP" hw="with" pos="PREP">with </w><w c5="NN2" hw="letter" pos="SUBST">letters </w><w c5="PRP" hw="from" pos="PREP">from </w><w c5="NN2" hw="child" pos="SUBST">children</w><c c5="PUN">.</c></s>
<s n="8"><w c5="AV0" hw="sometimes" pos="ADV">Sometimes </w><w c5="AT0" hw="the" pos="ART">the </w><w c5="NN1" hw="spelling" pos="SUBST">spelling </w><w c5="VBZ" hw="be" pos="VERB">is</w><w c5="XX0" hw="not" pos="ADV">n't </w><w c5="AV0" hw="so" pos="ADV">so </w><w c5="AJ0" hw="hot" pos="ADJ">hot </w><w c5="CJC" hw="but" pos="CONJ">but </w><w c5="NN1" hw="belief" pos="SUBST">belief</w><c c5="PUN">, </c><w c5="CJS" hw="as" pos="CONJ">as </w><w c5="NP0" hw="melanie" pos="SUBST">Melanie </w><w c5="NP0" hw="mcfadyean" pos="SUBST">McFadyean </w><w c5="VVD" hw="find" pos="VERB">found</w><c c5="PUN">, </c><w c5="AV0" hw="still" pos="ADV">still </w><w c5="VVZ" hw="seem" pos="VERB">seems </w><w c5="TO0" hw="to" pos="PREP">to </w><w c5="VVI" hw="burn" pos="VERB">burn </w><w c5="AJ0" hw="bright" pos="ADJ">bright</w><c c5="PUN">.</c></s></head><p>
<s n="9"><w c5="NP0" hw="santa" pos="SUBST">SANTA </w><w c5="NP0" hw="claus" pos="SUBST">CLAUS </w><w c5="AV0" hw="probably" pos="ADV">probably </w><w c5="VVD-VVN" hw="get" pos="VERB">got </w><w c5="DT0" hw="more" pos="ADJ">more </w><w c5="NN2" hw="letter" pos="SUBST">letters </w><w c5="CJS" hw="than" pos="CONJ">than </w><w c5="AT0" hw="the" pos="ART">the </w><w c5="NN1" hw="queen" pos="SUBST">Queen </w><w c5="CJC" hw="or" pos="CONJ">or </w><w c5="NP0" hw="margaret" pos="SUBST">Margaret </w><w c5="NP0" hw="thatcher" pos="SUBST">Thatcher </w><w c5="DT0" hw="this" pos="ADJ">this </w><w c5="NN1" hw="year" pos="SUBST">year</w><c c5="PUN">.</c></s>
<s n="10"><w c5="CJC" hw="but" pos="CONJ">But </w><w c5="AV0" hw="then" pos="ADV">then </w><w c5="PNP" hw="he" pos="PRON">he</w><w c5="VBZ" hw="be" pos="VERB">'s </w><w c5="AJC" hw="cuddly" pos="ADJ">cuddlier</w><c c5="PUN">.</c></s>
<s n="11"><w c5="AT0" hw="the" pos="ART">The </w><w c5="NN1" hw="post" pos="SUBST">Post </w><w c5="NN1" hw="office" pos="SUBST">Office</w><c c5="PUN">, </c><w c5="PNQ" hw="who" pos="PRON">who </w><w c5="VVB" hw="handle" pos="VERB">handle </w><w c5="DPS" hw="he" pos="PRON">his </w><w c5="NN1" hw="mail" pos="SUBST">mail</w><c c5="PUN">, </c><w c5="VVB" hw="say" pos="VERB">say </w><w c5="EX0" hw="there" pos="PRON">there </w><w c5="VBD" hw="be" pos="VERB">were </w><w c5="CRD" hw="600,000" pos="ADJ">600,000 </w><w c5="NN2" hw="letter" pos="SUBST">letters </w><w c5="PRP" hw="for" pos="PREP">for </w><w c5="AT0" hw="the" pos="ART">the </w><w c5="AJ0-NN1" hw="plump" pos="ADJ">plump</w><c c5="PUN">, </c><w c5="AJ0" hw="red-cheeked" pos="ADJ">red-cheeked </w><w c5="AJ0" hw="old" pos="ADJ">old </w><w c5="NN1" hw="fellow" pos="SUBST">fellow</w><c c5="PUN">.</c></s></p><p>
<s n="12"><w c5="AV0" hw="naturally" pos="ADV">Naturally </w><w c5="PNP" hw="he" pos="PRON">he </w><w c5="VM0" hw="could" pos="VERB">could</w><w c5="XX0" hw="not" pos="ADV">n't </w><w c5="VVI" hw="answer" pos="VERB">answer </w><w c5="PNP" hw="they" pos="PRON">them </w><w c5="AV0" hw="all" pos="ADV">all </w><w c5="PNX" hw="himself" pos="PRON">himself</w><c c5="PUN">, </c><w c5="AV0" hw="so" pos="ADV">so </w><w c5="NN1" hw="post" pos="SUBST">Post </w><w c5="NN1" hw="office" pos="SUBST">Office </w><w c5="NN0" hw="staff" pos="SUBST">staff </w><w c5="VVD" hw="lend" pos="VERB">lent </w><w c5="AT0" hw="a" pos="ART">a </w><w c5="NN1" hw="hand" pos="SUBST">hand </w><w c5="CJC" hw="and" pos="CONJ">and </w><w c5="AT0" hw="every" pos="ART">every </w><w c5="NN1" hw="kid" pos="SUBST">kid </w><w c5="PNQ" hw="who" pos="PRON">who </w><w c5="VVD" hw="write" pos="VERB">wrote </w><w c5="PRP" hw="to" pos="PREP">to </w><w c5="PNP" hw="he" pos="PRON">him </w><w c5="VVD" hw="get" pos="VERB">got </w><w c5="AT0" hw="a" pos="ART">a </w><w c5="NN1" hw="reply" pos="SUBST">reply</w><c c5="PUN">, </c><w c5="VVD" hw="postmark" pos="VERB">postmarked </w><w c5="NP0" hw="reindeerland" pos="SUBST">Reindeerland </w><w c5="CJC" hw="or" pos="CONJ">or </w><w c5="NP0" hw="santaland" pos="SUBST">Santaland</w><c c5="PUN">.</c></s>
<s n="13"><w c5="CJS" hw="whether" pos="CONJ">Whether </w><w c5="PNP" hw="they" pos="PRON">they </w><w c5="VVB" hw="get" pos="VERB">get </w><w c5="AT0" hw="the" pos="ART">the </w><w c5="NN1" hw="computer" pos="SUBST">computer </w><w c5="NN1" hw="software" pos="SUBST">software</w><c c5="PUN">, </c><w c5="NN2" hw="doll" pos="SUBST">dolls </w><w c5="CJC" hw="and" pos="CONJ">and </w><w c5="AJ0" hw="musical" pos="ADJ">musical </w><w c5="NN2" hw="instrument" pos="SUBST">instruments </w><w c5="PNP" hw="they" pos="PRON">they </w><w c5="VVD" hw="ask" pos="VERB">asked </w><w c5="PNP" hw="he" pos="PRON">him </w><w c5="PRP" hw="for" pos="PREP">for </w><w c5="NN2" hw="remains" pos="SUBST">remains </w><w c5="TO0" hw="to" pos="PREP">to </w><w c5="VBI" hw="be" pos="VERB">be </w><w c5="VVN" hw="see" pos="VERB">seen</w><c c5="PUN">.</c></s>
<s n="14"><w c5="PNP" hw="it" pos="PRON">It </w><w c5="VVZ" hw="depend" pos="VERB">depends </w><w c5="AVQ" hw="how" pos="ADV">how </w><w c5="DT0" hw="much" pos="ADJ">much </w><w c5="AT0" hw="the" pos="ART">the </w><w c5="NN2" hw="adult" pos="SUBST">adults </w><w c5="VVB" hw="collude" pos="VERB">collude </w><w c5="CJC" hw="and" pos="CONJ">and </w><w c5="DTQ" hw="what" pos="PRON">what </w><w c5="DPS" hw="they" pos="PRON">their </w><w c5="NN1" hw="bank" pos="SUBST">bank </w><w c5="NN2" hw="balance" pos="SUBST">balances </w><w c5="VBB" hw="be" pos="VERB">are </w><w c5="VVG" hw="look" pos="VERB">looking </w><w c5="PRP" hw="like" pos="PREP">like</w><c c5="PUN">.</c></s></p><p>
<s n="15"><w c5="CJS" hw="if" pos="CONJ">If </w><w c5="CRD" hw="600,000" pos="ADJ">600,000 </w><w c5="VVB" hw="write" pos="VERB">write </w><w c5="PRP" hw="to" pos="PREP">to </w><w c5="NP0" hw="santa" pos="SUBST">Santa</w><c c5="PUN">, </c><w c5="PNP" hw="it" pos="PRON">it </w><w c5="VVZ" hw="follow" pos="VERB">follows </w><w c5="CJT" hw="that" pos="CONJ">that </w><w c5="AT0" hw="a" pos="ART">a </w><w c5="AJ0" hw="great" pos="ADJ">great </w><w c5="DT0" hw="many" pos="ADJ">many </w><w c5="NN2" hw="child" pos="SUBST">children </w><w c5="VVB" hw="believe" pos="VERB">believe </w><w c5="PRP" hw="in" pos="PREP">in </w><w c5="PNP" hw="he" pos="PRON">him</w><c c5="PUN">.</c></s>
<s n="16"><w c5="CJC" hw="but" pos="CONJ">But </w><w c5="CRD" hw="one" pos="ADJ">one </w><w c5="NN1" hw="child" pos="SUBST">child </w><w c5="PNP" hw="i" pos="PRON">I </w><w c5="VVB" hw="know" pos="VERB">know </w><w c5="VVN" hw="catch" pos="VERB">caught </w><w c5="DPS" hw="he" pos="PRON">his </w><w c5="NN2" hw="parent" pos="SUBST">parents </w><w c5="VVG" hw="prowl" pos="VERB">prowling </w><w c5="AVP" hw="around" pos="ADV">around </w><w c5="PRP" hw="with" pos="PREP">with </w><w c5="NN2" hw="stocking" pos="SUBST">stockings </w><w c5="PRP" hw="at" pos="PREP">at </w><w c5="AT0" hw="the" pos="ART">the </w><w c5="AJ0" hw="dead" pos="ADJ">dead </w><w c5="PRF" hw="of" pos="PREP">of </w><w c5="NN1" hw="night" pos="SUBST">night </w><w c5="CJC" hw="and" pos="CONJ">and </w><w c5="VBZ" hw="be" pos="VERB">is </w><w c5="AV0" hw="now" pos="ADV">now </w><w c5="VVG" hw="impress" pos="VERB">impressing </w><w c5="PRP" hw="upon" pos="PREP">upon </w><w c5="DPS" hw="he" pos="PRON">his </w><w c5="AJ0" hw="little" pos="ADJ">little </w><w c5="NN2" hw="pal" pos="SUBST">pals </w><w c5="CJT" hw="that" pos="CONJ">that </w><w c5="AT0" hw="the" pos="ART">the </w><w c5="AJ0" hw="whole" pos="ADJ">whole </w><w c5="NN1" hw="thing" pos="SUBST">thing </w><w c5="VBZ" hw="be" pos="VERB">is </w><w c5="AT0" hw="a" pos="ART">a </w><w c5="NN1" hw="con" pos="SUBST">con</w><c c5="PUN">.</c></s>
<s n="17"><w c5="CJC" hw="but" pos="CONJ">But </w><w c5="DPS" hw="he" pos="PRON">his </w><w c5="NN2" hw="parent" pos="SUBST">parents </w><w c5="VVB" hw="continue" pos="VERB">continue </w><w c5="TO0" hw="to" pos="PREP">to </w><w c5="VVI" hw="leave" pos="VERB">leave </w><w c5="NN1" hw="sherry" pos="SUBST">sherry </w><w c5="CJC" hw="and" pos="CONJ">and </w><w c5="NN1-VVB" hw="mince" pos="SUBST">mince </w><w c5="NN2" hw="pie" pos="SUBST">pies </w><w c5="AVP" hw="out" pos="ADV">out </w><w c5="PRP" hw="for" pos="PREP">for </w><w c5="AJ0" hw="old" pos="ADJ">Old </w><w c5="AJ0" hw="red" pos="ADJ">Red </w><w c5="NN2" hw="cheek" pos="SUBST">Cheeks </w><c c5="PUN">— </c><w c5="AV0" hw="perhaps" pos="ADV">perhaps </w><w c5="PNP" hw="they" pos="PRON">they </w><w c5="VVB" hw="believe" pos="VERB">believe </w><w c5="PRP" hw="in" pos="PREP">in </w><w c5="PNP" hw="he" pos="PRON">him</w><c c5="PUN">.</c></s></p><p>
<s n="18"><w c5="PNI" hw="lots" pos="PRON">Lots </w><w c5="PRF" hw="of" pos="PREP">of </w><w c5="NN2" hw="parent" pos="SUBST">parents</w><c c5="PUN">, </c><w c5="CJC" hw="and" pos="CONJ">and </w><w c5="AT0" hw="the" pos="ART">the </w><w c5="AJ0" hw="odd" pos="ADJ">odd </w><w c5="NN1" hw="nanny" pos="SUBST">nanny </w><w c5="CJC" hw="or" pos="CONJ">or </w><w c5="CRD" hw="two" pos="ADJ">two</w><c c5="PUN">, </c><w c5="VVB" hw="provide" pos="VERB">provide </w><w c5="NN1-AJ0" hw="back-up" pos="SUBST">back-up </w><w c5="NN2" hw="reference" pos="SUBST">references </w><w c5="PRP" hw="for" pos="PREP">for </w><w c5="NP0" hw="santa" pos="SUBST">Santa </w><w c5="VVG" hw="explain" pos="VERB">explaining </w><w c5="CJT" hw="that" pos="CONJ">that </w><w c5="AJ0" hw="little" pos="ADJ">little </w><w c5="NN1" hw="so-and-so" pos="SUBST">so-and-so </w><w c5="VBZ" hw="be" pos="VERB">is </w><w c5="AV0" hw="really" pos="ADV">really </w><w c5="AT0" hw="a" pos="ART">a </w><w c5="AV0" hw="very" pos="ADV">very </w><w c5="AJ0" hw="good" pos="ADJ">good </w><w c5="NN1" hw="child" pos="SUBST">child</w><c c5="PUN">.</c></s>
<s n="19"><w c5="DT0" hw="these" pos="ADJ">These </w><w c5="AJ0" hw="good" pos="ADJ">good </w><w c5="NN2" hw="child" pos="SUBST">children </w><w c5="PNQ" hw="who" pos="PRON">who </w><w c5="VVD" hw="write" pos="VERB">wrote </w><w c5="PRP" hw="to" pos="PREP">to </w><w c5="NP0" hw="santa" pos="SUBST">Santa </w><w c5="DT0" hw="this" pos="ADJ">this </w><w c5="NN1" hw="year" pos="SUBST">year</w><c c5="PUN">, </c><w c5="CJC" hw="and" pos="CONJ">and </w><w c5="DPS" hw="they" pos="PRON">their </w><w c5="NN2" hw="parent" pos="SUBST">parents </w><w c5="CJC" hw="and" pos="CONJ">and </w><w c5="NN2" hw="nanny" pos="SUBST">nannies</w><c c5="PUN">, </c><w c5="VDB" hw="do" pos="VERB">do</w><w c5="XX0" hw="not" pos="ADV">n't </w><w c5="VVI" hw="seem" pos="VERB">seem </w><w c5="AJ0" hw="keen" pos="ADJ">keen </w><w c5="TO0" hw="to" pos="PREP">to </w><w c5="VVI" hw="continue" pos="VERB">continue </w><w c5="AT0" hw="the" pos="ART">the </w><w c5="NN1" hw="tradition" pos="SUBST">tradition </w><w c5="PRF" hw="of" pos="PREP">of </w><w c5="VVG" hw="leave" pos="VERB">leaving </w><w c5="NN1" hw="sherry" pos="SUBST">sherry </w><w c5="AVP" hw="out" pos="ADV">out</w><c c5="PUN">.</c></s>
<s n="20"><w c5="PNP" hw="they" pos="PRON">They</w><w c5="VBB" hw="be" pos="VERB">'re </w><w c5="AJ0" hw="ok" pos="ADJ">OK </w><w c5="PRP" hw="about" pos="PREP">about </w><w c5="AT0" hw="the" pos="ART">the </w><w c5="NN1" hw="mince" pos="SUBST">mince </w><w c5="NN2" hw="pie" pos="SUBST">pies</w><c c5="PUN">, </c><w c5="CJC" hw="but" pos="CONJ">but </w><w c5="NP0" hw="santa" pos="SUBST">Santa </w><w c5="VBZ" hw="be" pos="VERB">is </w><w c5="AJ0" hw="likely" pos="ADJ">likely </w><w c5="TO0" hw="to" pos="PREP">to </w><w c5="VVI" hw="drown" pos="VERB">drown </w><w c5="PRP" hw="in" pos="PREP">in </w><w c5="NN1" hw="milk" pos="SUBST">milk </w><w c5="DT0" hw="this" pos="ADJ">this </w><w c5="NN1" hw="year" pos="SUBST">year</w><c c5="PUN">.</c></s>
<s n="21"><w c5="AV0" hw="perhaps" pos="ADV">Perhaps </w><w c5="PNP" hw="it" pos="PRON">it</w><w c5="VBZ" hw="be" pos="VERB">'s </w><w c5="NN1" hw="part" pos="SUBST">part </w><w c5="PRF" hw="of" pos="PREP">of </w><w c5="AT0" hw="the" pos="ART">the </w><w c5="NN1" hw="drink/driving" pos="SUBST">drink/driving </w><w c5="NN1" hw="campaign" pos="SUBST">campaign </w><w c5="VVG" hw="reach" pos="VERB">reaching </w><w c5="NN0" hw="people" pos="SUBST">people </w><w c5="PNQ" hw="who" pos="PRON">who </w><w c5="VVB" hw="ride" pos="VERB">ride </w><w c5="AT0" hw="the" pos="ART">the </w><w c5="NN1" hw="sky" pos="SUBST">sky </w><w c5="PRP" hw="in" pos="PREP">in </w><w c5="AT0" hw="a" pos="ART">a </w><w c5="NN1" hw="sleigh" pos="SUBST">sleigh </w><w c5="VVN" hw="draw" pos="VERB">drawn </w><w c5="PRP" hw="by" pos="PREP">by </w><w c5="NN0" hw="reindeer" pos="SUBST">reindeer</w><c c5="PUN">.</c></s>
<s n="22"><c c5="PUL">(</c><mw c5="PRP"><w c5="CJS" hw="as" pos="CONJ">As </w><w c5="PRP" hw="for" pos="PREP">for </w></mw><w c5="AT0" hw="the" pos="ART">the </w><w c5="NN0" hw="reindeer" pos="SUBST">reindeer</w><c c5="PUN">, </c><w c5="CRD" hw="one" pos="ADJ">one </w><w c5="AJ0" hw="thoughtful" pos="ADJ">thoughtful </w><w c5="NN1" hw="child" pos="SUBST">child </w><w c5="VVD" hw="add" pos="VERB">added </w><w c5="AT0" hw="a" pos="ART">a </w><w c5="NN1" hw="ps" pos="SUBST">PS</w><c c5="PUN">, </c><w c5="VVG" hw="say" pos="VERB">saying </w><w c5="PNP" hw="she" pos="PRON">she </w><w c5="VM0" hw="would" pos="VERB">would </w><w c5="VVI" hw="make" pos="VERB">make </w><w c5="AJ0" hw="sure" pos="ADJ">sure </w><w c5="EX0" hw="there" pos="PRON">there </w><w c5="VBD" hw="be" pos="VERB">were </w><w c5="NN2" hw="carrot" pos="SUBST">carrots </w><w c5="CJC" hw="and" pos="CONJ">and </w><w c5="NN1" hw="water" pos="SUBST">water </w><w c5="PRP" hw="for" pos="PREP">for </w><w c5="PNP" hw="they" pos="PRON">them</w><c c5="PUN">.</c><c c5="PUR">)</c></s>
<s n="23"><w c5="PRP" hw="after" pos="PREP">After </w><w c5="VVG" hw="stuff" pos="VERB">stuffing </w><w c5="PNX" hw="himself" pos="PRON">himself </w><w c5="PRP" hw="on" pos="PREP">on </w><w c5="NN1" hw="mince" pos="SUBST">mince </w><w c5="NN2" hw="pie" pos="SUBST">pies </w><w c5="CJC" hw="and" pos="CONJ">and </w><w c5="VVG" hw="quaff" pos="VERB">quaffing </w><w c5="DT0" hw="all" pos="ADJ">all </w><w c5="DT0" hw="that" pos="ADJ">that </w><w c5="NN1" hw="milk" pos="SUBST">milk</w><c c5="PUN">, </c><w c5="CJC" hw="and" pos="CONJ">and </w><w c5="VVG" hw="get" pos="VERB">getting </w><w c5="AV0" hw="even" pos="ADV">even </w><w c5="AJC" hw="tubby" pos="ADJ">tubbier</w><c c5="PUN">, </c><w c5="PNP" hw="it" pos="PRON">it</w><w c5="VBZ" hw="be" pos="VERB">'s </w><w c5="AJ0" hw="surprising" pos="ADJ">surprising </w><w c5="CJT" hw="that" pos="CONJ">that </w><w c5="NP0" hw="santa" pos="SUBST">Santa </w><w c5="VM0" hw="can" pos="VERB">can </w><w c5="VVI" hw="carry" pos="VERB">carry </w><w c5="DT0" hw="all" pos="ADJ">all </w><w c5="AT0" hw="the" pos="ART">the </w><w c5="NN2" hw="thing" pos="SUBST">things </w><w c5="AT0" hw="the" pos="ART">the </w><w c5="CRD" hw="600,000" pos="ADJ">600,000 </w><w c5="VVB" hw="ask" pos="VERB">ask </w><w c5="PNP" hw="he" pos="PRON">him </w><w c5="PRP" hw="for" pos="PREP">for</w><c c5="PUN">.</c></s>
<s n="24"><w c5="CJC" hw="and" pos="CONJ">And </w><w c5="AV0" hw="even" pos="ADV">even </w><w c5="AV0" hw="more" pos="ADV">more </w><w c5="AJ0" hw="amazing" pos="ADJ">amazing </w><w c5="CJT" hw="that" pos="CONJ">that </w><w c5="PNP" hw="he" pos="PRON">he </w><w c5="VM0" hw="can" pos="VERB">can </w><w c5="AV0" hw="still" pos="ADV">still </w><w c5="VVI" hw="squeeze" pos="VERB">squeeze </w><w c5="PRP-AVP" hw="through" pos="PREP">through </w><w c5="NN2" hw="chimney" pos="SUBST">chimneys </w><w c5="CJC" hw="and" pos="CONJ">and </w><w c5="AJ0" hw="central" pos="ADJ">central </w><w c5="NN1" hw="heating" pos="SUBST">heating </w><w c5="NN1" hw="air" pos="SUBST">air </w><w c5="NN2-VVZ" hw="vent" pos="SUBST">vents </w><w c5="PRP" hw="in" pos="PREP">in </w><w c5="NN1" hw="tower" pos="SUBST">tower </w><w c5="NN2" hw="block" pos="SUBST">blocks</w><c c5="PUN">.</c></s>
<s n="25"><w c5="DT0" hw="most" pos="ADJ">Most </w><w c5="NN2" hw="kid" pos="SUBST">kids </w><w c5="VHB" hw="have" pos="VERB">have </w><w c5="AT0" hw="a" pos="ART">a </w><w c5="AV0" hw="pretty" pos="ADV">pretty </w><w c5="AJ0" hw="long" pos="ADJ">long </w><w c5="NN1-VVB" hw="list" pos="SUBST">list</w><c c5="PUN">: </c><c c5="PUQ">‘</c><w c5="AV0" hw="please" pos="ADV">Please </w><w c5="VM0" hw="may" pos="VERB">may </w><w c5="PNP" hw="i" pos="PRON">I </w><w c5="VHI" hw="have" pos="VERB">have </w><w c5="AT0" hw="a" pos="ART">a </w><w c5="NP0" hw="barbie" pos="SUBST">Barbie </w><w c5="NN1-VVB" hw="doll" pos="SUBST">doll </w><w c5="PRP" hw="with" pos="PREP">with </w><w c5="DPS" hw="she" pos="PRON">her </w><w c5="NN1" hw="van" pos="SUBST">van </w><w c5="CJC" hw="and" pos="CONJ">and </w><w c5="AT0" hw="a" pos="ART">a </w><w c5="ITJ" hw="oops" pos="INTERJ">oops </w><w c5="AT0" hw="a" pos="ART">a </w><w c5="NN1" hw="daisy" pos="SUBST">daisy </w><w c5="NN1" hw="doll" pos="SUBST">doll </w><w c5="NN2" hw="hand" pos="SUBST">hands </w><w c5="PRP-AVP" hw="down" pos="PREP">down </w><w c5="NN2" hw="game" pos="SUBST">games </w><w c5="VVG" hw="bense" pos="VERB">bensing </w><w c5="NN2" hw="baby" pos="SUBST">babys </w><w c5="NN1" hw="teddy" pos="SUBST">teddy </w><w c5="NN2" hw="bear" pos="SUBST">bears </w><w c5="NN1" hw="leggo" pos="SUBST">leggo </w><w c5="DPS" hw="i" pos="PRON">my </w><w c5="NN1" hw="dolley" pos="SUBST">dolley </w><w c5="VVB-NN1" hw="suprise" pos="VERB">suprise </w><w c5="AJ0" hw="hungry" pos="ADJ">hungry </w><w c5="NN2" hw="hippoe" pos="SUBST">hippoes</w><c c5="PUN">.</c><c c5="PUQ">’</c></s></p><p>
<s n="26"><w c5="DT0" hw="some" pos="ADJ">Some </w><w c5="PRF" hw="of" pos="PREP">of </w><w c5="DT0" hw="these" pos="ADJ">these </w><w c5="NN2" hw="kid" pos="SUBST">kids </w><w c5="VVB" hw="start" pos="VERB">start </w><w c5="AJ0" hw="young" pos="ADJ">young</w><c c5="PUN">.</c></s>
<s n="27"><w c5="CRD" hw="one" pos="ADJ">One </w><w c5="AJ0" hw="three-month-old" pos="ADJ">three-month-old </w><w c5="NN1" hw="baby" pos="SUBST">baby </w><w c5="VVD-VVN" hw="manage" pos="VERB">managed </w><w c5="TO0" hw="to" pos="PREP">to </w><w c5="VVI" hw="talk" pos="VERB">talk </w><w c5="DPS" hw="it" pos="PRON">its </w><w c5="NN2" hw="parent" pos="SUBST">parents </w><w c5="PRP" hw="into" pos="PREP">into </w><w c5="VVG" hw="send" pos="VERB">sending </w><w c5="NP0" hw="santa" pos="SUBST">Santa </w><w c5="AT0" hw="a" pos="ART">a </w><w c5="NN1" hw="letter" pos="SUBST">letter </w><w c5="VVG" hw="ask" pos="VERB">asking </w><w c5="PRP" hw="for" pos="PREP">for </w><w c5="DT0" hw="some" pos="ADJ">some </w><w c5="NN2" hw="clothes" pos="SUBST">clothes </w><w c5="CJC" hw="and" pos="CONJ">and </w><w c5="AT0" hw="a" pos="ART">a </w><w c5="DT0" hw="few" pos="ADJ">few </w><w c5="NN2" hw="bit" pos="SUBST">bits </w><w c5="PRP" hw="for" pos="PREP">for </w><w c5="AT0" hw="the" pos="ART">the </w><w c5="NN1" hw="cot" pos="SUBST">cot</w><c c5="PUN">.</c></s></p><p>
<s n="28"><w c5="CRD-PNI" hw="one" pos="ADJ">One </w><w c5="AJ0" hw="nine-year-old" pos="ADJ">nine-year-old </w><w c5="VVD-VVN" hw="get" pos="VERB">got </w><w c5="DT0" hw="most" pos="ADJ">most </w><w c5="PRF" hw="of" pos="PREP">of </w><w c5="AT0" hw="the" pos="ART">the </w><w c5="NN1" hw="christmas" pos="SUBST">Christmas </w><w c5="NN1" hw="myth" pos="SUBST">myth </w><w c5="CJC" hw="and" pos="CONJ">and </w><w c5="AT0" hw="the" pos="ART">the </w><w c5="NN1" hw="consumer" pos="SUBST">consumer </w><w c5="NN1-VVB" hw="dream" pos="SUBST">dream </w><w c5="PRP" hw="into" pos="PREP">into </w><w c5="DPS" hw="she" pos="PRON">her </w><w c5="NN1" hw="letter" pos="SUBST">letter </w><mw c5="PRP"><w c5="CJS" hw="as" pos="CONJ">as </w><w c5="AV0" hw="well" pos="ADV">well </w><w c5="CJS" hw="as" pos="CONJ">as </w></mw><w c5="VVG" hw="show" pos="VERB">showing </w><w c5="DT0" hw="some" pos="ADJ">some </w><w c5="NN1" hw="concern" pos="SUBST">concern</w><c c5="PUN">: </c><c c5="PUQ">‘</c><w c5="AJ0" hw="dear" pos="ADJ">Dear </w><w c5="NP0" hw="santa" pos="SUBST">Santa</w><c c5="PUN">, </c><w c5="AVQ" hw="how" pos="ADV">how </w><w c5="VBB" hw="be" pos="VERB">are </w><w c5="PNP" hw="you" pos="PRON">you </w><w c5="VDG" hw="do" pos="VERB">doing</w><c c5="PUN">?</c></s>
<s n="29"><w c5="PNP" hw="i" pos="PRON">I </w><w c5="VM0" hw="can" pos="VERB">can </w><w c5="XX0" hw="not" pos="ADV">not </w><w c5="VVI" hw="wait" pos="VERB">wait </w><w c5="PRP-CJS" hw="until" pos="PREP">until </w><w c5="NN1" hw="christmas" pos="SUBST">Christmas </w><w c5="VVB" hw="come" pos="VERB">come </w><w c5="AVP" hw="up" pos="ADV">up </w><w c5="CJC" hw="and" pos="CONJ">and </w><w c5="PNP" hw="we" pos="PRON">we </w><w c5="VHB" hw="have" pos="VERB">have </w><w c5="NN1" hw="fun" pos="SUBST">fun</w><c c5="PUN">.</c></s>
<s n="30"><w c5="PRP" hw="on" pos="PREP">On </w><w c5="NN1" hw="christmas" pos="SUBST">Christmas </w><w c5="NN1" hw="eve" pos="SUBST">Eve </w><w c5="PNP" hw="i" pos="PRON">I </w><w c5="VVD" hw="say" pos="VERB">said </w><w c5="NP0" hw="christ" pos="SUBST">Christ </w><w c5="VBD" hw="be" pos="VERB">was </w><w c5="VVN" hw="bear" pos="VERB">born </w><w c5="DT0" hw="many" pos="ADJ">many </w><w c5="NN2" hw="year" pos="SUBST">years </w><w c5="AV0" hw="ago" pos="ADV">ago </w><w c5="AV0" hw="tonight" pos="ADV">tonight</w><c c5="PUN">.</c></s>
<s n="31"><w c5="PNP" hw="i" pos="PRON">I</w><w c5="VM0" hw="would" pos="VERB">'d </w><w c5="VVI" hw="like" pos="VERB">like </w><w c5="AT0" hw="a" pos="ART">a </w><w c5="NN1" hw="piana" pos="SUBST">piana </w><w c5="PRP" hw="from" pos="PREP">from </w><w c5="PNP" hw="you" pos="PRON">you </w><w c5="PRP" hw="for" pos="PREP">for </w><w c5="NN1" hw="christmas" pos="SUBST">Christmas </w><w c5="CJC" hw="or" pos="CONJ">or </w><w c5="CJS" hw="if" pos="CONJ">if </w><w c5="PNP" hw="you" pos="PRON">you </w><w c5="VM0" hw="can" pos="VERB">can </w><w c5="XX0" hw="not" pos="ADV">not </w><w c5="VVI" hw="get" pos="VERB">get </w><w c5="PNP" hw="i" pos="PRON">me </w><w c5="CJT" hw="that" pos="CONJ">that </w><w c5="PNP" hw="i" pos="PRON">I </w><w c5="VM0" hw="would" pos="VERB">would </w><w c5="VVI" hw="like" pos="VERB">like </w><w c5="AT0" hw="a" pos="ART">a </w><w c5="NN1" hw="bike" pos="SUBST">bike</w><c c5="PUN">.</c></s>
<s n="32"><w c5="AVQ" hw="how" pos="ADV">How </w><w c5="VBZ" hw="be" pos="VERB">is </w><w c5="DPS" hw="you" pos="PRON">your </w><w c5="NN1" hw="wife" pos="SUBST">wife</w><c c5="PUN">?</c></s>
<s n="33"><w c5="PNP" hw="i" pos="PRON">I </w><w c5="VM0" hw="will" pos="VERB">will </w><w c5="VVI" hw="leave" pos="VERB">leave </w><w c5="PNP" hw="you" pos="PRON">you </w><w c5="DT0" hw="some" pos="ADJ">some </w><w c5="NN1" hw="christmas" pos="SUBST">Christmas </w><w c5="NN1" hw="cake" pos="SUBST">cake </w><w c5="NN2" hw="sweet" pos="SUBST">sweets </w><w c5="CJC" hw="and" pos="CONJ">and </w><w c5="NN1" hw="beer" pos="SUBST">beer</w><c c5="PUN">.</c><c c5="PUQ">’</c></s>
<s n="34"><w c5="AT0" hw="the" pos="ART">The </w><w c5="NN1" hw="beer" pos="SUBST">beer </w><w c5="VM0" hw="should" pos="VERB">should </w><w c5="VVI" hw="cheer" pos="VERB">cheer </w><w c5="NP0" hw="santa" pos="SUBST">Santa </w><w c5="AVP" hw="up" pos="ADV">up </w><w c5="PRP" hw="after" pos="PREP">after </w><w c5="DT0" hw="all" pos="ADJ">all </w><w c5="DT0" hw="that" pos="ADJ">that </w><w c5="NN1" hw="milk" pos="SUBST">milk</w><c c5="PUN">.</c></s>
<s n="35"><w c5="CJC" hw="but" pos="CONJ">But </w><w c5="VM0" hw="let's" pos="VERB">let's </w><w c5="VVI" hw="hope" pos="VERB">hope </w><w c5="AT0" hw="the" pos="ART">the </w><w c5="NN1" hw="piana" pos="SUBST">piana </w><w c5="VBZ" hw="be" pos="VERB">is </w><w c5="AV0" hw="only" pos="ADV">only </w><w c5="AT0" hw="an" pos="ART">an </w><w c5="AJ0-NN1" hw="upright" pos="ADJ">upright</w><c c5="PUN">: </c><w c5="PNP" hw="it" pos="PRON">it </w><w c5="VM0" hw="would" pos="VERB">would </w><w c5="VBI" hw="be" pos="VERB">be </w><w c5="AT0" hw="a" pos="ART">a </w><w c5="NN1" hw="shame" pos="SUBST">shame </w><w c5="CJS" hw="if" pos="CONJ">if </w><w c5="AT0" hw="the" pos="ART">the </w><w c5="NN1" hw="child" pos="SUBST">child </w><w c5="PNQ" hw="who" pos="PRON">who </w><w c5="VVZ" hw="want" pos="VERB">wants </w><w c5="AT0" hw="an" pos="ART">an </w><w c5="NN1" hw="organ" pos="SUBST">organ </w><w c5="VHZ" hw="have" pos="VERB">has </w><w c5="TO0" hw="to" pos="PREP">to </w><w c5="VVI" hw="go" pos="VERB">go </w><w c5="PRP" hw="without" pos="PREP">without </w><w c5="CJC" hw="and" pos="CONJ">and </w><w c5="PNP" hw="it" pos="PRON">it</w><w c5="VBZ" hw="be" pos="VERB">'s </w><w c5="AJ0" hw="hard" pos="ADJ">hard </w><w c5="TO0" hw="to" pos="PREP">to </w><w c5="VVI" hw="see" pos="VERB">see </w><w c5="AVQ" hw="how" pos="ADV">how </w><w c5="NP0" hw="santa" pos="SUBST">Santa </w><w c5="VM0" hw="would" pos="VERB">would </w><w c5="VVI" hw="manage" pos="VERB">manage </w><w c5="PRP" hw="with" pos="PREP">with </w><w c5="AT0" hw="a" pos="ART">a </w><w c5="NN1" hw="steinway" pos="SUBST">Steinway </w><w c5="NN0" hw="grand" pos="SUBST">grand</w><c c5="PUN">.</c></s></p><p>
<s n="36"><w c5="PRP" hw="in" pos="PREP">In </w><w c5="NP0" hw="new" pos="SUBST">New </w><w c5="NP0" hw="york" pos="SUBST">York</w><c c5="PUN">, </c><w c5="NN2" hw="letter" pos="SUBST">letters </w><w c5="PRP" hw="to" pos="PREP">to </w><w c5="NP0" hw="santa" pos="SUBST">Santa </w><w c5="VVB" hw="reflect" pos="VERB">reflect </w><w c5="AT0" hw="the" pos="ART">the </w><w c5="NN1-VVB" hw="need" pos="SUBST">need </w><w c5="AV0" hw="more" pos="ADV">more </w><w c5="CJS" hw="than" pos="CONJ">than </w><w c5="AT0" hw="the" pos="ART">the </w><w c5="NN1" hw="greed" pos="SUBST">greed </w><w c5="PRP" hw="in" pos="PREP">in </w><w c5="DT0" hw="that" pos="ADJ">that </w><w c5="NN1" hw="city" pos="SUBST">city </w><w c5="PRF" hw="of" pos="PREP">of </w><w c5="NN2" hw="city" pos="SUBST">cities</w><c c5="PUN">.</c></s>
<s n="37"><w c5="AT0" hw="a" pos="ART">A </w><w c5="NN1-AJ0" hw="10-year-old" pos="SUBST">10-year-old </w><w c5="VVZ" hw="ask" pos="VERB">asks </w><w c5="PRP" hw="for" pos="PREP">for </w><w c5="NN2" hw="shoe" pos="SUBST">shoes</w><c c5="PUN">: </c><c c5="PUQ">‘</c><w c5="AV0" hw="right" pos="ADV">Right </w><w c5="AV0" hw="now" pos="ADV">now </w><w c5="DPS" hw="i" pos="PRON">my </w><w c5="NN1" hw="mother" pos="SUBST">mother </w><w c5="VDZ" hw="do" pos="VERB">does</w><w c5="XX0" hw="not" pos="ADV">n't </w><w c5="VVI" hw="work" pos="VERB">work</w><c c5="PUN">.</c><c c5="PUQ">’</c></s>
<s n="38"><w c5="DPS" hw="she" pos="PRON">Her </w><w c5="NN1" hw="mother" pos="SUBST">mother </w><w c5="VHZ" hw="have" pos="VERB">has </w><w c5="CRD" hw="two" pos="ADJ">two </w><w c5="AJ0" hw="other" pos="ADJ">other </w><w c5="AJ0" hw="little" pos="ADJ">little </w><w c5="NN2" hw="kid" pos="SUBST">kids </w><w c5="CJC" hw="and" pos="CONJ">and </w><w c5="VBZ" hw="be" pos="VERB">is </w><w c5="PRP" hw="on" pos="PREP">on </w><w c5="NN1" hw="welfare" pos="SUBST">welfare </w><c c5="PUN">— </c><w c5="NN0" hw="$231" pos="SUBST">$231 </w><c c5="PUL">(</c><w c5="AV0" hw="about" pos="ADV">about </w><w c5="NN0" hw="£l44" pos="UNC">£l44</w><c c5="PUR">) </c><w c5="AT0" hw="a" pos="ART">a </w><w c5="NN1" hw="month" pos="SUBST">month</w><c c5="PUN">.</c></s>
<s n="39"><w c5="AT0" hw="a" pos="ART">A </w><w c5="AJ0" hw="50-year-old" pos="ADJ">50-year-old </w><w c5="NN1" hw="grandmother" pos="SUBST">grandmother </w><w c5="VVD" hw="write" pos="VERB">wrote </w><w c5="PRP" hw="to" pos="PREP">to </w><w c5="NP0" hw="santa" pos="SUBST">Santa</w><c c5="PUN">: </c><c c5="PUQ">‘</c><w c5="PNP" hw="i" pos="PRON">I</w><w c5="VBB" hw="be" pos="VERB">'m </w><w c5="AT0" hw="a" pos="ART">a </w><w c5="AJ0" hw="sick" pos="ADJ">sick </w><w c5="NN1" hw="lady" pos="SUBST">lady </w><w c5="PRP" hw="with" pos="PREP">with </w><w c5="NN1" hw="cancer" pos="SUBST">cancer</w><c c5="PUN">.</c></s>
<s n="40"><w c5="PNP" hw="i" pos="PRON">I</w><w c5="VBB" hw="be" pos="VERB">'m </w><w c5="AV0" hw="always" pos="ADV">always </w><w c5="PRP" hw="with" pos="PREP">with </w><w c5="NN1" hw="pain" pos="SUBST">pain </w><w c5="PRP" hw="in" pos="PREP">in </w><w c5="AT0" hw="the" pos="ART">the </w><w c5="NN1" hw="body" pos="SUBST">body</w><c c5="PUN">.</c></s>
<s n="41"><w c5="PNP" hw="i" pos="PRON">I </w><w c5="VVB" hw="like" pos="VERB">like </w><w c5="AT0" hw="a" pos="ART">a </w><w c5="NN1" hw="quilt" pos="SUBST">Quilt </w><w c5="CJS" hw="so" pos="CONJ">so </w><w c5="PNP" hw="i" pos="PRON">I </w><w c5="VM0" hw="could" pos="VERB">could </w><w c5="VBI" hw="be" pos="VERB">be </w><w c5="AJ0" hw="warm" pos="ADJ">warm </w><w c5="PRP" hw="at" pos="PREP">at </w><w c5="NN1" hw="night" pos="SUBST">night</w><c c5="PUN">.</c><c c5="PUQ">’</c></s></p><p>
<s n="42"><w c5="AT0" hw="the" pos="ART">The </w><w c5="NN2" hw="letter" pos="SUBST">letters </w><w c5="VBB" hw="be" pos="VERB">are </w><w c5="VVN" hw="pin" pos="VERB">pinned </w><w c5="AVP" hw="up" pos="ADV">up </w><w c5="PRP" hw="in" pos="PREP">in </w><w c5="AT0" hw="a" pos="ART">a </w><w c5="AJ0" hw="big" pos="ADJ">big </w><w c5="AJ0" hw="main" pos="ADJ">main </w><w c5="NN1" hw="post" pos="SUBST">post </w><w c5="NN1" hw="office" pos="SUBST">office </w><w c5="CJC" hw="and" pos="CONJ">and </w><w c5="AJ0" hw="generous" pos="ADJ">generous </w><w c5="NN0" hw="people" pos="SUBST">people </w><w c5="VVB" hw="send" pos="VERB">send </w><w c5="AT0" hw="the" pos="ART">the </w><w c5="NN2" hw="present" pos="SUBST">presents</w><c c5="PUN">.</c></s>
<s n="43"><w c5="ORD" hw="last" pos="ADJ">Last </w><w c5="NN1" hw="year" pos="SUBST">year </w><w c5="AT0" hw="the" pos="ART">the </w><w c5="NN1" hw="post" pos="SUBST">Post </w><w c5="NN1" hw="office" pos="SUBST">Office </w><w c5="PRP" hw="in" pos="PREP">in </w><w c5="NP0" hw="britain" pos="SUBST">Britain </w><w c5="VVD" hw="answer" pos="VERB">answered </w><w c5="CRD" hw="one" pos="ADJ">one </w><w c5="DT0" hw="such" pos="ADJ">such </w><w c5="NN1" hw="request" pos="SUBST">request</w><c c5="PUN">, </c><w c5="VVG" hw="give" pos="VERB">giving </w><w c5="AT0" hw="a" pos="ART">a </w><w c5="NN1" hw="wheelchair" pos="SUBST">wheelchair </w><w c5="PRP" hw="to" pos="PREP">to </w><w c5="AJ0" hw="seven-year-old" pos="ADJ">seven-year-old </w><w c5="NP0-NN1" hw="trudy" pos="SUBST">Trudy </w><w c5="NP0" hw="heenan" pos="SUBST">Heenan</w><w c5="POS" hw="'s" pos="UNC">'s </w><w c5="NN1" hw="grandfather" pos="SUBST">grandfather</w><c c5="PUN">.</c></s></p><p>
<s n="44"><w c5="AT0" hw="a" pos="ART">A </w><w c5="AJ0" hw="quick" pos="ADJ">quick </w><w c5="NN1" hw="straw" pos="SUBST">straw </w><w c5="NN1" hw="poll" pos="SUBST">poll </w><w c5="PRF" hw="of" pos="PREP">of </w><w c5="NN2" hw="parent" pos="SUBST">parents </w><w c5="VVD-VVN" hw="reveal" pos="VERB">revealed </w><w c5="CJT" hw="that" pos="CONJ">that </w><w c5="AT0" hw="the" pos="ART">the </w><w c5="AJ0" hw="little" pos="ADJ">little </w><w c5="NN2" hw="child" pos="SUBST">children </w><w c5="VBB" hw="be" pos="VERB">are </w><w c5="AJ0" hw="thrilled" pos="ADJ">thrilled </w><w c5="TO0" hw="to" pos="PREP">to </w><w c5="VVI" hw="get" pos="VERB">get </w><w c5="DPS" hw="they" pos="PRON">their </w><w c5="NN2" hw="letter" pos="SUBST">letters </w><w c5="VVN" hw="mark" pos="VERB">marked </w><w c5="NP0-NN1" hw="santaland" pos="SUBST">Santaland </w><w c5="CJC" hw="or" pos="CONJ">or </w><w c5="NP0" hw="reindeerland" pos="SUBST">Reindeerland</w><c c5="PUN">, </c><w c5="CJC" hw="and" pos="CONJ">and </w><w c5="VVB" hw="believe" pos="VERB">believe </w><w c5="CJT" hw="that" pos="CONJ">that </w><w c5="NP0" hw="santa" pos="SUBST">Santa </w><w c5="AV0" hw="really" pos="ADV">really </w><w c5="VDZ" hw="do" pos="VERB">does </w><w c5="VVI" hw="come" pos="VERB">come </w><w c5="AVP" hw="down" pos="ADV">down </w><w c5="AT0" hw="the" pos="ART">the </w><w c5="NN1" hw="chimney" pos="SUBST">chimney </w><w c5="CJS" hw="while" pos="CONJ">while </w><w c5="PNP" hw="they" pos="PRON">they</w><w c5="VBB" hw="be" pos="VERB">'re </w><w c5="AJ0" hw="asleep" pos="ADJ">asleep</w><c c5="PUN">.</c></s>
<s n="45"><w c5="PNP" hw="they" pos="PRON">They </w><w c5="VVB" hw="believe" pos="VERB">believe </w><w c5="PNP" hw="it" pos="PRON">it </w><mw c5="CJS"><w c5="AV0" hw="even" pos="ADV">even </w><w c5="CJS" hw="though" pos="CONJ">though </w></mw><w c5="AT0" hw="the" pos="ART">the </w><w c5="NN1" hw="evidence" pos="SUBST">evidence </w><w c5="VBZ" hw="be" pos="VERB">is </w><w c5="NN1-AJ0" hw="suspect" pos="SUBST">suspect</w><c c5="PUN">, </c><w c5="DT0" hw="such" pos="ADJ">such </w><w c5="VBZ" hw="be" pos="VERB">is </w><w c5="AT0" hw="the" pos="ART">the </w><w c5="AJ0" hw="charmed" pos="ADJ">charmed </w><w c5="NN1" hw="life" pos="SUBST">life </w><w c5="PRF" hw="of" pos="PREP">of </w><w c5="AT0" hw="the" pos="ART">the </w><w c5="NN1" hw="child" pos="SUBST">child</w><c c5="PUN">.</c></s></p><p>
<s n="46"><w c5="CJC" hw="but" pos="CONJ">But </w><w c5="DTQ" hw="what" pos="PRON">what </w><w c5="PRP" hw="about" pos="PREP">about </w><w c5="AT0" hw="the" pos="ART">the </w><w c5="AJ0" hw="uneaten" pos="ADJ">uneaten </w><w c5="NN1" hw="mince" pos="SUBST">mince </w><w c5="NN2" hw="pie" pos="SUBST">pies</w><c c5="PUN">?</c></s>
<s n="47"><w c5="ITJ" hw="oh" pos="INTERJ">Oh </w><w c5="PNP" hw="we" pos="PRON">we </w><w c5="AV0" hw="just" pos="ADV">just </w><w c5="VVB" hw="take" pos="VERB">take </w><w c5="AT0" hw="a" pos="ART">a </w><w c5="NN1" hw="bite" pos="SUBST">bite </w><w c5="CJC" hw="or" pos="CONJ">or </w><w c5="CRD" hw="two" pos="ADJ">two </w><mw c5="PRP"><w c5="AVP" hw="out" pos="ADV">out </w><w c5="PRF" hw="of" pos="PREP">of </w></mw><w c5="PNP" hw="they" pos="PRON">them</w><c c5="PUN">, </c><w c5="VVB" hw="say" pos="VERB">say </w><w c5="AT0" hw="the" pos="ART">the </w><w c5="NN2" hw="parent" pos="SUBST">parents</w><c c5="PUN">.</c></s>
<s n="48"><w c5="AV0" hw="presumably" pos="ADV">Presumably </w><w c5="PNP" hw="they" pos="PRON">they </w><w c5="VVB" hw="pick" pos="VERB">pick </w><w c5="AVP" hw="up" pos="ADV">up </w><w c5="AT0" hw="the" pos="ART">the </w><w c5="NN1" hw="pinta" pos="SUBST">pinta </w><w c5="CJC" hw="and" pos="CONJ">and </w><w c5="AVP-PRP" hw="down" pos="ADV">down </w><w c5="AT0" hw="the" pos="ART">the </w><w c5="NN1" hw="sherry" pos="SUBST">sherry </w><w c5="CJC" hw="and" pos="CONJ">and </w><w c5="NN1" hw="beer" pos="SUBST">beer </w><mw c5="AV0"><w c5="CJS" hw="as" pos="CONJ">as </w><w c5="AV0" hw="well" pos="ADV">well</w></mw><c c5="PUN">, </c><w c5="XX0" hw="not" pos="ADV">not </w><w c5="TO0" hw="to" pos="PREP">to </w><w c5="VVI" hw="mention" pos="VERB">mention </w><w c5="VVG" hw="make" pos="VERB">making </w><w c5="PNP" hw="it" pos="PRON">it </w><w c5="VVI" hw="look" pos="VERB">look </w><mw c5="CJS"><w c5="PRP" hw="as" pos="PREP">as </w><w c5="CJS" hw="if" pos="CONJ">if </w></mw><w c5="AT0" hw="the" pos="ART">the </w><w c5="NN2" hw="reindeer" pos="SUBST">reindeers </w><w c5="VHB" hw="have" pos="VERB">have </w><w c5="VHN" hw="have" pos="VERB">had </w><w c5="AT0" hw="a" pos="ART">a </w><w c5="NN1" hw="go" pos="SUBST">go </w><w c5="PRP" hw="at" pos="PREP">at </w><w c5="AT0" hw="the" pos="ART">the </w><w c5="NN2" hw="carrot" pos="SUBST">carrots</w><c c5="PUN">.</c></s>
<s n="49"><c c5="PUL">(</c><w c5="ORD" hw="next" pos="ADJ">Next </w><w c5="NN1" hw="year" pos="SUBST">year </w><w c5="DT0" hw="some" pos="ADJ">some </w><w c5="AJ0" hw="clever" pos="ADJ">clever </w><w c5="NN1" hw="dick" pos="SUBST">dick </w><w c5="VM0" hw="will" pos="VERB">will </w><w c5="VVI" hw="take" pos="VERB">take </w><w c5="AT0" hw="a" pos="ART">a </w><w c5="NN1" hw="patent" pos="SUBST">patent </w><w c5="AVP" hw="out" pos="ADV">out </w><w c5="PRP" hw="on" pos="PREP">on </w><w c5="NN2" hw="set" pos="SUBST">sets </w><w c5="PRF" hw="of" pos="PREP">of </w><w c5="NN1" hw="replica" pos="SUBST">replica </w><w c5="NN0" hw="reindeer" pos="SUBST">reindeer </w><w c5="NN2" hw="tooth" pos="SUBST">teeth </w><w c5="TO0" hw="to" pos="PREP">to </w><w c5="VVI" hw="clamp" pos="VERB">clamp </w><w c5="PRP-AVP" hw="around" pos="PREP">around </w><w c5="AT0" hw="the" pos="ART">the </w><w c5="NN2" hw="carrot" pos="SUBST">carrots</w><c c5="PUN">.</c><c c5="PUR">)</c></s>
<s n="50"><w c5="AT0" hw="the" pos="ART">The </w><w c5="NN1" hw="prize" pos="SUBST">prize </w><w c5="VVZ" hw="go" pos="VERB">goes </w><w c5="PRP" hw="to" pos="PREP">to </w><w c5="AT0" hw="a" pos="ART">a </w><w c5="NN1" hw="child" pos="SUBST">child</w><c c5="PUN">, </c><w c5="VVB-NN1" hw="age" pos="VERB">age </w><w c5="AJ0" hw="unspecified" pos="ADJ">unspecified </w><w c5="CJC" hw="but" pos="CONJ">but </w><w c5="AT0" hw="a" pos="ART">a </w><w c5="NN1" hw="couple" pos="SUBST">couple </w><w c5="PRF" hw="of" pos="PREP">of </w><w c5="NN2" hw="year" pos="SUBST">years </w><w c5="PRP" hw="off" pos="PREP">off </w><w c5="AJ0" hw="joined-up" pos="ADJ">joined-up </w><w c5="NN1" hw="writing" pos="SUBST">writing</w><c c5="PUN">, </c><w c5="PNQ" hw="who" pos="PRON">who </w><w c5="VVZ" hw="say" pos="VERB">says</w><c c5="PUN">: </c><c c5="PUQ">‘</c><w c5="ITJ" hw="dear" pos="INTERJ">Dear </w><w c5="NP0" hw="father" pos="SUBST">Father </w><w c5="NP0" hw="chismas" pos="SUBST">Chismas </w><w c5="VM0" hw="can" pos="VERB">can </w><w c5="PNP" hw="i" pos="PRON">I </w><w c5="VHI" hw="have" pos="VERB">have </w><w c5="DT0" hw="some" pos="ADJ">some </w><w c5="PRF" hw="of" pos="PREP">of </w><w c5="DT0" hw="these" pos="ADJ">these </w><w c5="NN2" hw="thing" pos="SUBST">things</w><c c5="PUN">?</c><c c5="PUQ">’</c></s>
<s n="51"><w c5="AT0" hw="the" pos="ART">The </w><w c5="NN1" hw="letter" pos="SUBST">letter </w><w c5="VVZ" hw="consist" pos="VERB">consists </w><w c5="AV0" hw="mostly" pos="ADV">mostly </w><w c5="PRF" hw="of" pos="PREP">of </w><w c5="AT0" hw="a" pos="ART">a </w><w c5="AJ0" hw="complicated" pos="ADJ">complicated </w><w c5="NN1" hw="table" pos="SUBST">table </w><w c5="PRF" hw="of" pos="PREP">of </w><w c5="NN1" hw="page" pos="SUBST">page </w><w c5="CJC" hw="and" pos="CONJ">and </w><w c5="NN1-VVB" hw="reference" pos="SUBST">reference </w><w c5="NN2" hw="number" pos="SUBST">numbers </w><w c5="PRP" hw="with" pos="PREP">with </w><w c5="NN2" hw="price" pos="SUBST">prices</w><c c5="PUN">.</c></s>
<s n="52"><w c5="DT0" hw="these" pos="ADJ">These </w><w c5="VVB" hw="refer" pos="VERB">refer </w><w c5="PRP" hw="to" pos="PREP">to </w><w c5="AT0" hw="the" pos="ART">the </w><w c5="NP0" hw="argos" pos="SUBST">Argos </w><w c5="NN1" hw="catalogue" pos="SUBST">catalogue</w><c c5="PUN">, </c><w c5="AT0" hw="a" pos="ART">a </w><w c5="AJ0" hw="big" pos="ADJ">big </w><w c5="NN1" hw="hit" pos="SUBST">hit </w><w c5="PRP" hw="with" pos="PREP">with </w><w c5="AT0" hw="the" pos="ART">the </w><w c5="CRD" hw="under-5s" pos="ADJ">under-5s </w><w c5="PNP" hw="i" pos="PRON">I</w><w c5="VBB" hw="be" pos="VERB">'m </w><w c5="AV0" hw="reliably" pos="ADV">reliably </w><w c5="VVN" hw="inform" pos="VERB">informed</w><c c5="PUN">.</c></s>
<s n="53"><w c5="AT0" hw="the" pos="ART">The </w><w c5="AJ0" hw="total" pos="ADJ">total </w><w c5="NN1" hw="cost" pos="SUBST">cost </w><w c5="PRF" hw="of" pos="PREP">of </w><w c5="AT0" hw="the" pos="ART">the </w><w c5="AJ0" hw="numbered" pos="ADJ">numbered </w><w c5="NN2" hw="item" pos="SUBST">items </w><w c5="PRP" hw="from" pos="PREP">from </w><w c5="AT0" hw="the" pos="ART">the </w><w c5="NN1" hw="catalogue" pos="SUBST">catalogue </w><w c5="VBZ" hw="be" pos="VERB">is </w><w c5="NN0" hw="£156.63" pos="UNC">£156.63</w><c c5="PUN">.</c></s></p><p>
<s n="54"><w c5="VM0" hw="let's" pos="VERB">Let's </w><w c5="VVI" hw="hope" pos="VERB">hope </w><w c5="NP0" hw="santa" pos="SUBST">Santa </w><w c5="VBZ" hw="be" pos="VERB">is</w><w c5="XX0" hw="not" pos="ADV">n't </w><w c5="AV0" hw="too" pos="ADV">too </w><w c5="VVN-AJ0" hw="strap" pos="VERB">strapped </w><w c5="PRP" hw="for" pos="PREP">for </w><w c5="NN1" hw="cash" pos="SUBST">cash </w><w c5="PRP" hw="as" pos="PREP">as </w><w c5="AT0" hw="a" pos="ART">a </w><w c5="NN1" hw="result" pos="SUBST">result </w><w c5="PRF" hw="of" pos="PREP">of </w><w c5="AT0" hw="the" pos="ART">the </w><w c5="NN1" hw="interest" pos="SUBST">interest </w><w c5="NN1" hw="rate" pos="SUBST">rate </w><w c5="CJS" hw="because" pos="CONJ">because </w><w c5="PNP" hw="he" pos="PRON">he </w><w c5="AV0" hw="also" pos="ADV">also </w><w c5="VHZ" hw="have" pos="VERB">has </w><w c5="TO0" hw="to" pos="PREP">to </w><w c5="VVI" hw="get" pos="VERB">get </w><w c5="AJ0" hw="silvanian" pos="ADJ">Silvanian </w><w c5="NN1" hw="fire" pos="SUBST">fire </w><w c5="NN2" hw="place" pos="SUBST">places</w><c c5="PUN">, </c><w c5="VVG" hw="sew" pos="VERB">sewing </w><w c5="NN2" hw="machine" pos="SUBST">machines</w><c c5="PUN">, </c><w c5="NP0" hw="sindy" pos="SUBST">Sindy </w><c c5="PUL">(</c><w c5="AV0" hw="sic" pos="ADV">sic</w><c c5="PUR">) </c><w c5="NN2" hw="doll" pos="SUBST">dolls</w><c c5="PUN">, </c><w c5="NN2" hw="gun" pos="SUBST">guns</w><c c5="PUN">, </c><w c5="NN1" hw="kitchen" pos="SUBST">kitchen </w><w c5="NN2-VVZ" hw="set" pos="SUBST">sets</w><c c5="PUN">, </c><w c5="NN2" hw="guitar" pos="SUBST">guitars</w><c c5="PUN">, </c><w c5="NN2" hw="book" pos="SUBST">books</w><c c5="PUN">, </c><w c5="AT0" hw="a" pos="ART">a </w><w c5="NN1" hw="baby" pos="SUBST">baby </w><w c5="VVG-AJ0" hw="change" pos="VERB">changing </w><w c5="NN1" hw="unit" pos="SUBST">unit</w><c c5="PUN">, </c><w c5="VVD" hw="feel" pos="VERB">felt </w><w c5="NN1-VVB" hw="tip" pos="SUBST">tip </w><w c5="NN2" hw="pen" pos="SUBST">pens</w><c c5="PUN">, </c><w c5="NN2" hw="video" pos="SUBST">videos</w><c c5="PUN">, </c><w c5="AJ0" hw="electric" pos="ADJ">electric </w><w c5="NN2" hw="car" pos="SUBST">cars</w><c c5="PUN">, </c><w c5="AJ0" hw="electric" pos="ADJ">electric </w><w c5="NN2" hw="train" pos="SUBST">trains</w><c c5="PUN">, </c><w c5="AJ0" hw="micro" pos="ADJ">micro </w><w c5="NN2" hw="machine" pos="SUBST">machines</w><c c5="PUN">, </c><w c5="NN2" hw="computer" pos="SUBST">computers</w><c c5="PUN">, </c><w c5="AJ0" hw="personal" pos="ADJ">personal </w><w c5="NN2" hw="stereo" pos="SUBST">stereos</w><c c5="PUN">, </c><w c5="AJ0" hw="mighty" pos="ADJ">mighty </w><w c5="NN1" hw="metro" pos="SUBST">metro </w><w c5="VVG-NN1" hw="race" pos="VERB">racing </w><w c5="NN2" hw="set" pos="SUBST">sets</w><c c5="PUN">, </c><w c5="NN1" hw="radio" pos="SUBST">radio </w><w c5="VVD-VVN" hw="control" pos="VERB">controlled </w><w c5="NN2" hw="aeroplane" pos="SUBST">aeroplanes</w><c c5="PUN">, </c><w c5="NN2" hw="slipper" pos="SUBST">slippers </w><w c5="CJC" hw="and" pos="CONJ">and </w><w c5="AT0" hw="a" pos="ART">a </w><w c5="NN1" hw="camra" pos="SUBST">camra</w><c c5="PUN">.</c></s></p></div><div level="1" n="20-DEC-89 edition, page 29"><head>
<s n="55"><w c5="DT0" hw="another" pos="ADJ">Another </w><w c5="NN1" hw="day" pos="SUBST">day</w><c c5="PUN">.</c></s></head><p>
<s n="56"><w c5="NP0" hw="december" pos="SUBST">December </w><w c5="CRD" hw="20" pos="ADJ">20</w><c c5="PUN">, </c><w c5="CRD" hw="1969" pos="ADJ">1969</w><c c5="PUN">: </c><w c5="NP0" hw="frost" pos="SUBST">Frost </w><w c5="CJC" hw="and" pos="CONJ">and </w><w c5="NN1-VVB" hw="snow" pos="SUBST">snow</w><c c5="PUN">.</c></s>
<s n="57"><w c5="NP0" hw="ted" pos="SUBST">Ted </w><w c5="CJC" hw="and" pos="CONJ">and </w><w c5="PNP" hw="i" pos="PRON">I </w><w c5="AV0" hw="nearly" pos="ADV">nearly </w><w c5="VVD-VVN" hw="lose" pos="VERB">lost </w><w c5="DPS" hw="we" pos="PRON">our </w><w c5="NN2" hw="finger" pos="SUBST">fingers </w><w c5="VVG" hw="pull" pos="VERB">pulling </w><w c5="AJ0" hw="snow-frozen" pos="ADJ">snow-frozen </w><w c5="NN1" hw="ivy" pos="SUBST">ivy </w><w c5="PRP" hw="off" pos="PREP">off </w><w c5="AT0" hw="the" pos="ART">the </w><w c5="NN2" hw="tree" pos="SUBST">trees </w><w c5="TO0" hw="to" pos="PREP">to </w><w c5="VVI" hw="decorate" pos="VERB">decorate </w><w c5="AT0" hw="the" pos="ART">the </w><w c5="NN1" hw="cottage" pos="SUBST">cottage</w><c c5="PUN">.</c></s>
<s n="58"><w c5="AT0" hw="the" pos="ART">The </w><w c5="NN1" hw="car" pos="SUBST">car </w><w c5="VVD" hw="break" pos="VERB">broke </w><w c5="AVP" hw="down" pos="ADV">down</w><c c5="PUN">, </c><w c5="PNP" hw="we" pos="PRON">we </w><w c5="VHD" hw="have" pos="VERB">had </w><w c5="AJ0" hw="great" pos="ADJ">great </w><w c5="NN1" hw="difficulty" pos="SUBST">difficulty </w><w c5="PRP" hw="in" pos="PREP">in </w><w c5="VVG" hw="collect" pos="VERB">collecting </w><w c5="AT0" hw="the" pos="ART">the </w><w c5="NN1" hw="christmas" pos="SUBST">Christmas </w><w c5="NN2" hw="tree" pos="SUBST">trees </w><w c5="PRP" hw="from" pos="PREP">from </w><w c5="NP0" hw="jackson" pos="SUBST">Jackson</w><w c5="POS" hw="'s" pos="UNC">'s </w><w c5="NN1" hw="farm" pos="SUBST">farm </w><w c5="CJC" hw="and" pos="CONJ">and </w><w c5="NP0" hw="ted" pos="SUBST">Ted </w><w c5="VVD" hw="get" pos="VERB">got </w><w c5="PRP" hw="into" pos="PREP">into </w><w c5="AT0" hw="a" pos="ART">a </w><w c5="AV0" hw="quite" pos="ADV">quite </w><w c5="AT0" hw="a" pos="ART">a </w><w c5="AJ0" hw="suicidal" pos="ADJ">suicidal </w><w c5="NN1" hw="mood" pos="SUBST">mood</w><c c5="PUN">.</c></s>
<s n="59"><w c5="CJC" hw="but" pos="CONJ">But </w><w c5="PNP" hw="i" pos="PRON">I </w><w c5="VVD" hw="say" pos="VERB">said </w><w c5="CJT" hw="that" pos="CONJ">that </w><w c5="PNP" hw="it" pos="PRON">it </w><w c5="VBZ" hw="be" pos="VERB">is </w><w c5="AV0" hw="always" pos="ADV">always </w><w c5="AT0" hw="a" pos="ART">a </w><w c5="AJ0" hw="good" pos="ADJ">good </w><w c5="NN1" hw="sign" pos="SUBST">sign </w><w c5="AVQ-CJS" hw="when" pos="ADV">when </w><w c5="NN2" hw="thing" pos="SUBST">things </w><w c5="VVB" hw="go" pos="VERB">go </w><w c5="AJ0" hw="wrong" pos="ADJ">wrong </w><w c5="PRP" hw="before" pos="PREP">before </w><w c5="AT0" hw="the" pos="ART">the </w><w c5="NN1" hw="night" pos="SUBST">night</w><c c5="PUN">.</c></s>
<s n="60"><c c5="PUL">(</c><w c5="NP0" hw="barbara" pos="SUBST">Barbara </w><w c5="NN1" hw="castle" pos="SUBST">Castle</w><c c5="PUN">: </c><w c5="AT0" hw="the" pos="ART">The </w><w c5="NN1" hw="castle" pos="SUBST">Castle </w><w c5="NN2" hw="diary" pos="SUBST">Diaries</w><c c5="PUN">.</c></s>
<s n="61"><w c5="VVB-NN1" hw="weidenfeld" pos="VERB">Weidenfeld </w><w c5="CJC" hw="&amp;" pos="CONJ">&amp; </w><w c5="NP0" hw="nicolson" pos="SUBST">Nicolson</w><c c5="PUR">)</c><c c5="PUN">.</c></s></p></div></wtext></bncDoc>
