<bncDoc xml:id="AAM"><teiHeader><fileDesc><titleStmt><title>  The Guardian, electronic edition of 1989-12-22: Leisure pages. Sample containing about 1840 words from a periodical (domain: leisure) </title><respStmt><resp> Data capture and transcription </resp><name> Oxford University Press </name> </respStmt></titleStmt><editionStmt><edition>BNC XML Edition, December 2006</edition></editionStmt><extent> 1840 tokens; 1832 w-units; 115 s-units </extent><publicationStmt><distributor>Distributed under licence by Oxford University Computing Services on behalf of the BNC Consortium.</distributor><availability> This material is protected by international copyright laws and may not be copied or redistributed in any way. Consult the BNC Web Site at http://www.natcorp.ox.ac.uk for full licencing and distribution conditions.</availability><idno type="bnc">AAM</idno><idno type="old"> GkLeis </idno></publicationStmt><sourceDesc><bibl><title>The Guardian, electronic edition of 1989-12-22: Leisure pages.</title> <imprint n="GUARDI1"><publisher>Guardian Newspapers Ltd</publisher> <pubPlace>London</pubPlace> <date value="1989">1989</date> </imprint> </bibl></sourceDesc></fileDesc><encodingDesc><tagsDecl><namespace name=""><tagUsage gi="c" occurs="275"/><tagUsage gi="div" occurs="3"/><tagUsage gi="head" occurs="3"/><tagUsage gi="mw" occurs="11"/><tagUsage gi="p" occurs="26"/><tagUsage gi="s" occurs="115"/><tagUsage gi="w" occurs="1832"/></namespace></tagsDecl></encodingDesc><profileDesc><creation date="1989"> </creation><textClass><catRef targets="alltim3 news  wriase0  wridom9   wrista3 "/><classCode scheme="DLEE">W newsp brdsht nat: misc</classCode><keywords><term> (none) </term></keywords></textClass></profileDesc><revisionDesc><change date="2006-10-21" who="#OUCS">Tag usage updated for BNC-XML</change><change date="2000-12-13" who="#OUCS">Last check for BNC World first release</change><change date="2000-09-06" who="#OUCS">Redo tagusage tables</change><change date="2000-09-01" who="#OUCS">Check all tagcounts</change><change date="2000-06-23" who="#OUCS">Resequenced s-units and added headers</change><change date="2000-01-21" who="#OUCS">Added date info</change><change date="2000-01-09" who="#OUCS">Updated all catrefs</change><change date="2000-01-08" who="#OUCS">Updated source title</change><change date="2000-01-08" who="#OUCS">Updated titles</change><change date="1999-12-25" who="#OUCS">corrected tagUsage</change><change date="1999-09-13" who="#UCREL">POS codes revised for BNC-2; header updated</change><change date="1994-11-24" who="#dominic">Initial accession to corpus</change></revisionDesc></teiHeader>
<wtext type="NEWS"><div level="1" n="22-DEC-89 edition, page 22"><head>
<s n="1"><w c5="AT0" hw="a" pos="ART">A </w><w c5="NN1" hw="country" pos="SUBST">Country </w><w c5="NN1" hw="diary" pos="SUBST">Diary</w><c c5="PUN">: </c><w c5="NP0" hw="northumberland" pos="SUBST">NORTHUMBERLAND</w><c c5="PUN">: </c><w c5="CJS" hw="when" pos="CONJ">When </w><w c5="PNP" hw="we" pos="PRON">we </w><w c5="VVD" hw="see" pos="VERB">saw </w><w c5="DPS" hw="we" pos="PRON">our </w><w c5="ORD" hw="first" pos="ADJ">first </w><w c5="AJ0-NN1" hw="immigrant" pos="ADJ">immigrant </w><w c5="NN1" hw="golden-eye" pos="SUBST">golden-eye </w><w c5="VVG" hw="bob" pos="VERB">bobbing </w><w c5="PRP" hw="on" pos="PREP">on </w><w c5="AT0" hw="the" pos="ART">the </w><w c5="NN2" hw="water" pos="SUBST">waters </w><w c5="PRF" hw="of" pos="PREP">of </w><w c5="NP0" hw="bolam" pos="SUBST">Bolam </w><w c5="NP0" hw="lake" pos="SUBST">Lake </w><w c5="PRP" hw="in" pos="PREP">in </w><w c5="AT0" hw="the" pos="ART">the </w><w c5="AJ0" hw="early" pos="ADJ">early </w><w c5="NN2" hw="month" pos="SUBST">months </w><w c5="PRF" hw="of" pos="PREP">of </w><w c5="DT0" hw="each" pos="ADJ">each </w><w c5="NN1" hw="year" pos="SUBST">year</w><c c5="PUN">, </c><w c5="PNP" hw="we" pos="PRON">we </w><w c5="AV0" hw="always" pos="ADV">always </w><w c5="VVD" hw="take" pos="VERB">took </w><w c5="PNP" hw="it" pos="PRON">it </w><w c5="PRP-CJS" hw="as" pos="PREP">as </w><w c5="AT0" hw="the" pos="ART">the </w><w c5="ORD" hw="first" pos="ADJ">first </w><w c5="NN1" hw="sign" pos="SUBST">sign </w><w c5="PRF" hw="of" pos="PREP">of </w><w c5="NN1" hw="spring" pos="SUBST">spring</w><c c5="PUN">.</c></s>
<s n="2"><w c5="AJ0" hw="black" pos="ADJ">Black </w><w c5="CJC" hw="and" pos="CONJ">and </w><w c5="AJ0" hw="white" pos="ADJ">white </w><w c5="PRP" hw="in" pos="PREP">in </w><w c5="NN1" hw="appearance" pos="SUBST">appearance</w><c c5="PUN">, </c><w c5="AT0" hw="the" pos="ART">the </w><w c5="AJ0-NN1" hw="male" pos="ADJ">male </w><w c5="NN1" hw="golden-eye" pos="SUBST">golden-eye </w><w c5="VM0" hw="can" pos="VERB">can </w><w c5="VBI" hw="be" pos="VERB">be </w><w c5="VVN" hw="distinguish" pos="VERB">distinguished </w><w c5="PRP" hw="from" pos="PREP">from </w><w c5="AT0" hw="the" pos="ART">the </w><w c5="AV0" hw="less" pos="ADV">less </w><w c5="AV0" hw="strikingly" pos="ADV">strikingly </w><w c5="AJ0-VVN" hw="marked" pos="ADJ">marked </w><w c5="AJ0-NN1" hw="male" pos="ADJ">male </w><w c5="AJ0" hw="tufted" pos="ADJ">tufted </w><w c5="NN0" hw="duck" pos="SUBST">duck </w><w c5="PRP" hw="by" pos="PREP">by </w><w c5="DPS" hw="it" pos="PRON">its </w><w c5="NN1" hw="lack" pos="SUBST">lack </w><w c5="PRF" hw="of" pos="PREP">of </w><w c5="AJ0" hw="drooping" pos="ADJ">drooping </w><w c5="NN1" hw="crest" pos="SUBST">crest </w><w c5="CJC" hw="and" pos="CONJ">and </w><w c5="AT0" hw="an" pos="ART">an </w><w c5="AJ0" hw="ostentatious" pos="ADJ">ostentatious </w><w c5="AJ0" hw="white" pos="ADJ">white </w><w c5="NN1" hw="patch" pos="SUBST">patch </w><w c5="PRP" hw="behind" pos="PREP">behind </w><w c5="AT0" hw="the" pos="ART">the </w><w c5="NN1" hw="bill" pos="SUBST">bill</w><c c5="PUN">.</c></s>
<s n="3"><c c5="PUQ">‘</c><w c5="NN1-NP0" hw="bucephala" pos="SUBST">Bucephala </w><w c5="NN1" hw="clangula" pos="SUBST">clangula</w><c c5="PUQ">’ </c><w c5="VVZ" hw="sound" pos="VERB">sounds </w><w c5="AJ0" hw="noisy" pos="ADJ">noisy </w><w c5="CJC" hw="but" pos="CONJ">but</w><c c5="PUN">, </c><w c5="PRP" hw="in" pos="PREP">in </w><w c5="NN1" hw="fact" pos="SUBST">fact</w><c c5="PUN">, </c><w c5="AT0" hw="the" pos="ART">the </w><w c5="NN1" hw="golden-eye" pos="SUBST">golden-eye </w><w c5="VBZ" hw="be" pos="VERB">is </w><w c5="AT0" hw="a" pos="ART">a </w><w c5="AJ0" hw="silent" pos="ADJ">silent </w><w c5="NN0" hw="duck" pos="SUBST">duck </w><w c5="VVN" hw="compare" pos="VERB">compared </w><w c5="PRP" hw="with" pos="PREP">with </w><w c5="AT0" hw="the" pos="ART">the </w><w c5="NN1" hw="mallard" pos="SUBST">mallard </w><w c5="CJC" hw="and" pos="CONJ">and </w><w c5="NN1" hw="wigeon" pos="SUBST">wigeon</w><c c5="PUN">.</c></s>
<s n="4"><w c5="NP0" hw="bolam" pos="SUBST">Bolam </w><w c5="NP0" hw="lake" pos="SUBST">Lake </w><w c5="VHZ" hw="have" pos="VERB">has </w><w c5="AV0" hw="now" pos="ADV">now </w><w c5="VBN" hw="be" pos="VERB">been </w><w c5="VVN" hw="designate" pos="VERB">designated </w><w c5="AT0" hw="a" pos="ART">a </w><w c5="NN1" hw="country" pos="SUBST">Country </w><w c5="NN1" hw="park" pos="SUBST">Park </w><w c5="CJC" hw="and" pos="CONJ">and </w><w c5="VHZ" hw="have" pos="VERB">has </w><w c5="AT0" hw="a" pos="ART">a </w><w c5="NN1" hw="warden" pos="SUBST">warden </w><w c5="TO0" hw="to" pos="PREP">to </w><w c5="VVI" hw="protect" pos="VERB">protect </w><w c5="PNP" hw="it" pos="PRON">it</w><c c5="PUN">.</c></s>
<s n="5"><w c5="PNP" hw="i" pos="PRON">I </w><w c5="AV0" hw="often" pos="ADV">often </w><w c5="VVB" hw="see" pos="VERB">see </w><w c5="NN2" hw="fox" pos="SUBST">foxes</w><c c5="PUN">, </c><w c5="NN0" hw="roe" pos="SUBST">roe </w><w c5="NN0" hw="deer" pos="SUBST">deer </w><w c5="CJC" hw="and" pos="CONJ">and </w><w c5="AJ0" hw="red" pos="ADJ">red </w><w c5="NN2" hw="squirrel" pos="SUBST">squirrels </w><w c5="PRP" hw="in" pos="PREP">in </w><w c5="AT0" hw="the" pos="ART">the </w><w c5="NN1" hw="conifer" pos="SUBST">conifer </w><w c5="NN1" hw="plantation" pos="SUBST">plantation </w><w c5="AV0" hw="there" pos="ADV">there</w><c c5="PUN">.</c></s>
<s n="6"><w c5="AV0" hw="surely" pos="ADV">Surely </w><w c5="AT0" hw="a" pos="ART">a </w><w c5="NN1" hw="tribute" pos="SUBST">tribute </w><w c5="PRP" hw="to" pos="PREP">to </w><w c5="AJ0" hw="sensitive" pos="ADJ">sensitive </w><w c5="NN1" hw="management" pos="SUBST">management</w><c c5="PUN">.</c></s>
<s n="7"><w c5="NP0" hw="david" pos="SUBST">David </w><w c5="NP0" hw="noble-rollin" pos="SUBST">Noble-Rollin</w><c c5="PUN">, </c><w c5="PRF" hw="of" pos="PREP">of </w><w c5="AT0" hw="the" pos="ART">the </w><w c5="AJ0" hw="natural" pos="ADJ">Natural </w><w c5="NN1" hw="history" pos="SUBST">History </w><w c5="NN1" hw="society" pos="SUBST">Society </w><w c5="PRF" hw="of" pos="PREP">of </w><w c5="NP0" hw="northumbria" pos="SUBST">Northumbria </w><w c5="VVD" hw="lead" pos="VERB">led </w><w c5="AT0" hw="a" pos="ART">a </w><w c5="NN1" hw="party" pos="SUBST">party </w><w c5="PRP" hw="to" pos="PREP">to </w><w c5="NP0-NN1" hw="bolam" pos="SUBST">Bolam </w><w c5="ORD" hw="last" pos="ADJ">last </w><w c5="NN1" hw="week" pos="SUBST">week</w><c c5="PUN">.</c></s>
<s n="8"><w c5="NN1-VVB" hw="mist" pos="SUBST">Mist </w><w c5="VVN-VVD" hw="hang" pos="VERB">hung </w><w c5="PRP-AVP" hw="over" pos="PREP">over </w><w c5="AT0" hw="the" pos="ART">the </w><w c5="NN1" hw="water" pos="SUBST">water </w><w c5="CJC" hw="and" pos="CONJ">and </w><w c5="AT0" hw="the" pos="ART">the </w><w c5="AJ0" hw="huge" pos="ADJ">huge </w><w c5="NN1" hw="concourse" pos="SUBST">concourse </w><w c5="PRF" hw="of" pos="PREP">of </w><w c5="NN0" hw="duck" pos="SUBST">duck </w><w c5="VVD" hw="swim" pos="VERB">swam </w><w c5="CJC" hw="and" pos="CONJ">and </w><w c5="VVD" hw="duck" pos="VERB">ducked </w><w c5="CJC" hw="and" pos="CONJ">and </w><w c5="VVD" hw="preen" pos="VERB">preened</w><c c5="PUN">.</c></s>
<s n="9"><w c5="PNP" hw="i" pos="PRON">I </w><w c5="VVD" hw="pick" pos="VERB">picked </w><w c5="AVP" hw="out" pos="ADV">out </w><w c5="CRD" hw="two" pos="ADJ">two </w><w c5="AJ0-NN1" hw="golden-eye" pos="ADJ">golden-eye </w><w c5="PRP" hw="amongst" pos="PREP">amongst </w><w c5="NN0" hw="teal" pos="SUBST">teal </w><w c5="CJC" hw="and" pos="CONJ">and </w><w c5="NN1" hw="wigeon" pos="SUBST">wigeon</w><c c5="PUN">.</c></s>
<s n="10"><w c5="NP0" hw="david" pos="SUBST">David </w><w c5="VVD" hw="tell" pos="VERB">told </w><w c5="PNP" hw="we" pos="PRON">us </w><w c5="DT0-CJT" hw="that" pos="ADJ">that </w><w c5="NN1" hw="swan" pos="SUBST">swan </w><w c5="NN1" hw="pattern" pos="SUBST">pattern </w><w c5="PRF" hw="of" pos="PREP">of </w><w c5="NN1" hw="movement" pos="SUBST">movement </w><w c5="VBD" hw="be" pos="VERB">was </w><w c5="AV0" hw="currently" pos="ADV">currently </w><w c5="VBG" hw="be" pos="VERB">being </w><w c5="VVN" hw="monitor" pos="VERB">monitored </w><w c5="PRP" hw="in" pos="PREP">in </w><w c5="AT0" hw="the" pos="ART">the </w><w c5="NN1" hw="north-east" pos="SUBST">north-east</w><c c5="PUN">, </c><w c5="CJS" hw="so" pos="CONJ">so </w><w c5="PNP" hw="he" pos="PRON">he </w><w c5="VBD" hw="be" pos="VERB">was </w><w c5="VVG" hw="try" pos="VERB">trying </w><w c5="TO0" hw="to" pos="PREP">to </w><w c5="VVI" hw="read" pos="VERB">read </w><w c5="AT0" hw="the" pos="ART">the </w><w c5="NN1" hw="leg" pos="SUBST">leg </w><w c5="VVZ-NN2" hw="band" pos="VERB">bands </w><w c5="PRP" hw="through" pos="PREP">through </w><w c5="DPS" hw="he" pos="PRON">his </w><w c5="NN1" hw="glass" pos="SUBST">glass</w><c c5="PUN">.</c></s>
<s n="11"><w c5="DT0" hw="all" pos="ADJ">All </w><w c5="PRP" hw="on" pos="PREP">on </w><w c5="AT0" hw="the" pos="ART">the </w><w c5="DT0" hw="same" pos="ADJ">same </w><w c5="NN1" hw="alder" pos="SUBST">alder </w><w c5="NN1" hw="tree" pos="SUBST">tree </w><w c5="PNP" hw="we" pos="PRON">we </w><w c5="VVD" hw="see" pos="VERB">saw </w><w c5="NN1" hw="coal" pos="SUBST">coal </w><w c5="NN2" hw="tit" pos="SUBST">tits</w><c c5="PUN">, </c><w c5="NN1-AJ0" hw="gold" pos="SUBST">gold </w><w c5="NN2" hw="crest" pos="SUBST">crests</w><c c5="PUN">, </c><w c5="NN1" hw="marsh" pos="SUBST">marsh </w><w c5="NN1" hw="willow" pos="SUBST">willow </w><w c5="NN2" hw="tit" pos="SUBST">tits </w><w c5="CJC" hw="and" pos="CONJ">and </w><w c5="AJ0" hw="long-tailed" pos="ADJ">long-tailed </w><w c5="NN2" hw="tit" pos="SUBST">tits </w><w c5="CJC" hw="and" pos="CONJ">and </w><w c5="PNP" hw="i" pos="PRON">I </w><w c5="VVD" hw="learn" pos="VERB">learnt </w><w c5="TO0" hw="to" pos="PREP">to </w><w c5="VVI" hw="distinguish" pos="VERB">distinguish </w><w c5="AT0" hw="the" pos="ART">the </w><w c5="AJ0" hw="whip-like" pos="ADJ">whip-like </w><w c5="NN1" hw="whistling" pos="SUBST">whistling </w><w c5="NN1" hw="note" pos="SUBST">note </w><w c5="PRF" hw="of" pos="PREP">of </w><w c5="AT0" hw="the" pos="ART">the </w><w c5="NN1" hw="marsh" pos="SUBST">marsh </w><w c5="NN1" hw="tit" pos="SUBST">tit</w><c c5="PUN">.</c></s>
<s n="12"><w c5="AT0" hw="a" pos="ART">A </w><w c5="ORD" hw="first" pos="ADJ">first </w><w c5="NN1" hw="sighting" pos="SUBST">sighting </w><w c5="PRF" hw="of" pos="PREP">of </w><w c5="AT0" hw="a" pos="ART">a </w><w c5="NN1" hw="nuthatch" pos="SUBST">nuthatch </w><w c5="VBD" hw="be" pos="VERB">was </w><w c5="VVN" hw="record" pos="VERB">recorded</w><c c5="PUN">.</c></s>
<s n="13"><w c5="AT0" hw="a" pos="ART">A </w><w c5="NN1" hw="group" pos="SUBST">group </w><w c5="PRF" hw="of" pos="PREP">of </w><w c5="AJ0" hw="yellow" pos="ADJ">yellow </w><w c5="AJ0" hw="bar-winged" pos="ADJ">bar-winged </w><w c5="NN2" hw="siskin" pos="SUBST">siskins </w><w c5="VVD-VVN" hw="cause" pos="VERB">caused </w><w c5="AT0" hw="a" pos="ART">a </w><w c5="NN1" hw="flurry" pos="SUBST">flurry </w><w c5="PRF" hw="of" pos="PREP">of </w><w c5="NN1" hw="excitement" pos="SUBST">excitement</w><c c5="PUN">; </c><w c5="AT0" hw="the" pos="ART">the </w><w c5="ORD" hw="first" pos="ADJ">first </w><w c5="NN1" hw="time" pos="SUBST">time </w><w c5="DT0" hw="such" pos="ADJ">such </w><w c5="AT0" hw="a" pos="ART">a </w><w c5="AJ0" hw="large" pos="ADJ">large </w><w c5="NN1" hw="flock" pos="SUBST">flock </w><w c5="VHD" hw="have" pos="VERB">had </w><w c5="VBN" hw="be" pos="VERB">been </w><w c5="VVN" hw="sight" pos="VERB">sighted </w><w c5="PRP" hw="at" pos="PREP">at </w><w c5="NP0" hw="bolam" pos="SUBST">Bolam </w><w c5="NP0" hw="lake" pos="SUBST">Lake</w><c c5="PUN">.</c></s>
<s n="14"><w c5="NP0" hw="whooper" pos="SUBST">Whooper </w><w c5="NN2" hw="swan" pos="SUBST">swans </w><w c5="VBB" hw="be" pos="VERB">are </w><w c5="VVN" hw="molest" pos="VERB">molested </w><w c5="PRP" hw="by" pos="PREP">by </w><w c5="AJ0" hw="irresponsible" pos="ADJ">irresponsible </w><w c5="AJ0" hw="trigger-happy" pos="ADJ">trigger-happy </w><w c5="NN2" hw="party" pos="SUBST">parties </w><w c5="CJC" hw="but" pos="CONJ">but </w><w c5="AV0" hw="here" pos="ADV">here</w><c c5="PUN">, </c><w c5="PRP" hw="at" pos="PREP">at </w><w c5="NP0-NN1" hw="bolam" pos="SUBST">Bolam</w><c c5="PUN">, </c><w c5="PNP" hw="they" pos="PRON">they </w><w c5="VVB" hw="visit" pos="VERB">visit </w><w c5="PRP-AVP" hw="in" pos="PREP">in </w><w c5="NN1" hw="peace" pos="SUBST">peace</w><c c5="PUN">.</c></s>
<s n="15"><w c5="AT0" hw="the" pos="ART">The </w><w c5="AJ0" hw="wild" pos="ADJ">wild </w><w c5="NN1" hw="whooper" pos="SUBST">whooper </w><w c5="NN1" hw="swan" pos="SUBST">swan </w><w c5="VBZ" hw="be" pos="VERB">is </w><w c5="AT0" hw="a" pos="ART">a </w><w c5="NN1" hw="bird" pos="SUBST">bird </w><w c5="PRF" hw="of" pos="PREP">of </w><w c5="AJ0" hw="great" pos="ADJ">great </w><w c5="NN1" hw="beauty" pos="SUBST">beauty </w><w c5="CJC" hw="and" pos="CONJ">and</w><c c5="PUN">, </c><w c5="PNP" hw="i" pos="PRON">I </w><w c5="VVB" hw="think" pos="VERB">think</w><c c5="PUN">, </c><w c5="PRP" hw="on" pos="PREP">on </w><w c5="AT0" hw="the" pos="ART">the </w><w c5="NN1" hw="increase" pos="SUBST">increase </w><w c5="PRP" hw="in" pos="PREP">in </w><w c5="AT0" hw="the" pos="ART">the </w><w c5="NN1" hw="border" pos="SUBST">Border </w><w c5="NN1" hw="region" pos="SUBST">region</w><c c5="PUN">.</c></s>
<s n="16"><w c5="AT0" hw="the" pos="ART">The </w><w c5="NN1" hw="swan" pos="SUBST">swan </w><w c5="VBD" hw="be" pos="VERB">was </w><w c5="AV0" hw="once" pos="ADV">once </w><w c5="AT0" hw="a" pos="ART">a </w><w c5="AV0" hw="highly" pos="ADV">highly </w><w c5="VVN" hw="regard" pos="VERB">regarded </w><w c5="NN1" hw="delicacy" pos="SUBST">delicacy </w><w c5="PRP" hw="on" pos="PREP">on </w><w c5="AT0" hw="the" pos="ART">the </w><w c5="NN1" hw="christmas" pos="SUBST">Christmas </w><w c5="NN1" hw="table" pos="SUBST">table</w><c c5="PUN">.</c></s>
<s n="17"><w c5="NN2" hw="ornithologist" pos="SUBST">Ornithologists </w><w c5="VVD" hw="give" pos="VERB">gave </w><w c5="AT0" hw="the" pos="ART">the </w><w c5="NN1" hw="bird" pos="SUBST">bird </w><w c5="AT0" hw="a" pos="ART">a </w><w c5="AJ0" hw="christian" pos="ADJ">Christian </w><w c5="NN1" hw="foundation" pos="SUBST">foundation </w><w c5="CJC" hw="and" pos="CONJ">and </w><w c5="VVD" hw="believe" pos="VERB">believed </w><w c5="CJT" hw="that" pos="CONJ">that </w><w c5="AT0" hw="the" pos="ART">the </w><w c5="ORD" hw="first" pos="ADJ">first </w><w c5="AJ0" hw="mute" pos="ADJ">mute </w><w c5="NN2" hw="swan" pos="SUBST">swans </w><w c5="VBD" hw="be" pos="VERB">were </w><w c5="VVN" hw="bring" pos="VERB">brought </w><w c5="PRP" hw="to" pos="PREP">to </w><w c5="NP0" hw="great" pos="SUBST">Great </w><w c5="NP0" hw="britain" pos="SUBST">Britain </w><w c5="PRP" hw="by" pos="PREP">by </w><w c5="AT0" hw="the" pos="ART">the </w><w c5="NN2" hw="crusader" pos="SUBST">Crusaders </w><w c5="PRP" hw="from" pos="PREP">from </w><w c5="NP0" hw="cyprus" pos="SUBST">Cyprus </w><w c5="PRP" hw="in" pos="PREP">in </w><w c5="CRD" hw="1192" pos="ADJ">1192</w><c c5="PUN">.</c></s>
<s n="18"><w c5="DT0" hw="this" pos="ADJ">This </w><w c5="NN1" hw="theory" pos="SUBST">theory </w><w c5="VBD" hw="be" pos="VERB">was </w><w c5="VVN" hw="contradict" pos="VERB">contradicted </w><w c5="PRP" hw="following" pos="PREP">following </w><w c5="AT0" hw="the" pos="ART">the </w><w c5="NN1" hw="discovery" pos="SUBST">discovery </w><w c5="PRF" hw="of" pos="PREP">of </w><w c5="NN1" hw="swan" pos="SUBST">swan </w><w c5="NN2" hw="bone" pos="SUBST">bones </w><w c5="PRP" hw="in" pos="PREP">in </w><w c5="NP0" hw="cambridgeshire" pos="SUBST">Cambridgeshire</w><c c5="PUN">, </c><w c5="NP0" hw="norfolk" pos="SUBST">Norfolk</w><c c5="PUN">, </c><w c5="NP0" hw="suffolk" pos="SUBST">Suffolk </w><w c5="CJC" hw="and" pos="CONJ">and </w><w c5="NP0" hw="essex" pos="SUBST">Essex</w><c c5="PUN">.</c></s></head><p>
<s n="19"><w c5="NP0" hw="veronica" pos="SUBST">VERONICA </w><w c5="NN1-NP0" hw="heath" pos="SUBST">HEATH</w></s></p></div><div level="1" n="22-DEC-89 edition, page 25"><head>
<s n="20"><w c5="NN2" hw="present" pos="SUBST">Presents </w><w c5="PRF" hw="of" pos="PREP">of </w><w c5="NN1" hw="mind" pos="SUBST">mind </w><w c5="NN2" hw="gift" pos="SUBST">Gifts </w><w c5="VVB" hw="say" pos="VERB">say </w><mw c5="AV0"><w c5="AT0" hw="an" pos="ART">an </w><w c5="AJ0" hw="awful" pos="ADJ">awful </w><w c5="NN1" hw="lot" pos="SUBST">lot </w></mw><w c5="PRP" hw="about" pos="PREP">about </w><w c5="AT0" hw="the" pos="ART">the </w><w c5="NN1" hw="giver" pos="SUBST">giver </w><c c5="PUN">— </c><w c5="CJC" hw="and" pos="CONJ">and </w><w c5="VM0" hw="can" pos="VERB">can </w><w c5="VBI" hw="be" pos="VERB">be </w><w c5="AJ0" hw="hazardous" pos="ADJ">hazardous</w><c c5="PUN">: </c><w c5="AT0" hw="a" pos="ART">a </w><w c5="AJ0" hw="timely" pos="ADJ">timely </w><w c5="NN1" hw="warning" pos="SUBST">warning </w><w c5="PRP" hw="from" pos="PREP">from </w><w c5="NP0" hw="john" pos="SUBST">John </w><w c5="NP0-NN1" hw="illman" pos="SUBST">Illman</w><c c5="PUN">.</c></s></head><p>
<s n="21"><w c5="PNP" hw="you" pos="PRON">YOU </w><w c5="VM0" hw="can" pos="VERB">CAN </w><w c5="VVI" hw="blame" pos="VERB">blame </w><w c5="AT0" hw="the" pos="ART">the </w><w c5="CRD" hw="three" pos="ADJ">three </w><w c5="AJ0" hw="wise" pos="ADJ">wise </w><w c5="NN2" hw="man" pos="SUBST">men</w><c c5="PUN">.</c></s>
<s n="22"><w c5="PNP" hw="they" pos="PRON">They </w><w c5="VVD" hw="start" pos="VERB">started </w><w c5="PNP" hw="it" pos="PRON">it </w><w c5="DT0" hw="all" pos="ADJ">all</w><c c5="PUN">.</c></s>
<s n="23"><w c5="XX0" hw="not" pos="ADV">Not </w><w c5="PRP" hw="for" pos="PREP">for </w><w c5="PNI" hw="nothing" pos="PRON">nothing</w><c c5="PUN">, </c><w c5="AV0" hw="however" pos="ADV">however</w><c c5="PUN">, </c><w c5="VBB" hw="be" pos="VERB">are </w><w c5="PNP" hw="they" pos="PRON">they </w><w c5="VVN" hw="call" pos="VERB">called </w><w c5="AJ0" hw="wise" pos="ADJ">wise</w><c c5="PUN">.</c></s>
<s n="24"><w c5="PNP" hw="we" pos="PRON">We </w><w c5="VVB" hw="know" pos="VERB">know </w><w c5="AV0" hw="absolutely" pos="ADV">absolutely </w><w c5="PNI" hw="nothing" pos="PRON">nothing </w><w c5="PRP" hw="about" pos="PREP">about </w><w c5="PNP" hw="they" pos="PRON">them</w><c c5="PUN">.</c></s>
<s n="25"><w c5="PNP" hw="they" pos="PRON">They </w><w c5="VVD" hw="give" pos="VERB">gave </w><w c5="AV0" hw="away" pos="ADV">away </w><w c5="AV0" hw="very" pos="ADV">very </w><w c5="DT0" hw="little" pos="ADJ">little </w><w c5="PRP" hw="about" pos="PREP">about </w><w c5="PNX" hw="themselves" pos="PRON">themselves </w><w c5="PRP" hw="in" pos="PREP">in </w><w c5="DPS" hw="they" pos="PRON">their </w><w c5="NN1" hw="choice" pos="SUBST">choice </w><w c5="PRF" hw="of" pos="PREP">of </w><w c5="AT0" hw="the" pos="ART">the </w><w c5="ORD" hw="first" pos="ADJ">first </w><w c5="NN1" hw="christmas" pos="SUBST">Christmas </w><w c5="NN2-VVZ" hw="present" pos="SUBST">presents</w><c c5="PUN">.</c></s>
<s n="26"><w c5="PNP" hw="they" pos="PRON">They </w><w c5="VM0" hw="would" pos="VERB">would </w><w c5="XX0" hw="not" pos="ADV">not </w><w c5="VVI" hw="get" pos="VERB">get </w><w c5="AV0" hw="away" pos="ADV">away </w><w c5="AV0" hw="so" pos="ADV">so </w><w c5="AV0" hw="lightly" pos="ADV">lightly </w><w c5="AV0" hw="today" pos="ADV">today</w><c c5="PUN">.</c></s>
<s n="27"><w c5="AT0" hw="the" pos="ART">The </w><w c5="NN2" hw="psychologist" pos="SUBST">psychologists </w><w c5="VM0" hw="would" pos="VERB">would </w><w c5="VBI" hw="be" pos="VERB">be </w><w c5="PRP" hw="in" pos="PREP">in </w><w c5="AT0" hw="the" pos="ART">the </w><w c5="NN1" hw="manger" pos="SUBST">manger </w><w c5="PRP" hw="with" pos="PREP">with </w><w c5="AT0" hw="the" pos="ART">the </w><w c5="NN1" hw="tv" pos="SUBST">TV </w><w c5="NN2" hw="crew" pos="SUBST">crews</w><c c5="PUN">, </c><w c5="VVG" hw="evaluate" pos="VERB">evaluating </w><w c5="PNP" hw="they" pos="PRON">them </w><w c5="PRP" hw="on" pos="PREP">on </w><w c5="AT0" hw="the" pos="ART">the </w><w c5="NN1" hw="basis" pos="SUBST">basis </w><w c5="PRF" hw="of" pos="PREP">of </w><w c5="DPS" hw="they" pos="PRON">their </w><w c5="NN2" hw="offering" pos="SUBST">offerings </w><c c5="PUN">— </c><w c5="NN1" hw="gold" pos="SUBST">gold</w><c c5="PUN">, </c><w c5="NN1" hw="frankincense" pos="SUBST">frankincense </w><w c5="CJC" hw="and" pos="CONJ">and </w><w c5="NN1" hw="myrrh" pos="SUBST">myrrh</w><c c5="PUN">.</c></s></p><p>
<s n="28"><w c5="AT0" hw="the" pos="ART">The </w><w c5="NN1" hw="psychology" pos="SUBST">psychology </w><w c5="PRF" hw="of" pos="PREP">of </w><w c5="NN1-AJ0" hw="present" pos="SUBST">present </w><w c5="VVG-NN1" hw="give" pos="VERB">giving </w><w c5="VBZ" hw="be" pos="VERB">is </w><w c5="AT0" hw="a" pos="ART">a </w><w c5="AJ0" hw="great" pos="ADJ">great </w><w c5="NN1" hw="giveaway" pos="SUBST">giveaway</w><c c5="PUN">, </c><w c5="VVG" hw="reveal" pos="VERB">revealing </w><w c5="AV0" hw="more" pos="ADV">more </w><w c5="PRP" hw="about" pos="PREP">about </w><w c5="AT0" hw="the" pos="ART">the </w><w c5="NN1" hw="giver" pos="SUBST">giver </w><w c5="CJS" hw="than" pos="CONJ">than </w><w c5="AT0" hw="the" pos="ART">the </w><w c5="NN1" hw="recipient" pos="SUBST">recipient</w><c c5="PUN">.</c></s>
<s n="29"><w c5="NN2" hw="gift" pos="SUBST">Gifts </w><w c5="VBB" hw="be" pos="VERB">are </w><w c5="NN2" hw="expression" pos="SUBST">expressions </w><w c5="PRF" hw="of" pos="PREP">of </w><w c5="NN1" hw="taste" pos="SUBST">taste</w><c c5="PUN">, </c><w c5="NN2" hw="emotion" pos="SUBST">emotions</w><c c5="PUN">, </c><w c5="NN1" hw="wealth" pos="SUBST">wealth</w><c c5="PUN">, </c><w c5="NN1" hw="power" pos="SUBST">power</w><c c5="PUN">, </c><w c5="AJ0" hw="social" pos="ADJ">social </w><w c5="NN1" hw="awareness" pos="SUBST">awareness</w><c c5="PUN">, </c><w c5="NN2" hw="aspiration" pos="SUBST">aspirations</w><c c5="PUN">, </c><w c5="NN1" hw="imagination" pos="SUBST">imagination</w><c c5="PUN">, </c><w c5="NN1-VVB" hw="fashion" pos="SUBST">fashion </w><c c5="PUN">— </c><w c5="ITJ" hw="oh" pos="INTERJ">oh </w><w c5="ITJ" hw="yes" pos="INTERJ">yes</w><c c5="PUN">, </c><w c5="CJC" hw="and" pos="CONJ">and </w><w c5="NN1-VVB" hw="love" pos="SUBST">love </w><w c5="CJC" hw="and" pos="CONJ">and </w><w c5="NN1" hw="affection" pos="SUBST">affection </w><c c5="PUN">— </c><w c5="AV0" hw="well" pos="ADV">well</w><c c5="PUN">, </c><w c5="AV0" hw="sometimes" pos="ADV">sometimes</w><c c5="PUN">.</c></s>
<s n="30"><w c5="CJS" hw="if" pos="CONJ">If </w><w c5="PNP" hw="you" pos="PRON">you</w><w c5="VBB" hw="be" pos="VERB">'re </w><w c5="AJ0" hw="lucky" pos="ADJ">lucky</w><c c5="PUN">.</c></s></p><p>
<s n="31"><w c5="DTQ" hw="what" pos="PRON">What </w><w c5="NN1" hw="kind" pos="SUBST">kind </w><w c5="PRF" hw="of" pos="PREP">of </w><w c5="NN1" hw="present-giver" pos="SUBST">present-giver </w><w c5="VBB" hw="be" pos="VERB">are </w><w c5="PNP" hw="you" pos="PRON">you</w><c c5="PUN">?</c></s>
<s n="32"><w c5="CJC" hw="and" pos="CONJ">And </w><w c5="AVQ" hw="how" pos="ADV">how </w><w c5="VM0" hw="should" pos="VERB">should </w><w c5="PNP" hw="you" pos="PRON">you </w><w c5="VVI" hw="regard" pos="VERB">regard </w><w c5="NN2" hw="relative" pos="SUBST">relatives </w><w c5="VVG" hw="bear" pos="VERB">bearing </w><w c5="NN2" hw="gift" pos="SUBST">gifts</w><c c5="PUN">?</c></s>
<s n="33"><w c5="PNP" hw="we" pos="PRON">We</w><w c5="VHB" hw="have" pos="VERB">'ve </w><w c5="VVN" hw="classify" pos="VERB">classified </w><w c5="CRD" hw="12" pos="ADJ">12 </w><w c5="NN2" hw="type" pos="SUBST">types </w><w c5="PRF" hw="of" pos="PREP">of </w><w c5="NN1-AJ0" hw="present-giver" pos="SUBST">present-giver </w><c c5="PUN">— </c><w c5="PNI-CRD" hw="one" pos="PRON">one </w><w c5="PRP" hw="for" pos="PREP">for </w><w c5="DT0" hw="each" pos="ADJ">each </w><w c5="PRF" hw="of" pos="PREP">of </w><w c5="AT0" hw="the" pos="ART">the </w><w c5="CRD" hw="12" pos="ADJ">12 </w><w c5="NN2" hw="day" pos="SUBST">days </w><w c5="PRF" hw="of" pos="PREP">of </w><w c5="NN1" hw="christmas" pos="SUBST">Christmas</w><c c5="PUN">, </c><w c5="PRP" hw="plus" pos="PREP">plus </w><w c5="NN1" hw="health" pos="SUBST">health </w><w c5="NN1" hw="hazard" pos="SUBST">hazard </w><w c5="NN2" hw="ranking" pos="SUBST">rankings</w><c c5="PUN">, </c><w c5="PRP" hw="with" pos="PREP">with </w><w c5="AJ0" hw="top" pos="ADJ">top </w><w c5="NN2" hw="score" pos="SUBST">scores </w><w c5="PRF" hw="of" pos="PREP">of </w><w c5="CRD" hw="10" pos="ADJ">10</w><c c5="PUN">.</c></s></p><p>
<s n="34"><w c5="AT0" hw="the" pos="ART">THE </w><w c5="AJ0" hw="romantic" pos="ADJ">ROMANTIC</w><c c5="PUN">: </c><w c5="PNP" hw="they" pos="PRON">They </w><w c5="VM0" hw="may" pos="VERB">may </w><w c5="VVI" hw="please" pos="VERB">please </w><w c5="NP0" hw="barbara" pos="SUBST">Barbara </w><w c5="NP0" hw="cartland" pos="SUBST">Cartland</w><c c5="PUN">, </c><w c5="CJC" hw="but" pos="CONJ">but </w><w c5="AT0" hw="the" pos="ART">the </w><w c5="AJ0" hw="true" pos="ADJ">true </w><w c5="AJ0" hw="romantic" pos="ADJ">romantic </w><w c5="NN2" hw="scorn" pos="SUBST">scorns </w><w c5="NN1" hw="heart" pos="SUBST">heart </w><w c5="AJ0-VVD" hw="shaped" pos="ADJ">shaped </w><w c5="NN2" hw="chocolate" pos="SUBST">chocolates</w><c c5="PUN">, </c><w c5="NP0" hw="chanel" pos="SUBST">Chanel </w><w c5="NN1" hw="no." pos="SUBST">No. </w><w c5="CRD" hw="5" pos="ADJ">5</w><c c5="PUN">, </c><w c5="AJ0" hw="sexy" pos="ADJ">sexy </w><w c5="NN1" hw="underwear" pos="SUBST">underwear </w><w c5="CJC" hw="and" pos="CONJ">and </w><w c5="AJ0" hw="other" pos="ADJ">other </w><w c5="AJ0" hw="fashionable" pos="ADJ">fashionable </w><w c5="NN2" hw="cliche" pos="SUBST">cliches </w><w c5="PRF" hw="of" pos="PREP">of </w><w c5="NN1" hw="romance" pos="SUBST">romance</w><c c5="PUN">.</c></s>
<s n="35"><w c5="PNP" hw="he" pos="PRON">He </w><w c5="VVZ" hw="spare" pos="VERB">spares </w><w c5="PNI" hw="nothing" pos="PRON">nothing </w><mw c5="PRP"><w c5="PRP" hw="in" pos="PREP">in </w><w c5="NN1" hw="pursuit" pos="SUBST">pursuit </w><w c5="PRF" hw="of" pos="PREP">of </w></mw><w c5="NN1" hw="surprise" pos="SUBST">surprise </w><w c5="CJC" hw="and" pos="CONJ">and </w><w c5="NN1" hw="mystery" pos="SUBST">mystery</w><c c5="PUN">.</c></s>
<s n="36"><w c5="CJC" hw="but" pos="CONJ">But </w><w c5="VBG" hw="be" pos="VERB">being </w><w c5="AJ0" hw="romantic" pos="ADJ">romantic </w><w c5="VM0" hw="can" pos="VERB">can </w><w c5="VBI" hw="be" pos="VERB">be </w><w c5="AT0" hw="a" pos="ART">a </w><w c5="NN1" hw="health" pos="SUBST">health </w><w c5="NN1" hw="hazard" pos="SUBST">hazard </w><c c5="PUN">— </c><w c5="VVG" hw="threaten" pos="VERB">threatening </w><w c5="AV0" hw="both" pos="ADV">both </w><w c5="DPS" hw="you" pos="PRON">your </w><w c5="NN1" hw="life" pos="SUBST">life </w><w c5="CJC" hw="and" pos="CONJ">and </w><w c5="DPS" hw="you" pos="PRON">your </w><w c5="NN1" hw="wallet" pos="SUBST">wallet</w><c c5="PUN">.</c></s>
<s n="37"><w c5="VVB" hw="witness" pos="VERB">Witness </w><w c5="AT0" hw="the" pos="ART">the </w><w c5="NN1" hw="mystery" pos="SUBST">mystery </w><w c5="NN1" hw="buyer" pos="SUBST">buyer </w><w c5="PRF" hw="of" pos="PREP">of </w><w c5="AT0" hw="the" pos="ART">the </w><w c5="NN1" hw="world" pos="SUBST">world</w><w c5="POS" hw="'s" pos="UNC">'s </w><w c5="AV0" hw="most" pos="ADV">most </w><w c5="AJ0" hw="expensive" pos="ADJ">expensive </w><w c5="NN1" hw="teddy" pos="SUBST">teddy </w><w c5="NN1-VVB" hw="bear" pos="SUBST">bear</w><c c5="PUN">: </c><w c5="AT0" hw="a" pos="ART">a </w><w c5="NN0" hw="£55,000" pos="UNC">£55,000 </w><w c5="NN1" hw="present" pos="SUBST">present </w><w c5="PRP" hw="for" pos="PREP">for </w><w c5="DPS" hw="he" pos="PRON">his </w><w c5="NN1" hw="wife" pos="SUBST">wife</w><c c5="PUN">.</c></s>
<s n="38"><w c5="AT0" hw="the" pos="ART">The </w><w c5="NN1" hw="message" pos="SUBST">message </w><w c5="AV0" hw="here" pos="ADV">here </w><w c5="VBZ" hw="be" pos="VERB">is </w><w c5="DT0-CJT" hw="that" pos="ADJ">that </w><w c5="AJ0" hw="romantic" pos="ADJ">romantic </w><w c5="NN2" hw="cliche" pos="SUBST">cliches </w><w c5="VM0" hw="may" pos="VERB">may </w><w c5="VVI" hw="safeguard" pos="VERB">safeguard </w><w c5="PNP" hw="you" pos="PRON">you </w><w c5="PRP" hw="from" pos="PREP">from </w><w c5="AT0" hw="a" pos="ART">a </w><w c5="NN1" hw="heart" pos="SUBST">heart </w><w c5="NN1" hw="attack" pos="SUBST">attack </w><w c5="CJC" hw="and" pos="CONJ">and </w><w c5="VVB" hw="prevent" pos="VERB">prevent </w><w c5="PNP" hw="you" pos="PRON">you </w><w c5="VVG" hw="make" pos="VERB">making </w><w c5="AT0" hw="a" pos="ART">a </w><w c5="NN1" hw="fool" pos="SUBST">fool </w><w c5="PRF" hw="of" pos="PREP">of </w><w c5="PNX" hw="yourself" pos="PRON">yourself</w><c c5="PUN">.</c></s>
<s n="39"><w c5="NN1" hw="health" pos="SUBST">Health </w><w c5="NN1" hw="hazard" pos="SUBST">hazard </w><w c5="NN1" hw="ranking" pos="SUBST">ranking</w><c c5="PUN">: </c><w c5="CRD" hw="six" pos="ADJ">six</w><c c5="PUN">.</c></s></p><p>
<s n="40"><w c5="AT0" hw="the" pos="ART">THE </w><w c5="NN1" hw="joker" pos="SUBST">JOKER</w><c c5="PUN">: </c><w c5="PNP" hw="he" pos="PRON">He </w><w c5="VM0" hw="may" pos="VERB">may </w><w c5="AV0" hw="also" pos="ADV">also </w><w c5="VVI" hw="decide" pos="VERB">decide </w><w c5="TO0" hw="to" pos="PREP">to </w><w c5="VVI" hw="give" pos="VERB">give </w><w c5="AJ0" hw="sexy" pos="ADJ">sexy </w><w c5="NN1" hw="underwear" pos="SUBST">underwear </w><w c5="CJT-DT0" hw="that" pos="CONJ">that </w><w c5="VDZ" hw="do" pos="VERB">does</w><w c5="XX0" hw="not" pos="ADV">n't </w><w c5="AV0" hw="actually" pos="ADV">actually </w><w c5="VVI" hw="fit" pos="VERB">fit</w><c c5="PUN">, </c><w c5="CJC" hw="or" pos="CONJ">or</w><c c5="PUN">, </c><w c5="CJS" hw="if" pos="CONJ">if </w><w c5="PNP" hw="he" pos="PRON">he </w><w c5="VBZ" hw="be" pos="VERB">is </w><w c5="VVG" hw="feel" pos="VERB">feeling </w><w c5="AJ0" hw="malicious" pos="ADJ">malicious</w><c c5="PUN">, </c><w c5="AJ0" hw="spicy" pos="ADJ">spicy </w><w c5="NN1" hw="chewing" pos="SUBST">chewing </w><w c5="NN1" hw="gum" pos="SUBST">gum </w><w c5="PRP" hw="for" pos="PREP">for </w><w c5="AT0" hw="the" pos="ART">the </w><w c5="AV0-AJ0" hw="loud" pos="ADV">loud </w><w c5="VVN" hw="mouth" pos="VERB">mouthed </w><c c5="PUN">— </c><w c5="VVB-NN1" hw="gum" pos="VERB">gum </w><w c5="CJT-DT0" hw="that" pos="CONJ">that </w><w c5="VVZ" hw="cement" pos="VERB">cements </w><w c5="AT0" hw="the" pos="ART">the </w><w c5="NN2" hw="lip" pos="SUBST">lips </w><w c5="AV0" hw="together" pos="ADV">together</w><c c5="PUN">.</c></s>
<s n="41"><w c5="AT0" hw="a" pos="ART">A </w><w c5="AJ0" hw="typical" pos="ADJ">typical </w><w c5="NN1" hw="present" pos="SUBST">present </w><w c5="VM0" hw="might" pos="VERB">might </w><w c5="VBI" hw="be" pos="VERB">be </w><w c5="AT0" hw="a" pos="ART">a </w><w c5="NN1" hw="bomb" pos="SUBST">bomb</w><c c5="PUN">, </c><w c5="CJC" hw="or" pos="CONJ">or </w><w c5="AV0" hw="rather" pos="ADV">rather </w><w c5="AT0" hw="a" pos="ART">a </w><w c5="AJ0" hw="hand-grenade" pos="ADJ">hand-grenade </w><w c5="NN1" hw="alarm" pos="SUBST">alarm </w><w c5="NN1" hw="clock" pos="SUBST">clock</w><c c5="PUN">.</c></s>
<s n="42"><w c5="CJS" hw="when" pos="CONJ">When </w><w c5="PNP" hw="it" pos="PRON">it </w><w c5="VVZ" hw="go" pos="VERB">goes </w><w c5="AVP-PRP" hw="off" pos="ADV">off </w><w c5="PNP" hw="you" pos="PRON">you </w><w c5="VVB" hw="throw" pos="VERB">throw </w><w c5="PNP" hw="it" pos="PRON">it </w><w c5="PRP" hw="against" pos="PREP">against </w><w c5="AT0" hw="the" pos="ART">the </w><w c5="NN1" hw="wall" pos="SUBST">wall </w><w c5="TO0" hw="to" pos="PREP">to </w><w c5="VVI" hw="stop" pos="VERB">stop </w><w c5="AT0" hw="the" pos="ART">the </w><w c5="NN1" hw="noise" pos="SUBST">noise</w><c c5="PUN">.</c></s>
<s n="43"><w c5="AT0" hw="the" pos="ART">The </w><w c5="NN1" hw="joker" pos="SUBST">joker</w><c c5="PUN">, </c><w c5="AV0" hw="however" pos="ADV">however</w><c c5="PUN">, </c><w c5="VVZ" hw="give" pos="VERB">gives </w><w c5="AT0" hw="the" pos="ART">the </w><w c5="NN1" hw="present" pos="SUBST">present </w><w c5="VVG" hw="know" pos="VERB">knowing </w><w c5="CJT" hw="that" pos="CONJ">that </w><w c5="PRP" hw="in" pos="PREP">in </w><w c5="AT0" hw="the" pos="ART">the </w><w c5="NN1" hw="confusion" pos="SUBST">confusion </w><w c5="CJS" hw="as" pos="CONJ">as </w><w c5="PNP" hw="it" pos="PRON">it </w><w c5="VVZ" hw="go" pos="VERB">goes </w><w c5="AVP" hw="off" pos="ADV">off</w><c c5="PUN">, </c><w c5="PNP" hw="it" pos="PRON">it </w><w c5="VM0" hw="may" pos="VERB">may </w><w c5="VBI" hw="be" pos="VERB">be </w><w c5="VVN" hw="throw" pos="VERB">thrown </w><w c5="AT0" hw="the" pos="ART">the </w><w c5="AJ0" hw="wrong" pos="ADJ">wrong </w><w c5="NN1" hw="way" pos="SUBST">way </w><c c5="PUN">— </c><w c5="PRP" hw="into" pos="PREP">into </w><w c5="AT0" hw="the" pos="ART">the </w><w c5="NN1" hw="face" pos="SUBST">face </w><w c5="PRF" hw="of" pos="PREP">of </w><w c5="AT0" hw="the" pos="ART">the </w><w c5="NN1" hw="recipient" pos="SUBST">recipient</w><w c5="POS" hw="'s" pos="UNC">'s </w><w c5="NN1" hw="partner" pos="SUBST">partner</w><c c5="PUN">.</c></s>
<s n="44"><w c5="AV0" hw="so" pos="ADV">So </w><w c5="VVB" hw="beware" pos="VERB">beware </w><w c5="AT0" hw="the" pos="ART">the </w><w c5="NN1" hw="joker" pos="SUBST">joker</w><c c5="PUN">.</c></s>
<s n="45"><w c5="NP0" hw="hhr" pos="SUBST">HHR</w><c c5="PUN">: </c><w c5="CRD" hw="seven" pos="ADJ">seven</w><c c5="PUN">.</c></s></p><p>
<s n="46"><w c5="AT0" hw="the" pos="ART">THE </w><w c5="NN1" hw="blackmailer" pos="SUBST">BLACKMAILER</w><c c5="PUN">: </c><w c5="AT0" hw="the" pos="ART">The </w><w c5="AJS" hw="big" pos="ADJ">biggest </w><w c5="NN1" hw="health" pos="SUBST">health </w><w c5="NN1" hw="hazard" pos="SUBST">hazard </w><w c5="PRF" hw="of" pos="PREP">of </w><w c5="PNP" hw="they" pos="PRON">them </w><w c5="DT0" hw="all" pos="ADJ">all </w><c c5="PUN">— </c><w c5="EX0" hw="there" pos="PRON">there </w><w c5="VBZ" hw="be" pos="VERB">is </w><mw c5="AV0"><w c5="PRP" hw="at" pos="PREP">at </w><w c5="AV0" hw="least" pos="ADV">least </w></mw><w c5="CRD-PNI" hw="one" pos="ADJ">one </w><w c5="PRP" hw="in" pos="PREP">in </w><w c5="AT0" hw="every" pos="ART">every </w><w c5="NN1" hw="family" pos="SUBST">family</w><c c5="PUN">.</c></s>
<s n="47"><w c5="PNP" hw="he" pos="PRON">He </w><w c5="VVZ" hw="give" pos="VERB">gives </w><w c5="AT0" hw="an" pos="ART">an </w><w c5="AJ0" hw="expensive" pos="ADJ">expensive </w><w c5="NN1" hw="present" pos="SUBST">present </w><w c5="PRP" hw="to" pos="PREP">to </w><w c5="AT0" hw="a" pos="ART">a </w><w c5="AJ0" hw="dying" pos="ADJ">dying </w><w c5="NN1" hw="aunt" pos="SUBST">aunt</w><c c5="PUN">, </c><w c5="VVG" hw="hope" pos="VERB">hoping </w><w c5="TO0" hw="to" pos="PREP">to </w><w c5="VBI" hw="be" pos="VERB">be </w><w c5="VVN" hw="remember" pos="VERB">remembered </w><w c5="PRP" hw="in" pos="PREP">in </w><w c5="DPS" hw="she" pos="PRON">her </w><w c5="NN1" hw="will" pos="SUBST">will</w><c c5="PUN">.</c></s>
<s n="48"><w c5="AV0" hw="always" pos="ADV">Always </w><w c5="VVG" hw="hover" pos="VERB">hovering </w><w c5="PRP" hw="like" pos="PREP">like </w><w c5="AT0" hw="a" pos="ART">a </w><w c5="NN1" hw="vulture" pos="SUBST">vulture </w><w c5="PRP" hw="around" pos="PREP">around </w><w c5="AT0" hw="the" pos="ART">the </w><w c5="AJ0" hw="vulnerable" pos="ADJ">vulnerable</w><c c5="PUN">, </c><w c5="VVG" hw="press" pos="VERB">pressing </w><w c5="PRP" hw="on" pos="PREP">on </w><w c5="PNP" hw="they" pos="PRON">them </w><w c5="AT0" hw="the" pos="ART">the </w><w c5="NN2" hw="drink" pos="SUBST">drinks </w><w c5="CJC" hw="and" pos="CONJ">and </w><w c5="VVG-AJ0" hw="fatten" pos="VERB">fattening </w><w c5="NN2" hw="food" pos="SUBST">foods </w><w c5="TO0" hw="to" pos="PREP">to </w><w c5="VVI" hw="make" pos="VERB">make </w><w c5="DT0" hw="all" pos="ADJ">all </w><w c5="DPS" hw="he" pos="PRON">his </w><w c5="NN2" hw="dream" pos="SUBST">dreams </w><w c5="VVB" hw="come" pos="VERB">come </w><w c5="AJ0" hw="true" pos="ADJ">true</w><c c5="PUN">.</c></s>
<s n="49"><w c5="NP0" hw="hhr" pos="SUBST">HHR</w><c c5="PUN">: </c><w c5="CRD" hw="eight" pos="ADJ">eight</w><c c5="PUN">.</c></s></p><p>
<s n="50"><w c5="AT0" hw="the" pos="ART">THE </w><w c5="AJ0" hw="macho" pos="ADJ">MACHO </w><w c5="NN1" hw="man" pos="SUBST">MAN</w><c c5="PUN">: </c><w c5="DPS" hw="he" pos="PRON">His </w><w c5="NN1" hw="present" pos="SUBST">present </w><w c5="VBZ" hw="be" pos="VERB">is </w><w c5="DPS" hw="he" pos="PRON">his </w><w c5="NN1" hw="presence" pos="SUBST">presence</w><c c5="PUN">: </c><w c5="DPS" hw="he" pos="PRON">his </w><w c5="NN1" hw="life" pos="SUBST">life </w><w c5="NN1" hw="story" pos="SUBST">story</w><c c5="PUN">, </c><w c5="AT0" hw="a" pos="ART">a </w><w c5="NN1" hw="feel" pos="SUBST">feel </w><w c5="PRF" hw="of" pos="PREP">of </w><w c5="DPS" hw="he" pos="PRON">his </w><w c5="NN2" hw="bicep" pos="SUBST">biceps</w><c c5="PUN">, </c><w c5="AT0" hw="a" pos="ART">a </w><w c5="AJ0" hw="drunken" pos="ADJ">drunken </w><w c5="NN1" hw="kiss" pos="SUBST">kiss </w><w c5="PRP" hw="to" pos="PREP">to </w><w c5="DT0" hw="any" pos="ADJ">any </w><w c5="NN1" hw="woman" pos="SUBST">woman </w><w c5="PNQ" hw="who" pos="PRON">who </w><w c5="VBZ" hw="be" pos="VERB">is </w><w c5="AJ0" hw="silly" pos="ADJ">silly </w><w c5="AV0" hw="enough" pos="ADV">enough </w><w c5="TO0" hw="to" pos="PREP">to </w><w c5="VVI" hw="stray" pos="VERB">stray </w><w c5="PRP" hw="within" pos="PREP">within </w><w c5="NN1" hw="reach" pos="SUBST">reach </w><w c5="PRF" hw="of" pos="PREP">of </w><w c5="DPS" hw="he" pos="PRON">his </w><w c5="NN1" hw="groping" pos="SUBST">groping</w><c c5="PUN">; </c><w c5="CJC" hw="and" pos="CONJ">and</w><c c5="PUN">, </c><w c5="CJS" hw="if" pos="CONJ">if </w><w c5="PNP" hw="he" pos="PRON">he </w><w c5="VBZ" hw="be" pos="VERB">is </w><w c5="VVG" hw="feel" pos="VERB">feeling </w><w c5="AJ0" hw="generous" pos="ADJ">generous</w><c c5="PUN">, </c><w c5="AT0" hw="the" pos="ART">the </w><w c5="NN1" hw="promise" pos="SUBST">promise </w><w c5="PRF" hw="of" pos="PREP">of </w><w c5="AT0" hw="a" pos="ART">a </w><w c5="NN1" hw="night" pos="SUBST">night </w><w c5="AVP" hw="out" pos="ADV">out </w><w c5="PRP" hw="at" pos="PREP">at </w><w c5="DPS" hw="he" pos="PRON">his </w><w c5="NN1" hw="local" pos="SUBST">local</w><c c5="PUN">.</c></s>
<s n="51"><w c5="DT0" hw="another" pos="ADJ">Another </w><w c5="NN1" hw="health" pos="SUBST">health </w><w c5="NN1" hw="hazard" pos="SUBST">hazard</w><c c5="PUN">.</c></s>
<s n="52"><w c5="VVB" hw="fill" pos="VERB">Fill </w><w c5="PNP" hw="he" pos="PRON">him </w><w c5="AVP" hw="up" pos="ADV">up </w><w c5="PRP" hw="with" pos="PREP">with </w><w c5="NN1" hw="food" pos="SUBST">food </w><w c5="CJC" hw="and" pos="CONJ">and </w><w c5="NN1" hw="booze" pos="SUBST">booze</w><c c5="PUN">, </c><w c5="VVB" hw="direct" pos="VERB">direct </w><w c5="PNP" hw="he" pos="PRON">him </w><w c5="PRP" hw="to" pos="PREP">to </w><w c5="AT0" hw="a" pos="ART">a </w><w c5="AJ0" hw="warm" pos="ADJ">warm </w><w c5="NN1" hw="room" pos="SUBST">room </w><w c5="CJC" hw="and" pos="CONJ">and </w><w c5="AV0" hw="then" pos="ADV">then </w><w c5="VVB" hw="pray" pos="VERB">pray </w><w c5="AV0-AJ0" hw="hard" pos="ADV">hard</w><c c5="PUN">.</c></s>
<s n="53"><w c5="NP0" hw="hhr" pos="SUBST">HHR</w><c c5="PUN">: </c><w c5="CRD" hw="eight" pos="ADJ">eight</w><c c5="PUN">.</c></s></p><p>
<s n="54"><w c5="AT0" hw="the" pos="ART">THE </w><w c5="NN1" hw="diy" pos="SUBST">DIY </w><w c5="VVD" hw="bear" pos="VERB">BORE</w><c c5="PUN">: </c><w c5="PNP" hw="he" pos="PRON">He </w><w c5="VVZ" hw="like" pos="VERB">likes </w><w c5="PNI" hw="nothing" pos="PRON">nothing </w><w c5="DT0" hw="more" pos="ADJ">more </w><w c5="CJS" hw="than" pos="CONJ">than </w><w c5="TO0" hw="to" pos="PREP">to </w><w c5="VVI" hw="celebrate" pos="VERB">celebrate </w><w c5="DPS" hw="he" pos="PRON">his </w><w c5="NN1" hw="talent" pos="SUBST">talent</w><c c5="PUN">, </c><w c5="AJ0" hw="big" pos="ADJ">big </w><w c5="CJC" hw="or" pos="CONJ">or </w><w c5="AJ0" hw="small" pos="ADJ">small</w><c c5="PUN">.</c></s>
<s n="55"><w c5="AT0" hw="a" pos="ART">A </w><w c5="NN1" hw="picture" pos="SUBST">picture </w><w c5="PRP" hw="from" pos="PREP">from </w><w c5="AT0" hw="the" pos="ART">the </w><w c5="NN1" hw="artist" pos="SUBST">artist</w><c c5="PUN">; </c><w c5="AT0" hw="a" pos="ART">a </w><w c5="NN1" hw="plant" pos="SUBST">plant </w><w c5="PRP" hw="from" pos="PREP">from </w><w c5="AT0" hw="the" pos="ART">the </w><w c5="NN1" hw="gardener" pos="SUBST">gardener</w><c c5="PUN">; </c><w c5="AT0" hw="a" pos="ART">a </w><w c5="NN1" hw="book" pos="SUBST">book </w><w c5="PRP" hw="from" pos="PREP">from </w><w c5="AT0" hw="the" pos="ART">the </w><w c5="NN1" hw="author" pos="SUBST">author</w><c c5="PUN">, </c><w c5="VVN" hw="obtain" pos="VERB">obtained </w><w c5="PRP" hw="at" pos="PREP">at </w><w c5="NN1" hw="discount" pos="SUBST">discount </w><c c5="PUL">(</c><w c5="CJC" hw="or" pos="CONJ">or </w><w c5="AV0" hw="even" pos="ADV">even </w><w c5="AJ0" hw="free" pos="ADJ">free</w><c c5="PUR">) </c><w c5="PRP" hw="from" pos="PREP">from </w><w c5="AT0" hw="the" pos="ART">the </w><w c5="NN1" hw="publisher" pos="SUBST">publisher</w><c c5="PUN">.</c></s>
<s n="56"><w c5="NP0" hw="hhr" pos="SUBST">HHR</w><c c5="PUN">: </c><w c5="CRD" hw="four" pos="ADJ">four</w><c c5="PUN">.</c></s></p><p>
<s n="57"><w c5="AT0" hw="the" pos="ART">THE </w><w c5="AJ0" hw="new" pos="ADJ">NEW </w><w c5="NN1" hw="man" pos="SUBST">MAN</w><c c5="PUN">: </c><w c5="AT0" hw="the" pos="ART">The </w><w c5="NN1" hw="term" pos="SUBST">term </w><w c5="VM0" hw="may" pos="VERB">may </w><w c5="AV0" hw="now" pos="ADV">now </w><w c5="VBI" hw="be" pos="VERB">be </w><w c5="AJ0" hw="unfashionable" pos="ADJ">unfashionable</w><c c5="PUN">, </c><w c5="CJC" hw="but" pos="CONJ">but </w><w c5="AT0" hw="the" pos="ART">the </w><w c5="NN1" hw="man" pos="SUBST">man </w><w c5="PNX" hw="himself" pos="PRON">himself </w><w c5="VBZ" hw="be" pos="VERB">is </w><w c5="AV0" hw="still" pos="ADV">still </w><w c5="PRP" hw="in" pos="PREP">in </w><w c5="NN1" hw="evidence" pos="SUBST">evidence</w><c c5="PUN">.</c></s>
<s n="58"><w c5="PNP" hw="he" pos="PRON">He </w><w c5="VVZ" hw="present" pos="VERB">presents </w><w c5="DPS" hw="he" pos="PRON">his </w><w c5="NN1" hw="wife" pos="SUBST">wife </w><w c5="PRP" hw="with" pos="PREP">with </w><w c5="AT0" hw="a" pos="ART">a </w><w c5="NN1" hw="food" pos="SUBST">food </w><w c5="NN1" hw="processor" pos="SUBST">processor </w><w c5="CJC" hw="or" pos="CONJ">or </w><w c5="AT0" hw="the" pos="ART">the </w><w c5="AJS" hw="late" pos="ADJ">latest </w><w c5="NN1" hw="wisdom" pos="SUBST">wisdom </w><w c5="PRP" hw="on" pos="PREP">on </w><w c5="NN1" hw="toilet" pos="SUBST">toilet </w><w c5="NN1" hw="training" pos="SUBST">training </w><w c5="CJC" hw="or" pos="CONJ">or </w><w c5="NN1" hw="breast" pos="SUBST">breast </w><w c5="VVG-NN1" hw="feed" pos="VERB">feeding</w><c c5="PUN">.</c></s>
<s n="59"><w c5="PNP" hw="she" pos="PRON">She </w><w c5="VVZ" hw="spend" pos="VERB">spends </w><w c5="NN1" hw="christmas" pos="SUBST">Christmas </w><w c5="VVG" hw="wonder" pos="VERB">wondering </w><w c5="CJS" hw="if" pos="CONJ">if </w><w c5="AJ0" hw="macho" pos="ADJ">Macho </w><w c5="NN1" hw="man" pos="SUBST">Man </w><w c5="AV0" hw="really" pos="ADV">really </w><w c5="VBZ" hw="be" pos="VERB">is </w><w c5="AT0" hw="the" pos="ART">the </w><w c5="NN1" hw="pig" pos="SUBST">pig </w><w c5="PNP" hw="he" pos="PRON">he </w><w c5="VBZ" hw="be" pos="VERB">is </w><w c5="VVN" hw="make" pos="VERB">made </w><w c5="AVP" hw="out" pos="ADV">out </w><w c5="TO0" hw="to" pos="PREP">to </w><w c5="VBI" hw="be" pos="VERB">be</w><c c5="PUN">.</c></s>
<s n="60"><w c5="NP0" hw="hhr" pos="SUBST">HHR</w><c c5="PUN">: </c><w c5="CRD" hw="10" pos="ADJ">10</w><c c5="PUN">.</c></s></p><p>
<s n="61"><w c5="AT0" hw="the" pos="ART">THE </w><w c5="NN1" hw="peacemaker" pos="SUBST">PEACEMAKER</w><c c5="PUN">: </c><w c5="PNP" hw="he" pos="PRON">He </w><w c5="VVZ" hw="see" pos="VERB">sees </w><w c5="NN2" hw="gift" pos="SUBST">gifts </w><w c5="PRP" hw="as" pos="PREP">as </w><w c5="AT0" hw="an" pos="ART">an </w><w c5="AJ0" hw="excellent" pos="ADJ">excellent </w><w c5="NN1" hw="way" pos="SUBST">way </w><w c5="PRF" hw="of" pos="PREP">of </w><w c5="VVG" hw="aton" pos="VERB">atoning </w><w c5="PRP" hw="for" pos="PREP">for </w><w c5="NN2" hw="sin" pos="SUBST">sins</w><c c5="PUN">, </c><w c5="CJC" hw="but" pos="CONJ">but </w><w c5="VM0" hw="can" pos="VERB">can </w><w c5="VVI" hw="put" pos="VERB">put </w><w c5="PNX" hw="himself" pos="PRON">himself </w><w c5="PRP" hw="at" pos="PREP">at </w><w c5="NN1" hw="risk" pos="SUBST">risk </w><w c5="PRP" hw="by" pos="PREP">by </w><w c5="VVG" hw="overstate" pos="VERB">overstating </w><w c5="PNX" hw="himself" pos="PRON">himself </w><c c5="PUN">— </c><w c5="VVG" hw="give" pos="VERB">giving </w><w c5="AT0" hw="an" pos="ART">an </w><w c5="AJ0" hw="exquisite" pos="ADJ">exquisite </w><w c5="NN1" hw="set" pos="SUBST">set </w><w c5="PRF" hw="of" pos="PREP">of </w><w c5="AJ0" hw="english" pos="ADJ">English </w><w c5="NN1" hw="porcelain" pos="SUBST">porcelain </w><w c5="CJS-AVQ" hw="when" pos="CONJ">when </w><w c5="AT0" hw="a" pos="ART">a </w><w c5="NN1" hw="book" pos="SUBST">book </w><w c5="NN1" hw="token" pos="SUBST">token </w><w c5="VM0" hw="would" pos="VERB">would </w><w c5="VDI" hw="do" pos="VERB">do</w><c c5="PUN">.</c></s>
<s n="62"><w c5="DPS" hw="he" pos="PRON">His </w><w c5="AJ0" hw="genuine" pos="ADJ">genuine </w><w c5="NN1" hw="desire" pos="SUBST">desire </w><w c5="TO0" hw="to" pos="PREP">to </w><w c5="VVI" hw="make" pos="VERB">make </w><w c5="AVP" hw="up" pos="ADV">up </w><w c5="VM0" hw="may" pos="VERB">may </w><w c5="VBI" hw="be" pos="VERB">be </w><w c5="VVN" hw="interpret" pos="VERB">interpreted </w><w c5="PRP" hw="as" pos="PREP">as </w><w c5="AT0" hw="an" pos="ART">an </w><w c5="NN1" hw="attempt" pos="SUBST">attempt </w><w c5="TO0" hw="to" pos="PREP">to </w><w c5="VVI" hw="embarrass" pos="VERB">embarrass </w><w c5="CJC" hw="or" pos="CONJ">or </w><w c5="VVI" hw="be-little" pos="VERB">be-little</w><c c5="PUN">.</c></s>
<s n="63"><w c5="DPS" hw="he" pos="PRON">His </w><w c5="NN1" hw="present" pos="SUBST">present </w><w c5="VM0" hw="may" pos="VERB">may </w><w c5="VVI" hw="trigger" pos="VERB">trigger </w><w c5="AT0" hw="the" pos="ART">the </w><w c5="AJ0" hw="inevitable" pos="ADJ">inevitable </w><w c5="NN1" hw="family" pos="SUBST">family </w><w c5="AJ0" hw="festive" pos="ADJ">festive </w><w c5="NN1" hw="fall-out" pos="SUBST">fall-out </w><w c5="AV0" hw="usually" pos="ADV">usually </w><w c5="VVG" hw="break" pos="VERB">breaking </w><w c5="AVP" hw="out" pos="ADV">out </w><w c5="AV0" hw="somewhere" pos="ADV">somewhere </w><w c5="PRP" hw="between" pos="PREP">between </w><w c5="AT0" hw="the" pos="ART">the </w><w c5="NN1" hw="queen" pos="SUBST">Queen</w><w c5="POS" hw="'s" pos="UNC">'s </w><w c5="NN1" hw="speech" pos="SUBST">speech </w><w c5="PRP" hw="at" pos="PREP">at </w><w c5="CRD" hw="three" pos="ADJ">three </w><w c5="CJC" hw="and" pos="CONJ">and </w><w c5="AT0" hw="the" pos="ART">the </w><w c5="NN1" hw="christmas" pos="SUBST">Christmas </w><w c5="NN1" hw="cake" pos="SUBST">cake </w><w c5="PRP" hw="at" pos="PREP">at </w><w c5="CRD" hw="five" pos="ADJ">five</w><c c5="PUN">.</c></s>
<s n="64"><w c5="NP0" hw="hhr" pos="SUBST">HHR</w><c c5="PUN">: </c><w c5="CRD" hw="nine" pos="ADJ">nine</w><c c5="PUN">.</c></s></p><p>
<s n="65"><w c5="AT0" hw="the" pos="ART">THE </w><w c5="NN1" hw="enthusiast" pos="SUBST">ENTHUSIAST</w><c c5="PUN">: </c><w c5="AT0" hw="the" pos="ART">The </w><w c5="AJS" hw="big" pos="ADJ">biggest </w><w c5="NN1" hw="bore" pos="SUBST">bore </w><w c5="PRF" hw="of" pos="PREP">of </w><w c5="PNP" hw="they" pos="PRON">them </w><w c5="DT0" hw="all" pos="ADJ">all</w><c c5="PUN">, </c><w c5="CJC" hw="and" pos="CONJ">and</w><c c5="PUN">, </c><w c5="AV0" hw="again" pos="ADV">again</w><c c5="PUN">, </c><w c5="AT0" hw="every" pos="ART">every </w><w c5="NN1" hw="family" pos="SUBST">family </w><w c5="VHZ" hw="have" pos="VERB">has </w><w c5="PNI-CRD" hw="one" pos="PRON">one</w><c c5="PUN">.</c></s>
<s n="66"><w c5="DPS" hw="he" pos="PRON">His </w><w c5="NN1" hw="mission" pos="SUBST">mission </w><w c5="PRP" hw="in" pos="PREP">in </w><w c5="NN1" hw="life" pos="SUBST">life </w><w c5="VBZ" hw="be" pos="VERB">is </w><w c5="TO0" hw="to" pos="PREP">to </w><w c5="VVI" hw="expand" pos="VERB">expand </w><w c5="AT0" hw="the" pos="ART">the </w><w c5="NN2" hw="horizon" pos="SUBST">horizons </w><w c5="PRF" hw="of" pos="PREP">of </w><w c5="DT0" hw="those" pos="ADJ">those </w><w c5="PRP" hw="around" pos="PREP">around </w><w c5="PNP" hw="he" pos="PRON">him</w><c c5="PUN">.</c></s>
<s n="67"><w c5="AT0" hw="the" pos="ART">The </w><w c5="NN1" hw="christmas" pos="SUBST">Christmas </w><w c5="NN1" hw="present" pos="SUBST">present </w><w c5="VVZ" hw="give" pos="VERB">gives </w><w c5="PNP" hw="he" pos="PRON">him </w><w c5="CRD" hw="one" pos="ADJ">one </w><w c5="DT0" hw="more" pos="ADJ">more </w><w c5="NN1" hw="chance" pos="SUBST">chance </w><w c5="TO0" hw="to" pos="PREP">to </w><w c5="VVI" hw="convert" pos="VERB">convert </w><w c5="AT0" hw="the" pos="ART">the </w><w c5="NN1" hw="family" pos="SUBST">family </w><w c5="PRP" hw="to" pos="PREP">to </w><w c5="AT0" hw="the" pos="ART">the </w><w c5="AJ0" hw="alleged" pos="ADJ">alleged </w><w c5="NN2" hw="delight" pos="SUBST">delights </w><w c5="PRF" hw="of" pos="PREP">of </w><w c5="NN1-AJ0" hw="fly" pos="SUBST">fly </w><w c5="NN1" hw="fishing" pos="SUBST">fishing </w><w c5="CJC" hw="or" pos="CONJ">or </w><w c5="AJ0" hw="english" pos="ADJ">English </w><w c5="NN2" hw="cathedral" pos="SUBST">cathedrals </w><w c5="CJC" hw="or" pos="CONJ">or </w><w c5="NN1" hw="war" pos="SUBST">war </w><w c5="NN2" hw="game" pos="SUBST">games </w><c c5="PUN">— </c><w c5="CJC" hw="or" pos="CONJ">or </w><w c5="DTQ" hw="whatever" pos="PRON">whatever </w><w c5="DPS" hw="he" pos="PRON">his </w><w c5="AJ0" hw="confounded" pos="ADJ">confounded </w><w c5="NN1" hw="passion" pos="SUBST">passion </w><w c5="VBZ" hw="be" pos="VERB">is </w><c c5="PUL">(</c><w c5="NP0" hw="oxfam" pos="SUBST">Oxfam </w><w c5="NN2" hw="shop" pos="SUBST">shops</w><c c5="PUN">, </c><w c5="AV0" hw="however" pos="ADV">however</w><c c5="PUN">, </c><w c5="VBB" hw="be" pos="VERB">are </w><w c5="AV0" hw="very" pos="ADV">very </w><w c5="AJ0" hw="grateful" pos="ADJ">grateful </w><w c5="PRP" hw="to" pos="PREP">to </w><w c5="PNP" hw="he" pos="PRON">him</w><c c5="PUR">)</c><c c5="PUN">.</c></s>
<s n="68"><w c5="NP0" hw="hhr" pos="SUBST">HHR</w><c c5="PUN">: </c><w c5="CRD" hw="four" pos="ADJ">four</w><c c5="PUN">.</c></s></p><p>
<s n="69"><w c5="AT0" hw="the" pos="ART">THE </w><w c5="NN1" hw="improver" pos="SUBST">IMPROVER</w><c c5="PUN">: </c><w c5="AT0" hw="the" pos="ART">The </w><w c5="NN2" hw="kid" pos="SUBST">kids </w><w c5="VVB" hw="want" pos="VERB">want </w><w c5="AT0" hw="a" pos="ART">a </w><w c5="NN1" hw="bicycle" pos="SUBST">bicycle </w><w c5="CJC" hw="or" pos="CONJ">or </w><w c5="AT0" hw="the" pos="ART">the </w><w c5="NP0" hw="beano" pos="SUBST">Beano </w><w c5="AJ0-NN1" hw="annual" pos="ADJ">annual </w><w c5="CJC" hw="or" pos="CONJ">or </w><w c5="AT0" hw="the" pos="ART">the </w><w c5="AJS" hw="late" pos="ADJ">latest </w><w c5="NN1" hw="computer" pos="SUBST">computer </w><w c5="NN1" hw="game" pos="SUBST">game</w><c c5="PUN">.</c></s>
<s n="70"><w c5="CJC" hw="but" pos="CONJ">But </w><w c5="AT0" hw="the" pos="ART">the </w><w c5="NN1" hw="improver" pos="SUBST">improver </w><w c5="VBZ" hw="be" pos="VERB">is </w><w c5="PRP" hw="into" pos="PREP">into </w><w c5="AJ0" hw="intellectual" pos="ADJ">intellectual </w><w c5="NN1" hw="nourishment" pos="SUBST">nourishment </w><w c5="PRP" hw="on" pos="PREP">on </w><w c5="AT0" hw="a" pos="ART">a </w><w c5="AJ0" hw="lavish" pos="ADJ">lavish </w><w c5="NN1" hw="scale" pos="SUBST">scale</w><c c5="PUN">.</c></s>
<s n="71"><w c5="AT0" hw="the" pos="ART">The </w><w c5="NN2" hw="kid" pos="SUBST">kids</w><c c5="PUN">, </c><w c5="VVN-AJ0" hw="age" pos="VERB">aged</w><c c5="PUN">, </c><w c5="AV0" hw="typically" pos="ADV">typically</w><c c5="PUN">, </c><w c5="CRD" hw="eight" pos="ADJ">eight </w><w c5="CJC" hw="and" pos="CONJ">and </w><w c5="CRD" hw="nine" pos="ADJ">nine</w><c c5="PUN">, </c><w c5="VBB" hw="be" pos="VERB">are </w><w c5="VVN-AJ0" hw="baffle" pos="VERB">baffled </w><w c5="TO0" hw="to" pos="PREP">to </w><w c5="VVI" hw="receive" pos="VERB">receive </w><w c5="AT0" hw="the" pos="ART">the </w><w c5="AJ0" hw="complete" pos="ADJ">complete </w><w c5="NN0" hw="works" pos="SUBST">works </w><w c5="PRF" hw="of" pos="PREP">of </w><w c5="NP0" hw="shakespeare" pos="SUBST">Shakespeare</w><c c5="PUN">, </c><w c5="AV0" hw="especially" pos="ADV">especially </w><w c5="CJS" hw="when" pos="CONJ">when </w><w c5="PNP" hw="he" pos="PRON">he </w><w c5="VVZ" hw="start" pos="VERB">starts </w><w c5="VVG" hw="recite" pos="VERB">reciting </w><w c5="NP0-NN1" hw="hamlet" pos="SUBST">Hamlet </w><w c5="PRP" hw="over" pos="PREP">over </w><w c5="AT0" hw="the" pos="ART">the </w><w c5="NN1" hw="christmas" pos="SUBST">Christmas </w><w c5="NN1-VVB" hw="pud" pos="SUBST">pud</w><c c5="PUN">.</c></s>
<s n="72"><w c5="NP0" hw="hhr" pos="SUBST">HHR</w><c c5="PUN">: </c><w c5="PNI-CRD" hw="one" pos="PRON">one</w><c c5="PUN">.</c></s></p><p>
<s n="73"><w c5="AT0" hw="the" pos="ART">THE </w><w c5="NN1" hw="image" pos="SUBST">IMAGE </w><w c5="NN1" hw="maker" pos="SUBST">MAKER</w><c c5="PUN">: </c><w c5="NN1" hw="christmas" pos="SUBST">Christmas </w><w c5="VBZ" hw="be" pos="VERB">is </w><w c5="DT0" hw="another" pos="ADJ">another </w><w c5="NN1" hw="opportunity" pos="SUBST">opportunity </w><w c5="TO0" hw="to" pos="PREP">to </w><w c5="VVI" hw="cultivate" pos="VERB">cultivate </w><w c5="NN1" hw="perfection" pos="SUBST">perfection </w><c c5="PUN">— </c><w c5="AT0" hw="the" pos="ART">the </w><w c5="AJ0-NN1" hw="right" pos="ADJ">right </w><w c5="NN1" hw="dress" pos="SUBST">dress</w><c c5="PUN">, </c><w c5="AV0" hw="perfectly" pos="ADV">perfectly </w><w c5="VVN" hw="match" pos="VERB">matched </w><w c5="PRP" hw="with" pos="PREP">with </w><w c5="VVG-AJ0" hw="bewitch" pos="VERB">bewitching </w><w c5="NN2" hw="accessory" pos="SUBST">accessories</w><c c5="PUN">.</c></s>
<s n="74"><w c5="PNP" hw="she" pos="PRON">She </w><w c5="VVZ" hw="want" pos="VERB">wants </w><w c5="TO0" hw="to" pos="PREP">to </w><w c5="VVI" hw="walk" pos="VERB">walk </w><w c5="AVP" hw="out" pos="ADV">out</w><c c5="PUN">, </c><w c5="CJC" hw="but" pos="CONJ">but </w><w c5="VBZ" hw="be" pos="VERB">is </w><w c5="AJ0" hw="afraid" pos="ADJ">afraid </w><w c5="PRF" hw="of" pos="PREP">of </w><c c5="PUQ">‘</c><w c5="AJ0" hw="spoiling" pos="ADJ">spoiling</w><c c5="PUQ">’ </c><w c5="NN1" hw="christmas" pos="SUBST">Christmas </w><w c5="PRP" hw="for" pos="PREP">for </w><w c5="AT0" hw="the" pos="ART">the </w><w c5="NN1" hw="rest" pos="SUBST">rest </w><w c5="PRF" hw="of" pos="PREP">of </w><w c5="AT0" hw="the" pos="ART">the </w><w c5="NN1" hw="family" pos="SUBST">family</w><c c5="PUN">.</c></s>
<s n="75"><w c5="NP0" hw="hhr" pos="SUBST">HHR</w><c c5="PUN">: </c><w c5="CRD" hw="nine" pos="ADJ">nine</w><c c5="PUN">.</c></s></p><p>
<s n="76"><w c5="AT0" hw="the" pos="ART">THE </w><w c5="NN1" hw="duty" pos="SUBST">DUTY </w><w c5="NN1" hw="man" pos="SUBST">MAN</w><c c5="PUN">: </c><w c5="NN2" hw="pants" pos="SUBST">Pants</w><c c5="PUN">, </c><w c5="NN2" hw="sock" pos="SUBST">socks </w><mw c5="AV0"><w c5="UNC" hw="et" pos="UNC">et </w><w c5="UNC" hw="al" pos="UNC">al</w></mw><c c5="PUN">, </c><w c5="PRP" hw="with" pos="PREP">with </w><w c5="AJ0" hw="big" pos="ADJ">big </w><w c5="NN1" hw="christmas" pos="SUBST">Christmas </w><w c5="NN2" hw="bonus" pos="SUBST">bonuses </w><w c5="PRP" hw="for" pos="PREP">for </w><w c5="NP0" hw="m&amp;s" pos="SUBST">M&amp;S</w><c c5="PUN">.</c></s>
<s n="77"><w c5="AT0" hw="the" pos="ART">The </w><w c5="AJ0" hw="functional" pos="ADJ">functional </w><w c5="AV0" hw="never" pos="ADV">never </w><w c5="VVZ" hw="give" pos="VERB">gives </w><w c5="AV0" hw="away" pos="ADV">away </w><w c5="PRP" hw="to" pos="PREP">to </w><w c5="AT0" hw="the" pos="ART">the </w><w c5="AJ0" hw="festive" pos="ADJ">festive</w><c c5="PUN">.</c></s>
<s n="78"><w c5="AV0" hw="invariably" pos="ADV">Invariably </w><w c5="AT0" hw="the" pos="ART">the </w><w c5="NN1" hw="butt" pos="SUBST">butt </w><w c5="PRF" hw="of" pos="PREP">of </w><w c5="AT0" hw="the" pos="ART">the </w><w c5="NN1" hw="family" pos="SUBST">family </w><w c5="NN1" hw="joker" pos="SUBST">joker</w><c c5="PUN">, </c><w c5="PNP" hw="he" pos="PRON">he </w><w c5="VVZ" hw="leave" pos="VERB">leaves </w><w c5="DPS" hw="he" pos="PRON">his </w><w c5="NN1" hw="wife" pos="SUBST">wife </w><w c5="VVG" hw="clamour" pos="VERB">clamouring </w><w c5="PRP" hw="for" pos="PREP">for </w><w c5="AT0" hw="an" pos="ART">an </w><w c5="NN1" hw="image" pos="SUBST">image </w><w c5="NN1" hw="maker" pos="SUBST">maker </w><w c5="PRP" hw="for" pos="PREP">for </w><w c5="AT0" hw="a" pos="ART">a </w><w c5="NN1" hw="husband" pos="SUBST">husband</w><c c5="PUN">.</c></s>
<s n="79"><w c5="NP0" hw="hhr" pos="SUBST">HHR</w><c c5="PUN">: </c><w c5="CRD" hw="six" pos="ADJ">six</w><c c5="PUN">.</c></s></p><p>
<s n="80"><w c5="AT0" hw="the" pos="ART">THE </w><w c5="NN1" hw="reformer" pos="SUBST">REFORMER</w><c c5="PUN">: </c><w c5="NN2" hw="cosmetic" pos="SUBST">Cosmetics </w><w c5="PRP" hw="for" pos="PREP">for </w><w c5="NN0" hw="people" pos="SUBST">people </w><w c5="PRP" hw="with" pos="PREP">with </w><w c5="NN1" hw="skin" pos="SUBST">skin </w><w c5="NN1" hw="trouble" pos="SUBST">trouble</w><c c5="PUN">, </c><w c5="VVZ-NN2" hw="watch" pos="VERB">watches </w><w c5="PRP" hw="for" pos="PREP">for </w><w c5="AJ0" hw="bad" pos="ADJ">bad </w><w c5="NN1" hw="time" pos="SUBST">time </w><w c5="NN2" hw="keeper" pos="SUBST">keepers</w><c c5="PUN">, </c><w c5="AJ0" hw="personal" pos="ADJ">personal </w><w c5="NN2" hw="organiser" pos="SUBST">organisers </w><w c5="PRP" hw="for" pos="PREP">for </w><w c5="AT0" hw="the" pos="ART">the </w><w c5="AJ0" hw="chaotic" pos="ADJ">chaotic </w><c c5="PUN">— </c><w c5="AT0" hw="the" pos="ART">the </w><w c5="NN1" hw="reformer" pos="SUBST">reformer </w><w c5="VBZ" hw="be" pos="VERB">is </w><w c5="AJ0" hw="convinced" pos="ADJ">convinced </w><w c5="CJT" hw="that" pos="CONJ">that </w><w c5="DT0" hw="all" pos="ADJ">all </w><w c5="AT0" hw="the" pos="ART">the </w><w c5="NN2" hw="answer" pos="SUBST">answers </w><w c5="VBB" hw="be" pos="VERB">are </w><w c5="PRP" hw="in" pos="PREP">in </w><w c5="DPS" hw="he" pos="PRON">his </w><w c5="NN2" hw="hand" pos="SUBST">hands</w><c c5="PUN">.</c></s>
<s n="81"><w c5="NP0" hw="hhr" pos="SUBST">HHR</w><c c5="PUN">: </c><w c5="CRD" hw="four" pos="ADJ">four</w><c c5="PUN">.</c></s></p><p>
<s n="82"><w c5="AJ0" hw="macho" pos="ADJ">Macho </w><w c5="NN1" hw="man" pos="SUBST">Man </w><w c5="CJC" hw="and" pos="CONJ">and </w><w c5="AT0" hw="the" pos="ART">The </w><w c5="NP0-NN1" hw="joker" pos="SUBST">Joker</w><c c5="PUN">…</c><w c5="AT0" hw="the" pos="ART">the </w><w c5="NP0" hw="sylvester" pos="SUBST">Sylvester </w><w c5="NP0-NN1" hw="stallone" pos="SUBST">Stallone </w><w c5="CJC" hw="and" pos="CONJ">and </w><w c5="NP0" hw="jack" pos="SUBST">Jack </w><w c5="NP0" hw="nicholson" pos="SUBST">Nicholson </w><w c5="NN2" hw="character" pos="SUBST">characters </w><w c5="VM0" hw="would" pos="VERB">would </w><w c5="VVI" hw="offer" pos="VERB">offer </w><w c5="NN2" hw="gift" pos="SUBST">gifts </w><w c5="AJ0" hw="likely" pos="ADJ">likely </w><w c5="TO0" hw="to" pos="PREP">to </w><w c5="VVI" hw="endanger" pos="VERB">endanger </w><w c5="NN1" hw="health" pos="SUBST">health </w><w c5="AJ0" hw="overnight" pos="ADJ">OVERNIGHT </w><w c5="NN1-VVB" hw="file" pos="SUBST">FILE</w></s></p></div><div level="1" n="22-DEC-89 edition, page "><head>
<s n="83"><w c5="CJS" hw="if" pos="CONJ">If </w><w c5="PNP" hw="we" pos="PRON">we</w><w c5="VBB" hw="be" pos="VERB">'re </w><w c5="XX0" hw="not" pos="ADV">not </w><w c5="AJ0" hw="careful" pos="ADJ">careful </w><w c5="PNP" hw="we" pos="PRON">we </w><w c5="VM0" hw="can" pos="VERB">can </w><w c5="VVI" hw="kiss" pos="VERB">kiss </w><w c5="DT0" hw="this" pos="ADJ">this </w><w c5="NN1" hw="goodbye" pos="SUBST">goodbye </w><w c5="CJT-DT0" hw="mistletoe-that" pos="CONJ">Mistletoe-that </w><w c5="AJ0" hw="old" pos="ADJ">old </w><w c5="NN1" hw="christmas" pos="SUBST">Christmas </w><w c5="VBZ" hw="staple-is" pos="VERB">staple-is </w><w c5="VVG" hw="die" pos="VERB">dying </w><w c5="AVP" hw="out" pos="ADV">out</w><c c5="PUN">.</c></s>
<s n="84"><w c5="NP0" hw="malcolm" pos="SUBST">Malcolm </w><w c5="NP0" hw="smith" pos="SUBST">Smith </w><w c5="VVZ" hw="explain" pos="VERB">explains </w><w c5="AVQ" hw="why" pos="ADV">why</w><c c5="PUN">.</c></s></head><p>
<s n="85"><w c5="VVN" hw="worship" pos="VERB">WORSHIPPED </w><w c5="PRP" hw="by" pos="PREP">by </w><w c5="AT0" hw="the" pos="ART">the </w><w c5="NN2" hw="druid" pos="SUBST">Druids </w><w c5="CJC" hw="and" pos="CONJ">and </w><w c5="VVN-VVD" hw="use" pos="VERB">used </w><w c5="PRP" hw="for" pos="PREP">for </w><w c5="NN2" hw="generation" pos="SUBST">generations </w><w c5="TO0" hw="to" pos="PREP">to </w><w c5="VVI" hw="guarantee" pos="VERB">guarantee </w><w c5="AT0" hw="a" pos="ART">a </w><w c5="NN1" hw="christmas" pos="SUBST">Christmas </w><w c5="NN1-VVB" hw="kiss" pos="SUBST">kiss</w><c c5="PUN">, </c><w c5="VVB-NN1" hw="mistletoe" pos="VERB">mistletoe </w><c c5="PUN">— </c><w c5="AV0" hw="long" pos="ADV">long </w><w c5="AT0" hw="a" pos="ART">a </w><w c5="AJ0" hw="traditional" pos="ADJ">traditional </w><w c5="NN1" hw="part" pos="SUBST">part </w><w c5="PRF" hw="of" pos="PREP">of </w><w c5="AT0" hw="the" pos="ART">the </w><w c5="AJ0" hw="festive" pos="ADJ">festive </w><w c5="NN1" hw="season" pos="SUBST">season </w><c c5="PUN">— </c><w c5="VBZ" hw="be" pos="VERB">is </w><w c5="VVG" hw="die" pos="VERB">dying </w><w c5="AVP" hw="out" pos="ADV">out</w><c c5="PUN">.</c></s>
<s n="86"><w c5="DT0" hw="this" pos="ADJ">This </w><w c5="NN1" hw="year" pos="SUBST">year</w><c c5="PUN">, </c><w c5="AT0" hw="the" pos="ART">the </w><w c5="AJ0" hw="white-berried" pos="ADJ">white-berried </w><w c5="NN2" hw="twig" pos="SUBST">twigs </w><w c5="PRP" hw="with" pos="PREP">with </w><w c5="DPS" hw="they" pos="PRON">their </w><w c5="AJ0" hw="narrow" pos="ADJ">narrow</w><c c5="PUN">, </c><w c5="AJ0" hw="leathery" pos="ADJ">leathery </w><w c5="NN2" hw="leaf" pos="SUBST">leaves </w><w c5="VBB" hw="be" pos="VERB">are </w><w c5="AJC" hw="hard" pos="ADJ">harder </w><w c5="TO0" hw="to" pos="PREP">to </w><w c5="VVI" hw="come" pos="VERB">come </w><w c5="PRP" hw="by" pos="PREP">by </w><w c5="CJC" hw="and" pos="CONJ">and </w><w c5="AV0" hw="more" pos="ADV">more </w><w c5="AJ0" hw="expensive" pos="ADJ">expensive </w><w c5="CJS" hw="than" pos="CONJ">than </w><w c5="AV0" hw="ever" pos="ADV">ever</w><c c5="PUN">.</c></s>
<s n="87"><w c5="CJC" hw="and" pos="CONJ">And </w><w c5="CJS" hw="if" pos="CONJ">if </w><w c5="PNP" hw="you" pos="PRON">you </w><w c5="VDB" hw="do" pos="VERB">do </w><w c5="VVI" hw="buy" pos="VERB">buy </w><w c5="AT0" hw="a" pos="ART">a </w><w c5="NN1" hw="couple" pos="SUBST">couple </w><w c5="PRF" hw="of" pos="PREP">of </w><w c5="AJ0" hw="tiny" pos="ADJ">tiny </w><w c5="NN2" hw="sprig" pos="SUBST">sprigs </w><w c5="PRP" hw="for" pos="PREP">for </w><w c5="NN0" hw="£1" pos="UNC">£1 </w><w c5="PNP" hw="it" pos="PRON">it</w><w c5="VBZ" hw="be" pos="VERB">'s </w><w c5="AJ0" hw="likely" pos="ADJ">likely </w><w c5="TO0" hw="to" pos="PREP">to </w><w c5="VBI" hw="be" pos="VERB">be </w><w c5="AJ0" hw="french" pos="ADJ">French </w><w c5="NN1" hw="mistletoe" pos="SUBST">mistletoe</w><c c5="PUN">.</c></s></p><p>
<s n="88"><w c5="AT0" hw="the" pos="ART">The </w><w c5="NN1" hw="decline" pos="SUBST">decline </w><w c5="PRP" hw="in" pos="PREP">in </w><w c5="AJ0" hw="home-grown" pos="ADJ">home-grown </w><w c5="NN1" hw="mistletoe" pos="SUBST">mistletoe </w><w c5="VBZ" hw="be" pos="VERB">is </w><w c5="AT0" hw="the" pos="ART">the </w><w c5="AJ0" hw="direct" pos="ADJ">direct </w><w c5="NN1" hw="result" pos="SUBST">result </w><w c5="PRF" hw="of" pos="PREP">of </w><w c5="AT0" hw="the" pos="ART">the </w><w c5="AJ0" hw="continuing" pos="ADJ">continuing </w><w c5="NN1" hw="loss" pos="SUBST">loss </w><w c5="PRF" hw="of" pos="PREP">of </w><w c5="AV0" hw="yet" pos="ADV">yet </w><w c5="DT0" hw="another" pos="ADJ">another </w><w c5="AJ0" hw="typical" pos="ADJ">typical </w><w c5="NN1" hw="feature" pos="SUBST">feature </w><w c5="PRF" hw="of" pos="PREP">of </w><w c5="AT0" hw="the" pos="ART">the </w><w c5="AJ0-NN1" hw="english" pos="ADJ">English </w><w c5="NN1" hw="countryside" pos="SUBST">countryside</w><c c5="PUN">, </c><w c5="AT0" hw="the" pos="ART">the </w><w c5="NN1" hw="apple" pos="SUBST">apple </w><w c5="NN1" hw="orchard" pos="SUBST">orchard</w><c c5="PUN">.</c></s>
<s n="89"><w c5="NN1-NP0" hw="mistletoe" pos="SUBST">Mistletoe </w><w c5="VVZ" hw="grow" pos="VERB">grows </w><w c5="PRP" hw="on" pos="PREP">on </w><w c5="AJ0" hw="old" pos="ADJ">old </w><w c5="NN1" hw="tree" pos="SUBST">tree </w><w c5="NN2" hw="branch" pos="SUBST">branches</w><c c5="PUN">, </c><w c5="VVG" hw="prefer" pos="VERB">preferring </w><w c5="AT0" hw="the" pos="ART">the </w><w c5="AJ0" hw="rugged" pos="ADJ">rugged </w><w c5="NN1" hw="bark" pos="SUBST">bark </w><w c5="PRF" hw="of" pos="PREP">of </w><w c5="NN1" hw="apple" pos="SUBST">apple </w><w c5="NN2" hw="tree" pos="SUBST">trees </w><w c5="CJC" hw="but" pos="CONJ">but </w><w c5="AV0" hw="also" pos="ADV">also </w><w c5="NN2" hw="poplar" pos="SUBST">poplars</w><c c5="PUN">, </c><w c5="NN2" hw="lime" pos="SUBST">limes </w><w c5="CJC" hw="and" pos="CONJ">and</w><c c5="PUN">, </c><w c5="AV0" hw="occasionally" pos="ADV">occasionally</w><c c5="PUN">, </c><w c5="NN1" hw="hedgerow" pos="SUBST">hedgerow </w><w c5="NN2" hw="hawthorn" pos="SUBST">hawthorns</w><c c5="PUN">.</c></s>
<s n="90"><w c5="NN2" hw="conifer" pos="SUBST">Conifers </w><w c5="PNP" hw="it" pos="PRON">it </w><w c5="VVZ" hw="detest" pos="VERB">detests</w><c c5="PUN">.</c></s></p><p>
<s n="91"><w c5="NN1" hw="apple" pos="SUBST">Apple </w><w c5="NN2" hw="tree" pos="SUBST">trees </w><w c5="VBB" hw="be" pos="VERB">are </w><w c5="DPS" hw="it" pos="PRON">its </w><w c5="NN1" hw="bread" pos="SUBST">bread </w><w c5="CJC" hw="and" pos="CONJ">and </w><w c5="NN1" hw="butter" pos="SUBST">butter </w><w c5="PRP" hw="in" pos="PREP">in </w><w c5="NP0" hw="britain" pos="SUBST">Britain </w><w c5="CJC" hw="but" pos="CONJ">but </w><w c5="VVB" hw="mistletoe" pos="VERB">mistletoe </w><w c5="AV0" hw="clearly" pos="ADV">clearly </w><w c5="VHZ" hw="have" pos="VERB">has </w><w c5="AT0" hw="no" pos="ART">no </w><w c5="NN1" hw="meal" pos="SUBST">meal </w><w c5="NN1" hw="ticket" pos="SUBST">ticket</w><c c5="PUN">.</c></s>
<s n="92"><w c5="PRP" hw="in" pos="PREP">In </w><w c5="CRD" hw="1957" pos="ADJ">1957</w><c c5="PUN">, </c><w c5="NP0" hw="england" pos="SUBST">England </w><w c5="VHD" hw="have" pos="VERB">had </w><w c5="CRD" hw="26,000" pos="ADJ">26,000 </w><w c5="NN2" hw="hectare" pos="SUBST">hectares </w><w c5="PRF" hw="of" pos="PREP">of </w><w c5="NN1" hw="dessert" pos="SUBST">dessert </w><w c5="NN1" hw="apple" pos="SUBST">apple </w><w c5="NN2" hw="orchard" pos="SUBST">orchards</w><c c5="PUN">.</c></s>
<s n="93"><w c5="AV0" hw="now" pos="ADV">Now</w><c c5="PUN">, </c><w c5="DT0" hw="fewer" pos="ADJ">fewer </w><w c5="CJS" hw="than" pos="CONJ">than </w><w c5="CRD" hw="14,000" pos="ADJ">14,000 </w><w c5="NN2" hw="hectare" pos="SUBST">hectares </w><w c5="VVB" hw="remain" pos="VERB">remain</w><c c5="PUN">.</c></s>
<s n="94"><w c5="DT0" hw="many" pos="ADJ">Many </w><w c5="PRF" hw="of" pos="PREP">of </w><w c5="DT0" hw="these" pos="ADJ">these </w><w c5="NN2" hw="survivor" pos="SUBST">survivors </w><w c5="VBB" hw="be" pos="VERB">are </w><w c5="XX0" hw="not" pos="ADV">not </w><w c5="AJ0" hw="traditional" pos="ADJ">traditional </w><w c5="NN1" hw="tree" pos="SUBST">tree </w><w c5="NN2" hw="orchard" pos="SUBST">orchards </w><mw c5="AV0"><w c5="PRP" hw="at" pos="PREP">at </w><w c5="DT0" hw="all" pos="ADJ">all</w></mw><c c5="PUN">, </c><w c5="CJC" hw="but" pos="CONJ">but </w><w c5="NN1" hw="bush" pos="SUBST">bush </w><w c5="NN2" hw="variety" pos="SUBST">varieties </w><w c5="PRP" hw="on" pos="PREP">on </w><w c5="DTQ" hw="which" pos="PRON">which </w><w c5="VVB-NN1" hw="mistletoe" pos="VERB">mistletoe </w><w c5="VBZ" hw="be" pos="VERB">is </w><w c5="AJ0" hw="incapable" pos="ADJ">incapable </w><w c5="PRF" hw="of" pos="PREP">of </w><w c5="VVG" hw="gain" pos="VERB">gaining </w><w c5="AT0" hw="a" pos="ART">a </w><w c5="NN1" hw="foothold" pos="SUBST">foothold</w><c c5="PUN">.</c></s>
<s n="95"><w c5="NN1" hw="cider" pos="SUBST">Cider </w><w c5="CJC" hw="and" pos="CONJ">and </w><w c5="AJ0" hw="culinary" pos="ADJ">culinary </w><w c5="NN1" hw="apple" pos="SUBST">apple </w><w c5="NN2" hw="orchard" pos="SUBST">orchards </w><w c5="VHB" hw="have" pos="VERB">have </w><w c5="VVN" hw="go" pos="VERB">gone </w><w c5="AT0" hw="the" pos="ART">the </w><w c5="DT0" hw="same" pos="ADJ">same </w><w c5="NN1" hw="way" pos="SUBST">way</w><c c5="PUN">, </c><w c5="DT0" hw="all" pos="ADJ">all </w><w c5="VVD-VVN" hw="help" pos="VERB">helped </w><w c5="AVP" hw="along" pos="ADV">along </w><w c5="PRP" hw="until" pos="PREP">until </w><w c5="AT0" hw="a" pos="ART">a </w><w c5="DT0" hw="few" pos="ADJ">few </w><w c5="NN2" hw="year" pos="SUBST">years </w><w c5="AV0" hw="ago" pos="ADV">ago </w><w c5="PRP" hw="by" pos="PREP">by </w><w c5="NN1" hw="government" pos="SUBST">government </w><w c5="VVZ-NN2" hw="grant" pos="VERB">grants </w><w c5="PRP" hw="to" pos="PREP">to </w><w c5="NN1" hw="grub" pos="SUBST">grub </w><w c5="PRP-AVP" hw="up" pos="PREP">up </w><w c5="AT0" hw="the" pos="ART">the </w><w c5="AJ0" hw="old" pos="ADJ">old </w><w c5="NN2" hw="tree" pos="SUBST">trees </w><w c5="CJC" hw="and" pos="CONJ">and </w><w c5="VVB" hw="replace" pos="VERB">replace </w><w c5="PNP" hw="they" pos="PRON">them </w><w c5="PRP" hw="with" pos="PREP">with </w><w c5="AJ0" hw="easy" pos="ADJ">easy </w><w c5="TO0" hw="to" pos="PREP">to </w><w c5="VVI" hw="spray" pos="VERB">spray</w><c c5="PUN">, </c><w c5="VVI" hw="prune" pos="VERB">prune </w><w c5="CJC" hw="and" pos="CONJ">and </w><w c5="VVI" hw="pick" pos="VERB">pick </w><w c5="NN1" hw="bush" pos="SUBST">bush </w><w c5="NN2" hw="type" pos="SUBST">types</w><c c5="PUN">.</c></s></p><p>
<s n="96"><w c5="AT0" hw="a" pos="ART">A </w><w c5="AJ0" hw="partial" pos="ADJ">partial </w><w c5="NN1" hw="parasite" pos="SUBST">parasite</w><c c5="PUN">, </c><w c5="NN1-VVB" hw="mistletoe" pos="SUBST">mistletoe </w><w c5="VVZ" hw="rely" pos="VERB">relies </w><w c5="PRP" hw="on" pos="PREP">on </w><w c5="NN2" hw="bird" pos="SUBST">birds </w><mw c5="PRP"><w c5="DT0" hw="such" pos="ADJ">such </w><w c5="PRP" hw="as" pos="PREP">as </w></mw><w c5="NN2" hw="thrush" pos="SUBST">thrushes </w><w c5="VVG" hw="eat" pos="VERB">eating </w><w c5="DPS" hw="it" pos="PRON">its </w><w c5="AJ0" hw="oily" pos="ADJ">oily </w><w c5="NN2" hw="berry" pos="SUBST">berries </w><w c5="CJC" hw="and" pos="CONJ">and </w><w c5="VVG" hw="drop" pos="VERB">dropping </w><w c5="AT0" hw="the" pos="ART">the </w><w c5="NN2" hw="seed" pos="SUBST">seeds </w><w c5="AVP" hw="out" pos="ADV">out </w><w c5="PRP" hw="at" pos="PREP">at </w><w c5="AT0" hw="the" pos="ART">the </w><w c5="AJ0" hw="other" pos="ADJ">other </w><w c5="NN1" hw="end" pos="SUBST">end </w><mw c5="PRP"><w c5="AVP" hw="on" pos="ADV">on </w><w c5="PRP" hw="to" pos="PREP">to </w></mw><w c5="AT0" hw="the" pos="ART">the </w><w c5="NN2" hw="branch" pos="SUBST">branches </w><w c5="PRF" hw="of" pos="PREP">of </w><w c5="NN2" hw="tree" pos="SUBST">trees </w><w c5="CJS-AVQ" hw="where" pos="CONJ">where </w><w c5="PNP" hw="they" pos="PRON">they </w><w c5="VVB" hw="perch" pos="VERB">perch</w><c c5="PUN">.</c></s>
<s n="97"><w c5="CJS" hw="if" pos="CONJ">If </w><w c5="PNP" hw="it" pos="PRON">it </w><w c5="VVZ" hw="end" pos="VERB">ends </w><w c5="AVP" hw="up" pos="ADV">up </w><w c5="PRP" hw="in" pos="PREP">in </w><w c5="AT0" hw="a" pos="ART">a </w><w c5="NN1" hw="bark" pos="SUBST">bark </w><w c5="NN1" hw="crevice" pos="SUBST">crevice</w><c c5="PUN">, </c><w c5="AT0" hw="the" pos="ART">the </w><w c5="NN1" hw="seed" pos="SUBST">seed </w><w c5="VM0" hw="may" pos="VERB">may </w><w c5="VVI" hw="germinate" pos="VERB">germinate </w><w c5="CJC" hw="and" pos="CONJ">and </w><w c5="VVI" hw="penetrate" pos="VERB">penetrate </w><w c5="AT0" hw="the" pos="ART">the </w><w c5="NN1" hw="tree" pos="SUBST">tree</w><c c5="PUN">.</c></s>
<s n="98"><w c5="AT0" hw="the" pos="ART">The </w><w c5="AJ0" hw="growing" pos="ADJ">growing </w><w c5="NN1" hw="plant" pos="SUBST">plant </w><w c5="AV0" hw="partly" pos="ADV">partly </w><w c5="VVZ" hw="rely" pos="VERB">relies </w><w c5="PRP" hw="on" pos="PREP">on </w><w c5="AT0" hw="the" pos="ART">the </w><w c5="NN1" hw="host" pos="SUBST">host </w><w c5="NN1" hw="tree" pos="SUBST">tree </w><w c5="PRP" hw="for" pos="PREP">for </w><w c5="NN2" hw="nutrient" pos="SUBST">nutrients </w><w c5="CJC" hw="but" pos="CONJ">but </w><w c5="PNP" hw="it" pos="PRON">it </w><w c5="AV0" hw="also" pos="ADV">also </w><w c5="VVZ" hw="make" pos="VERB">makes </w><w c5="DPS" hw="it" pos="PRON">its </w><w c5="DT0" hw="own" pos="ADJ">own </w><w c5="PRP" hw="by" pos="PREP">by </w><w c5="AT0" hw="the" pos="ART">the </w><w c5="AJ0" hw="usual" pos="ADJ">usual </w><w c5="NN1" hw="photosynthesis" pos="SUBST">photosynthesis</w><c c5="PUN">.</c></s>
<s n="99"><w c5="AJ0" hw="evergreen" pos="ADJ">Evergreen </w><w c5="NN1" hw="mistletoe" pos="SUBST">mistletoe </w><w c5="NN2" hw="stem" pos="SUBST">stems </w><w c5="VM0" hw="can" pos="VERB">can </w><w c5="VBI" hw="be" pos="VERB">be </w><w c5="AT0" hw="a" pos="ART">a </w><w c5="NN1" hw="metre" pos="SUBST">metre </w><w c5="CJC" hw="or" pos="CONJ">or </w><w c5="AV0" hw="so" pos="ADV">so </w><w c5="AV0-AJ0" hw="long" pos="ADV">long</w><c c5="PUN">.</c></s></p><p>
<s n="100"><w c5="NN1-NP0" hw="mistletoe" pos="SUBST">Mistletoe </w><w c5="VBD" hw="be" pos="VERB">was </w><w c5="AV0" hw="once" pos="ADV">once </w><w c5="AV0" hw="quite" pos="ADV">quite </w><w c5="AJ0" hw="common" pos="ADJ">common </w><c c5="PUN">— </c><w c5="CJS" hw="as" pos="CONJ">as </w><w c5="VBD" hw="be" pos="VERB">were </w><w c5="NN1" hw="apple" pos="SUBST">apple </w><w c5="NN1" hw="tree" pos="SUBST">tree </w><w c5="NN2" hw="orchard" pos="SUBST">orchards </w><c c5="PUN">— </c><w c5="PRP" hw="in" pos="PREP">in </w><w c5="AJ0" hw="eastern" pos="ADJ">eastern </w><w c5="CJC" hw="and" pos="CONJ">and </w><w c5="AJ0" hw="southern" pos="ADJ">southern </w><w c5="NP0" hw="england" pos="SUBST">England</w><c c5="PUN">, </c><w c5="AT0" hw="the" pos="ART">the </w><w c5="NN1" hw="south-west" pos="SUBST">south-west </w><w c5="CJC" hw="and" pos="CONJ">and </w><w c5="NN2" hw="part" pos="SUBST">parts </w><w c5="PRF" hw="of" pos="PREP">of </w><w c5="AT0" hw="the" pos="ART">the </w><w c5="NP0" hw="midlands" pos="SUBST">Midlands</w><c c5="PUN">.</c></s>
<s n="101"><w c5="PNP" hw="it" pos="PRON">It </w><w c5="VHZ" hw="have" pos="VERB">has </w><w c5="AV0" hw="always" pos="ADV">always </w><w c5="VBN" hw="be" pos="VERB">been </w><w c5="AJ0" hw="absent" pos="ADJ">absent </w><w c5="PRP" hw="from" pos="PREP">from </w><w c5="NP0" hw="scotland" pos="SUBST">Scotland </w><w c5="CJC" hw="and" pos="CONJ">and </w><w c5="NP0" hw="ireland" pos="SUBST">Ireland</w><c c5="PUN">.</c></s></p><p>
<s n="102"><w c5="DPS" hw="it" pos="PRON">Its </w><w c5="NN1" hw="decline" pos="SUBST">decline </w><w c5="VVZ" hw="explain" pos="VERB">explains </w><w c5="AVQ" hw="why" pos="ADV">why </w><w c5="AT0" hw="the" pos="ART">the </w><w c5="AJ0" hw="wholesale" pos="ADJ">wholesale </w><w c5="NN1" hw="price" pos="SUBST">price </w><w c5="PRF" hw="of" pos="PREP">of </w><w c5="NN1" hw="mistletoe" pos="SUBST">mistletoe </w><w c5="VHZ" hw="have" pos="VERB">has </w><w c5="VVN" hw="go" pos="VERB">gone </w><w c5="AVP-PRP" hw="up" pos="ADV">up </w><w c5="DT0" hw="this" pos="ADJ">this </w><w c5="NN1" hw="year" pos="SUBST">year </w><w c5="PRP" hw="by" pos="PREP">by </w><w c5="AV0" hw="as" pos="ADV">as </w><w c5="DT0" hw="much" pos="ADJ">much </w><w c5="CJS" hw="as" pos="CONJ">as </w><w c5="NN0" hw="£15" pos="UNC">£15 </w><w c5="AT0" hw="a" pos="ART">a </w><w c5="NN1" hw="hundredweight" pos="SUBST">hundredweight </w><w c5="PRP" hw="at" pos="PREP">at </w><w c5="NP0" hw="england" pos="SUBST">England</w><w c5="POS" hw="'s" pos="UNC">'s </w><w c5="AJS" hw="large" pos="ADJ">largest </w><w c5="NN1" hw="market" pos="SUBST">market </w><c c5="PUN">— </c><w c5="NP0" hw="tenbury" pos="SUBST">Tenbury </w><w c5="NP0" hw="wells" pos="SUBST">Wells </w><w c5="PRP" hw="in" pos="PREP">in </w><w c5="NP0" hw="herefordshire" pos="SUBST">Herefordshire</w><c c5="PUN">.</c></s>
<s n="103"><w c5="NP0" hw="nick" pos="SUBST">Nick </w><w c5="NN1" hw="champion" pos="SUBST">Champion </w><w c5="PRF" hw="of" pos="PREP">of </w><w c5="NP0" hw="russell" pos="SUBST">Russell</w><c c5="PUN">, </c><w c5="NP0" hw="baldwin" pos="SUBST">Baldwin </w><w c5="CJC" hw="and" pos="CONJ">and </w><w c5="AJ0" hw="bright" pos="ADJ">Bright </w><w c5="NN2" hw="market" pos="SUBST">Markets</w><c c5="PUN">, </c><w c5="PNQ" hw="who" pos="PRON">who </w><w c5="VVB" hw="run" pos="VERB">run </w><w c5="PNP" hw="it" pos="PRON">it </w><w c5="PRP" hw="on" pos="PREP">on </w><w c5="AT0" hw="the" pos="ART">the </w><w c5="CRD" hw="four" pos="ADJ">four </w><w c5="NN2" hw="tuesday" pos="SUBST">Tuesdays </w><mw c5="PRP"><w c5="AJ0" hw="prior" pos="ADJ">prior </w><w c5="PRP" hw="to" pos="PREP">to </w></mw><w c5="NN1" hw="christmas" pos="SUBST">Christmas </w><w c5="CJC" hw="and" pos="CONJ">and </w><w c5="VVB" hw="sell" pos="VERB">sell </w><w c5="DT0" hw="several" pos="ADJ">several </w><w c5="NN2" hw="ton" pos="SUBST">tons </w><w c5="AT0" hw="a" pos="ART">a </w><w c5="NN1" hw="year" pos="SUBST">year</w><c c5="PUN">, </c><w c5="VVZ" hw="say" pos="VERB">says </w><w c5="NN2" hw="dealer" pos="SUBST">dealers </w><w c5="VBB" hw="be" pos="VERB">are </w><w c5="VHG" hw="have" pos="VERB">having </w><w c5="TO0" hw="to" pos="PREP">to </w><w c5="VVI" hw="travel" pos="VERB">travel </w><w c5="AV0" hw="far" pos="ADV">far </w><w c5="AV0" hw="afield" pos="ADV">afield </w><w c5="TO0" hw="to" pos="PREP">to </w><w c5="VVI" hw="collect" pos="VERB">collect </w><w c5="NN1-VVB" hw="mistletoe" pos="SUBST">mistletoe </w><w c5="TO0" hw="to" pos="PREP">to </w><w c5="VVI" hw="sell" pos="VERB">sell </w><w c5="PRP" hw="at" pos="PREP">at </w><w c5="NP0" hw="tenbury" pos="SUBST">Tenbury</w><c c5="PUN">.</c></s>
<s n="104"><w c5="AV0" hw="once" pos="ADV">Once</w><c c5="PUN">, </c><w c5="PNP" hw="they" pos="PRON">they </w><w c5="VM0" hw="could" pos="VERB">could </w><w c5="VVI" hw="gather" pos="VERB">gather </w><w c5="DT0" hw="all" pos="ADJ">all </w><w c5="PNP" hw="they" pos="PRON">they </w><w c5="VVD" hw="need" pos="VERB">needed </w><w c5="PRP" hw="from" pos="PREP">from </w><w c5="NN2" hw="orchard" pos="SUBST">orchards </w><w c5="PRP" hw="in" pos="PREP">in </w><w c5="NP0" hw="shropshire" pos="SUBST">Shropshire</w><c c5="PUN">, </c><w c5="NP0" hw="herefordshire" pos="SUBST">Herefordshire </w><w c5="CJC" hw="and" pos="CONJ">and </w><w c5="NP0" hw="worcestershire" pos="SUBST">Worcestershire</w><c c5="PUN">.</c></s>
<s n="105"><w c5="VVG" hw="scour" pos="VERB">Scouring </w><w c5="AT0" hw="the" pos="ART">the </w><w c5="NN1" hw="countryside" pos="SUBST">countryside </w><w c5="VBZ" hw="be" pos="VERB">is </w><w c5="VVN" hw="bind" pos="VERB">bound </w><w c5="TO0" hw="to" pos="PREP">to </w><w c5="VVI" hw="deplete" pos="VERB">deplete </w><w c5="PNP" hw="it" pos="PRON">it </w><w c5="AV0" hw="even" pos="ADV">even </w><w c5="AV0" hw="further/far" pos="ADV">further</w><c c5="PUN">.</c></s>
<s n="106"><w c5="PRP" hw="from" pos="PREP">From </w><w c5="NP0" hw="tenbury" pos="SUBST">Tenbury </w><w c5="NP0" hw="wells" pos="SUBST">Wells </w><w c5="NN1" hw="market" pos="SUBST">market</w><c c5="PUN">, </c><w c5="NN1-VVB" hw="mistletoe" pos="SUBST">mistletoe </w><w c5="VBZ" hw="be" pos="VERB">is </w><w c5="VVN" hw="sell" pos="VERB">sold </w><mw c5="PRP"><w c5="AVP" hw="on" pos="ADV">on </w><w c5="PRP" hw="to" pos="PREP">to </w></mw><w c5="AJ0" hw="other" pos="ADJ">other </w><w c5="NN2" hw="market" pos="SUBST">markets </w><w c5="AV0" hw="all" pos="ADV">all </w><w c5="PRP" hw="over" pos="PREP">over </w><w c5="NP0" hw="britain" pos="SUBST">Britain</w><c c5="PUN">.</c></s></p><p>
<s n="107"><w c5="AJ0" hw="french" pos="ADJ">French </w><w c5="NN1" hw="mistletoe" pos="SUBST">mistletoe </w><w c5="VBZ" hw="be" pos="VERB">is </w><w c5="VVG" hw="make" pos="VERB">making </w><w c5="AJ0" hw="big" pos="ADJ">big </w><w c5="NN2" hw="inroad" pos="SUBST">inroads</w><c c5="PUN">.</c></s>
<s n="108"><w c5="NP0" hw="covent" pos="SUBST">Covent </w><w c5="NP0" hw="garden" pos="SUBST">Garden </w><w c5="VVZ" hw="deal" pos="VERB">deals </w><w c5="PRP" hw="in" pos="PREP">in </w><w c5="PNP" hw="it" pos="PRON">it</w><c c5="PUN">, </c><w c5="CJS" hw="as" pos="CONJ">as </w><w c5="VDB" hw="do" pos="VERB">do </w><w c5="DT0" hw="many" pos="ADJ">many </w><w c5="AJ0" hw="provincial" pos="ADJ">provincial </w><w c5="AJ0" hw="wholesale" pos="ADJ">wholesale </w><w c5="NN2" hw="market" pos="SUBST">markets</w><c c5="PUN">.</c></s>
<s n="109"><w c5="CJC" hw="but" pos="CONJ">But </w><w c5="NN1" hw="nurseryman" pos="SUBST">nurseryman </w><w c5="NP0" hw="peter" pos="SUBST">Peter </w><w c5="NP0" hw="summers" pos="SUBST">Summers </w><w c5="PRF" hw="of" pos="PREP">of </w><w c5="NP0-NN1" hw="teme" pos="SUBST">Teme </w><w c5="NN1-NP0" hw="valley" pos="SUBST">Valley </w><w c5="NN1" hw="nursery" pos="SUBST">Nursery </w><w c5="PRP" hw="at" pos="PREP">at </w><w c5="NP0" hw="tenbury" pos="SUBST">Tenbury </w><w c5="VVZ" hw="reckon" pos="VERB">reckons </w><w c5="CJT" hw="that" pos="CONJ">that </w><w c5="AT0" hw="the" pos="ART">the </w><w c5="AJ0-NN1" hw="english" pos="ADJ">English </w><w c5="NN1" hw="variety" pos="SUBST">variety </w><w c5="VBZ" hw="be" pos="VERB">is </w><w c5="AV0-AJ0" hw="far" pos="ADV">far </w><w c5="AJ0-NN1" hw="superior" pos="ADJ">superior</w><c c5="PUN">.</c></s>
<s n="110"><c c5="PUQ">‘</c><w c5="AT0" hw="the" pos="ART">The </w><w c5="AJ0-NN1" hw="french" pos="ADJ">French </w><w c5="NN1" hw="mistletoe" pos="SUBST">mistletoe </w><c c5="PUL">(</c><w c5="AV0" hw="exactly" pos="ADV">exactly </w><w c5="AT0" hw="the" pos="ART">the </w><w c5="DT0" hw="same" pos="ADJ">same </w><w c5="NN0" hw="species" pos="SUBST">species</w><c c5="PUR">) </c><w c5="VBZ" hw="be" pos="VERB">is </w><w c5="VVN" hw="cut" pos="VERB">cut </w><w c5="AV0" hw="early" pos="ADV">earlier </w><w c5="CJC" hw="and" pos="CONJ">and </w><w c5="VVZ" hw="dry" pos="VERB">dries </w><w c5="AVP" hw="out" pos="ADV">out </w><w c5="AV0" hw="more" pos="ADV">more </w><mw c5="PRP"><w c5="CJS" hw="because" pos="CONJ">because </w><w c5="PRF" hw="of" pos="PREP">of </w></mw><w c5="AT0" hw="the" pos="ART">the </w><w c5="NN1" hw="distance" pos="SUBST">distance </w><w c5="PNP" hw="it" pos="PRON">it </w><w c5="VVZ" hw="come" pos="VERB">comes</w><c c5="PUN">,</c><c c5="PUQ">’ </c><w c5="PNP" hw="he" pos="PRON">he </w><w c5="VVZ" hw="say" pos="VERB">says</w><c c5="PUN">.</c></s>
<s n="111"><c c5="PUQ">‘</c><w c5="DT0" hw="that" pos="ADJ">That </w><w c5="VBZ" hw="be" pos="VERB">is </w><w c5="AVQ" hw="why" pos="ADV">why </w><w c5="AT0" hw="the" pos="ART">the </w><w c5="NN2" hw="berry" pos="SUBST">berries </w><w c5="VVB" hw="drop" pos="VERB">drop </w><w c5="AVP" hw="off" pos="ADV">off </w><w c5="AV0" hw="sooner" pos="ADV">sooner</w><c c5="PUN">.</c><c c5="PUQ">’</c></s></p><p>
<s n="112"><w c5="AT0" hw="the" pos="ART">The </w><w c5="NN1" hw="french" pos="SUBST">French</w><c c5="PUN">, </c><w c5="AV0" hw="though" pos="ADV">though</w><c c5="PUN">, </c><w c5="VHB" hw="have" pos="VERB">have </w><w c5="VVN" hw="retain" pos="VERB">retained </w><w c5="AV0" hw="far" pos="ADV">far </w><w c5="DT0" hw="more" pos="ADJ">more </w><w c5="PRF" hw="of" pos="PREP">of </w><w c5="DPS" hw="they" pos="PRON">their </w><w c5="NN1" hw="apple" pos="SUBST">apple </w><w c5="NN2" hw="orchard" pos="SUBST">orchards</w><c c5="PUN">.</c></s>
<s n="113"><w c5="CJC" hw="and" pos="CONJ">And </w><w c5="NP0" hw="napoleon" pos="SUBST">Napoleon </w><w c5="VVD" hw="start" pos="VERB">started </w><w c5="AT0" hw="a" pos="ART">a </w><w c5="AJ0" hw="useful" pos="ADJ">useful </w><w c5="NN1" hw="trend" pos="SUBST">trend </w><w c5="PRP" hw="in" pos="PREP">in </w><w c5="VVG-NN1" hw="plant" pos="VERB">planting </w><w c5="NN2" hw="poplar" pos="SUBST">poplars </w><w c5="PRP" hw="along" pos="PREP">along </w><w c5="AJ0-NN1" hw="french" pos="ADJ">French </w><w c5="NN2" hw="roadside" pos="SUBST">roadsides </w><w c5="TO0" hw="to" pos="PREP">to </w><w c5="VVI" hw="shade" pos="VERB">shade </w><w c5="DPS" hw="he" pos="PRON">his </w><w c5="NN2" hw="soldier" pos="SUBST">soldiers </w><w c5="PRP" hw="from" pos="PREP">from </w><w c5="AT0" hw="the" pos="ART">the </w><w c5="NN1" hw="midday" pos="SUBST">midday </w><w c5="NN1" hw="heat" pos="SUBST">heat</w><c c5="PUN">.</c></s>
<s n="114"><w c5="CJS" hw="unless" pos="CONJ">Unless</w><c c5="PUN">, </c><mw c5="AV0"><w c5="DT0" hw="that" pos="ADJ">that </w><w c5="VBZ" hw="be" pos="VERB">is</w></mw><c c5="PUN">, </c><w c5="DPS" hw="he" pos="PRON">his </w><w c5="NN1" hw="motive" pos="SUBST">motive </w><w c5="VBD" hw="be" pos="VERB">was </w><w c5="TO0" hw="to" pos="PREP">to </w><w c5="VVI" hw="supply" pos="VERB">supply </w><w c5="AT0" hw="the" pos="ART">the </w><w c5="NN0" hw="infantry" pos="SUBST">infantry </w><w c5="PRP" hw="with" pos="PREP">with </w><w c5="NN2" hw="sprig" pos="SUBST">sprigs </w><w c5="PRF" hw="of" pos="PREP">of </w><w c5="NN1-VVB" hw="mistletoe" pos="SUBST">mistletoe </w><w c5="TO0" hw="to" pos="PREP">to </w><w c5="VVI" hw="give" pos="VERB">give </w><w c5="PRP" hw="to" pos="PREP">to </w><w c5="DPS" hw="they" pos="PRON">their </w><w c5="NN2" hw="sweetheart" pos="SUBST">sweethearts </w><w c5="PRP" hw="at" pos="PREP">at </w><w c5="NN1" hw="christmas" pos="SUBST">Christmas</w><c c5="PUN">.</c></s></p><p>
<s n="115"><w c5="AJ0" hw="overnight" pos="ADJ">OVERNIGHT </w><w c5="NN1-VVB" hw="file" pos="SUBST">FILE </w><w c5="NN1" hw="page" pos="SUBST">PAGE </w><w c5="NN2" hw="sci" pos="SUBST">sci</w></s></p></div></wtext></bncDoc>
