<bncDoc xml:id="K38"><teiHeader><fileDesc><titleStmt><title>  Liverpool Daily Post and Echo: Religious affairs stories. Sample containing about 1250 words from a periodical (domain: belief and thought) </title><respStmt><resp> Data capture and transcription </resp><name> Oxford University Press </name> </respStmt></titleStmt><editionStmt><edition>BNC XML Edition, December 2006</edition></editionStmt><extent> 1250 tokens; 1261 w-units; 78 s-units </extent><publicationStmt><distributor>Distributed under licence by Oxford University Computing Services on behalf of the BNC Consortium.</distributor><availability> This material is protected by international copyright laws and may not be copied or redistributed in any way. Consult the BNC Web Site at http://www.natcorp.ox.ac.uk for full licencing and distribution conditions.</availability><idno type="bnc">K38</idno><idno type="old"> LaBeli </idno></publicationStmt><sourceDesc><bibl><title>Liverpool Daily Post and Echo: Religious affairs stories.</title> <imprint><publisher>u.p.</publisher> </imprint> </bibl></sourceDesc></fileDesc><encodingDesc><tagsDecl><namespace name=""><tagUsage gi="c" occurs="117"/><tagUsage gi="div" occurs="11"/><tagUsage gi="gap" occurs="21"/><tagUsage gi="head" occurs="12"/><tagUsage gi="mw" occurs="10"/><tagUsage gi="p" occurs="59"/><tagUsage gi="s" occurs="78"/><tagUsage gi="w" occurs="1261"/></namespace></tagsDecl></encodingDesc><profileDesc><creation date="0000">0000-00-00 Origination/creation date not known </creation><textClass><catRef targets="alltim3 news  wriase0  wridom8   wrista0 "/><classCode scheme="DLEE">W newsp other: social</classCode><keywords><term> (none) </term></keywords></textClass></profileDesc><revisionDesc><change date="2006-10-21" who="#OUCS">Tag usage updated for BNC-XML</change><change date="2000-12-13" who="#OUCS">Last check for BNC World first release</change><change date="2000-09-01" who="#OUCS">Check all tagcounts</change><change date="2000-06-23" who="#OUCS">Resequenced s-units and added headers</change><change date="2000-01-21" who="#OUCS">Added date info</change><change date="2000-01-09" who="#OUCS">Updated all catrefs</change><change date="2000-01-08" who="#OUCS">Updated source title</change><change date="2000-01-08" who="#OUCS">Updated titles</change><change date="1999-12-25" who="#OUCS">corrected tagUsage</change><change date="1999-09-16" who="#UCREL">POS codes revised for BNC-2; header updated</change><change date="1994-11-26" who="#dominic">Initial accession to corpus</change></revisionDesc></teiHeader>
<wtext type="NEWS"><div level="1"><!--
Letters column--><div level="2"><head type="MAIN">
<s n="2"><w c5="PNP" hw="we" pos="PRON">WE </w><w c5="VVB" hw="promise" pos="VERB">PROMISE </w><w c5="AJ0" hw="full" pos="ADJ">FULL </w><w c5="NN1" hw="consultation" pos="SUBST">CONSULTATION </w><w c5="PRP" hw="at" pos="PREP">AT </w><w c5="DT0" hw="all" pos="ADJ">ALL </w><w c5="NN2" hw="time" pos="SUBST">TIMES</w></s></head><p>
<s n="3"><w c5="PNP" hw="it" pos="PRON">IT </w><w c5="VHZ" hw="have" pos="VERB">HAS </w><w c5="VBN" hw="be" pos="VERB">been </w><w c5="VVN" hw="report" pos="VERB">reported </w><w c5="CJT" hw="that" pos="CONJ">that </w><w c5="AT0" hw="the" pos="ART">the </w><w c5="NP0-NN1" hw="flaybrick" pos="SUBST">Flaybrick </w><w c5="NN2" hw="chapel" pos="SUBST">Chapels </w><w c5="PRP" hw="in" pos="PREP">in </w><w c5="NP0" hw="boundary" pos="SUBST">Boundary </w><w c5="NP0" hw="road" pos="SUBST">Road</w><c c5="PUN">, </c><w c5="NP0" hw="bidston" pos="SUBST">Bidston</w><c c5="PUN">, </c><w c5="VBD" hw="be" pos="VERB">were </w><w c5="TO0" hw="to" pos="PREP">to </w><w c5="VBI" hw="be" pos="VERB">be </w><w c5="VVN" hw="renovate" pos="VERB">renovated </w><w c5="CJC" hw="and" pos="CONJ">and </w><w c5="VVD-VVN" hw="turn" pos="VERB">turned </w><w c5="PRP" hw="into" pos="PREP">into </w><w c5="AT0" hw="a" pos="ART">a </w><c c5="PUQ">‘</c><w c5="NN1" hw="crisis" pos="SUBST">Crisis </w><w c5="NN1" hw="centre" pos="SUBST">Centre</w><c c5="PUQ">’ </c><w c5="PRP" hw="for" pos="PREP">for </w><w c5="NP0" hw="birkenhead" pos="SUBST">Birkenhead</w><c c5="PUN">.</c></s></p><p>
<s n="4"><w c5="CJS" hw="as" pos="CONJ">As </w><w c5="NN1" hw="vicar" pos="SUBST">vicar </w><w c5="PRF" hw="of" pos="PREP">of </w><w c5="NP0" hw="bidston" pos="SUBST">Bidston </w><w c5="CJC" hw="and" pos="CONJ">and </w><w c5="AV0" hw="deeply" pos="ADV">deeply </w><w c5="AJ0" hw="involved" pos="ADJ">involved </w><w c5="PRP" hw="in" pos="PREP">in </w><w c5="AT0" hw="the" pos="ART">the </w><w c5="NN2" hw="plan" pos="SUBST">plans</w><c c5="PUN">, </c><w c5="VM0" hw="may" pos="VERB">may </w><w c5="PNP" hw="i" pos="PRON">I </w><w c5="VVI" hw="correct" pos="VERB">correct </w><w c5="AT0" hw="a" pos="ART">a </w><w c5="DT0" hw="few" pos="ADJ">few </w><w c5="AJ0" hw="misleading" pos="ADJ">misleading </w><w c5="NN2" hw="rumour" pos="SUBST">rumours</w><c c5="PUN">.</c></s></p><p>
<s n="5"><w c5="AV0" hw="firstly" pos="ADV">Firstly</w><c c5="PUN">, </c><w c5="DT0" hw="any" pos="ADJ">any </w><w c5="NN2" hw="plan" pos="SUBST">plans </w><w c5="PRP" hw="for" pos="PREP">for </w><w c5="AT0" hw="the" pos="ART">the </w><w c5="NN1" hw="chapel" pos="SUBST">chapel </w><w c5="NN1" hw="complex" pos="SUBST">complex </w><w c5="VBB" hw="be" pos="VERB">are </w><w c5="AV0" hw="only" pos="ADV">only </w><w c5="PRP" hw="in" pos="PREP">in </w><w c5="AJ0" hw="embryonic" pos="ADJ">embryonic </w><w c5="NN1" hw="form" pos="SUBST">form</w><c c5="PUN">.</c></s>
<s n="6"><w c5="PNP" hw="we" pos="PRON">We </w><w c5="VHB" hw="have" pos="VERB">have </w><w c5="AT0" hw="no" pos="ART">no </w><w c5="NN1" hw="money" pos="SUBST">money </w><w c5="DTQ" hw="whatsoever" pos="PRON">whatsoever </w><w c5="PRP-AVP" hw="in" pos="PREP">in </w><w c5="AT0" hw="the" pos="ART">the </w><c c5="PUQ">‘</c><w c5="NN1-AJ0" hw="kitty" pos="SUBST">kitty</w><c c5="PUQ">’ </c><w c5="CJC" hw="and" pos="CONJ">and </w><w c5="NN2" hw="thing" pos="SUBST">things </w><w c5="VBB" hw="be" pos="VERB">are </w><w c5="PRP" hw="at" pos="PREP">at </w><w c5="AT0" hw="a" pos="ART">a </w><w c5="AV0" hw="very" pos="ADV">very </w><w c5="AJ0" hw="early" pos="ADJ">early </w><w c5="NN1" hw="stage" pos="SUBST">stage </w><w c5="PRF" hw="of" pos="PREP">of </w><w c5="NN1" hw="development" pos="SUBST">development</w><c c5="PUN">.</c></s></p><p>
<s n="7"><w c5="PNP" hw="it" pos="PRON">It </w><w c5="VHZ" hw="have" pos="VERB">has </w><w c5="AV0" hw="always" pos="ADV">always </w><w c5="VBN" hw="be" pos="VERB">been </w><w c5="DPS" hw="i" pos="PRON">my </w><w c5="NN1" hw="intention" pos="SUBST">intention </w><w c5="TO0" hw="to" pos="PREP">to </w><w c5="VVI" hw="call" pos="VERB">call </w><w c5="AT0" hw="a" pos="ART">a </w><w c5="AJ0-NN1" hw="public" pos="ADJ">public </w><w c5="NN1" hw="meeting" pos="SUBST">meeting </w><w c5="PRP" hw="for" pos="PREP">for </w><w c5="DT0" hw="all" pos="ADJ">all </w><w c5="AJ0" hw="interested" pos="ADJ">interested </w><w c5="NN2" hw="party" pos="SUBST">parties </w><w c5="CJS" hw="once" pos="CONJ">once </w><w c5="PNP" hw="we" pos="PRON">we </w><w c5="VHB" hw="have" pos="VERB">have </w><w c5="PNI" hw="something" pos="PRON">something </w><w c5="AJ0" hw="definite" pos="ADJ">definite </w><w c5="TO0" hw="to" pos="PREP">to </w><w c5="VVI" hw="report" pos="VERB">report</w><c c5="PUN">.</c></s>
<s n="8"><w c5="PNP" hw="we" pos="PRON">We </w><w c5="VM0" hw="would" pos="VERB">would </w><w c5="AV0" hw="never" pos="ADV">never </w><w c5="VVI" hw="dream" pos="VERB">dream </w><w c5="PRF" hw="of" pos="PREP">of </w><w c5="VVG" hw="begin" pos="VERB">beginning </w><w c5="PNI" hw="anything" pos="PRON">anything </w><w c5="PRF" hw="of" pos="PREP">of </w><w c5="DT0" hw="this" pos="ADJ">this </w><w c5="NN1" hw="kind" pos="SUBST">kind </w><w c5="PRP" hw="without" pos="PREP">without </w><w c5="VVG" hw="gain" pos="VERB">gaining </w><w c5="AT0" hw="the" pos="ART">the </w><w c5="NN2" hw="view" pos="SUBST">views </w><w c5="PRF" hw="of" pos="PREP">of </w><w c5="AJ0" hw="local" pos="ADJ">local </w><w c5="NN2" hw="resident" pos="SUBST">residents</w><c c5="PUN">.</c></s></p><p>
<s n="9"><w c5="AV0" hw="secondly" pos="ADV">Secondly</w><c c5="PUN">, </c><w c5="PNP" hw="i" pos="PRON">I </w><w c5="VBB" hw="be" pos="VERB">am </w><w c5="AV0" hw="well" pos="ADV">well </w><w c5="AJ0" hw="aware" pos="ADJ">aware </w><w c5="CJT" hw="that" pos="CONJ">that </w><w c5="AT0" hw="the" pos="ART">the </w><w c5="NN1" hw="idea" pos="SUBST">idea </w><w c5="PRF" hw="of" pos="PREP">of </w><w c5="AT0" hw="a" pos="ART">a </w><c c5="PUQ">‘</c><w c5="NN1" hw="crisis" pos="SUBST">Crisis </w><w c5="NN1" hw="centre" pos="SUBST">Centre</w><c c5="PUQ">’ </c><w c5="VVZ" hw="conjure" pos="VERB">conjures </w><w c5="AVP" hw="up" pos="ADV">up </w><w c5="DT0" hw="all" pos="ADJ">all </w><w c5="NN2" hw="kind" pos="SUBST">kinds </w><w c5="PRF" hw="of" pos="PREP">of </w><w c5="NN2" hw="picture" pos="SUBST">pictures</w><c c5="PUN">.</c></s></p><p>
<s n="10"><w c5="AV0" hw="perhaps" pos="ADV">Perhaps </w><w c5="DT0" hw="that" pos="ADJ">that </w><w c5="VBZ" hw="be" pos="VERB">is </w><w c5="XX0" hw="not" pos="ADV">not </w><w c5="AT0" hw="the" pos="ART">the </w><w c5="AJS" hw="good" pos="ADJ">best </w><w c5="NN1" hw="way" pos="SUBST">way </w><w c5="PRF" hw="of" pos="PREP">of </w><w c5="VVG" hw="describe" pos="VERB">describing </w><w c5="DTQ" hw="what" pos="PRON">what </w><w c5="DPS" hw="we" pos="PRON">our </w><w c5="NN2" hw="idea" pos="SUBST">ideas </w><w c5="VBB" hw="be" pos="VERB">are</w><c c5="PUN">.</c></s></p><p>
<s n="11"><w c5="DTQ" hw="what" pos="PRON">What </w><w c5="PNP" hw="we" pos="PRON">we </w><w c5="VVB" hw="envisage" pos="VERB">envisage </w><w c5="VBZ" hw="be" pos="VERB">is </w><w c5="AV0" hw="somewhere" pos="ADV">somewhere </w><w c5="VVB" hw="open" pos="VERB">open </w><w c5="CJC" hw="and" pos="CONJ">and </w><w c5="VVD" hw="staff" pos="VERB">staffed </w><w c5="CRD" hw="24" pos="ADJ">24 </w><w c5="NN2" hw="hour" pos="SUBST">hours </w><w c5="AT0" hw="a" pos="ART">a </w><w c5="NN1" hw="day" pos="SUBST">day</w><c c5="PUN">, </c><w c5="CRD" hw="seven" pos="ADJ">seven </w><w c5="NN2" hw="day" pos="SUBST">days </w><w c5="AT0" hw="a" pos="ART">a </w><w c5="NN1" hw="week" pos="SUBST">week</w><c c5="PUN">, </c><w c5="CJS-AVQ" hw="where" pos="CONJ">where </w><w c5="PNI" hw="anybody" pos="PRON">anybody </w><w c5="VM0" hw="can" pos="VERB">can </w><w c5="VVI" hw="come" pos="VERB">come </w><w c5="PRP" hw="for" pos="PREP">for </w><w c5="NN1" hw="help" pos="SUBST">help </w><w c5="CJC" hw="and" pos="CONJ">and </w><w c5="NN1" hw="advice" pos="SUBST">advice</w><c c5="PUN">.</c></s></p><p>
<s n="12"><w c5="DPS" hw="we" pos="PRON">Our </w><w c5="NN1" hw="aim" pos="SUBST">aim </w><w c5="VM0" hw="would" pos="VERB">would </w><w c5="VBI" hw="be" pos="VERB">be </w><w c5="TO0" hw="to" pos="PREP">to </w><w c5="VVI" hw="link" pos="VERB">link </w><w c5="AVP" hw="in" pos="ADV">in </w><w c5="PRP" hw="with" pos="PREP">with </w><w c5="DT0" hw="all" pos="ADJ">all </w><w c5="AT0" hw="the" pos="ART">the </w><w c5="AJ0-NN1" hw="caring" pos="ADJ">caring </w><w c5="NN2" hw="agency" pos="SUBST">agencies </w><w c5="PRP" hw="in" pos="PREP">in </w><w c5="AT0" hw="the" pos="ART">the </w><w c5="NN1" hw="area" pos="SUBST">area </w><w c5="CJC" hw="and" pos="CONJ">and </w><w c5="VVB" hw="provide" pos="VERB">provide </w><w c5="NN1-VVB" hw="care" pos="SUBST">care </w><w c5="CJC" hw="and" pos="CONJ">and </w><w c5="NN1" hw="assistance" pos="SUBST">assistance </w><w c5="CJS" hw="as" pos="CONJ">as </w><w c5="CJC" hw="and" pos="CONJ">and </w><w c5="CJS" hw="when" pos="CONJ">when </w><w c5="PNP" hw="it" pos="PRON">it </w><w c5="VBD" hw="be" pos="VERB">was </w><w c5="VVN" hw="need" pos="VERB">needed</w><c c5="PUN">.</c></s></p><p>
<s n="13"><w c5="DT0" hw="any" pos="ADJ">Any </w><w c5="NN1" hw="activity" pos="SUBST">activity </w><w c5="VVG" hw="take" pos="VERB">taking </w><w c5="NN1" hw="place" pos="SUBST">place </w><w c5="PRP" hw="around" pos="PREP">around </w><w c5="AT0" hw="the" pos="ART">the </w><w c5="AJ0" hw="refurbished" pos="ADJ">refurbished </w><w c5="NN2" hw="building" pos="SUBST">buildings </w><w c5="VM0" hw="would" pos="VERB">would </w><w c5="VBI" hw="be" pos="VERB">be </w><w c5="AV0" hw="carefully" pos="ADV">carefully </w><w c5="VVN" hw="control" pos="VERB">controlled </w><w c5="CJC" hw="and" pos="CONJ">and </w><w c5="VM0" hw="would" pos="VERB">would </w><w c5="XX0" hw="not" pos="ADV">not </w><w c5="VBI" hw="be" pos="VERB">be </w><w c5="AJ0" hw="troublesome" pos="ADJ">troublesome</w><c c5="PUN">.</c></s></p><p>
<s n="14"><w c5="AT0" hw="the" pos="ART">The </w><w c5="NN1" hw="idea" pos="SUBST">idea </w><w c5="VM0" hw="would" pos="VERB">would </w><w c5="VBI" hw="be" pos="VERB">be </w><w c5="AV0" hw="very" pos="ADV">very </w><w c5="AV0" hw="much" pos="ADV">much </w><w c5="AT0" hw="an" pos="ART">an </w><w c5="NN1" hw="extension" pos="SUBST">extension </w><w c5="PRF" hw="of" pos="PREP">of </w><w c5="DPS" hw="we" pos="PRON">our </w><w c5="NN2" hw="activity" pos="SUBST">activities </w><w c5="PRP" hw="at" pos="PREP">at </w><w c5="NP0" hw="st" pos="SUBST">St </w><w c5="NP0" hw="oswald" pos="SUBST">Oswald</w><w c5="POS" hw="'s" pos="UNC">'s </w><w c5="NN1" hw="church" pos="SUBST">Church </w><w c5="NN1" hw="centre" pos="SUBST">Centre </w><w c5="PRP" hw="in" pos="PREP">in </w><w c5="NP0" hw="bidston" pos="SUBST">Bidston </w><w c5="NP0-NN1" hw="village" pos="SUBST">Village</w><c c5="PUN">.</c></s>
<s n="15"><w c5="CJS" hw="since" pos="CONJ">Since </w><w c5="DT0" hw="this" pos="ADJ">this </w><w c5="NN1" hw="centre" pos="SUBST">centre </w><w c5="VHZ" hw="have" pos="VERB">has </w><w c5="VBN" hw="be" pos="VERB">been </w><w c5="AJ0" hw="open" pos="ADJ">open </w><w c5="NN1" hw="vandalism" pos="SUBST">vandalism </w><w c5="VHZ" hw="have" pos="VERB">has </w><w c5="VVN" hw="cease" pos="VERB">ceased</w><c c5="PUN">.</c></s></p><p>
<s n="16"><w c5="AV0" hw="thirdly" pos="ADV">Thirdly</w><c c5="PUN">, </c><w c5="DPS" hw="we" pos="PRON">our </w><w c5="NN1" hw="plan" pos="SUBST">plan </w><w c5="VBZ" hw="be" pos="VERB">is </w><w c5="TO0" hw="to" pos="PREP">to </w><w c5="VVI" hw="screen" pos="VERB">screen </w><w c5="AT0" hw="the" pos="ART">the </w><w c5="NN2" hw="building" pos="SUBST">buildings </w><w c5="PRP" hw="from" pos="PREP">from </w><w c5="AT0" hw="the" pos="ART">the </w><w c5="NN1" hw="rest" pos="SUBST">rest </w><w c5="PRF" hw="of" pos="PREP">of </w><w c5="AT0" hw="the" pos="ART">the </w><w c5="NN1" hw="cemetery" pos="SUBST">cemetery </w><w c5="CJC" hw="and" pos="CONJ">and </w><w c5="TO0" hw="to" pos="PREP">to </w><w c5="VHI" hw="have" pos="VERB">have </w><w c5="AT0" hw="the" pos="ART">the </w><w c5="NN1" hw="entrance" pos="SUBST">entrance </w><w c5="PRP" hw="on" pos="PREP">on </w><w c5="NP0" hw="boundary" pos="SUBST">Boundary </w><w c5="NP0" hw="road" pos="SUBST">Road</w><c c5="PUN">.</c></s></p><p>
<s n="17"><w c5="AV0" hw="please" pos="ADV">Please </w><w c5="VVB" hw="rest" pos="VERB">rest </w><w c5="AJ0" hw="assured" pos="ADJ">assured </w><w c5="CJT" hw="that" pos="CONJ">that </w><w c5="PNI" hw="nothing" pos="PRON">nothing </w><w c5="VM0" hw="will" pos="VERB">will </w><w c5="VVI" hw="get" pos="VERB">get </w><w c5="PRP" hw="beyond" pos="PREP">beyond </w><w c5="AT0" hw="the" pos="ART">the </w><w c5="AJS" hw="early" pos="ADJ">earliest </w><w c5="NN2" hw="stage" pos="SUBST">stages </w><w c5="PRF" hw="of" pos="PREP">of </w><w c5="NN1" hw="preparation" pos="SUBST">preparation </w><w c5="PRP" hw="without" pos="PREP">without </w><w c5="AJ0" hw="full" pos="ADJ">full </w><w c5="NN1" hw="consultation" pos="SUBST">consultation </w><w c5="VVG" hw="take" pos="VERB">taking </w><w c5="NN1" hw="place" pos="SUBST">place</w><c c5="PUN">.</c></s></p><p>
<s n="18"><w c5="CJS" hw="if" pos="CONJ">If </w><w c5="PNI" hw="anyone" pos="PRON">anyone </w><w c5="VHZ" hw="have" pos="VERB">has </w><w c5="DT0" hw="any" pos="ADJ">any </w><w c5="AJC" hw="far" pos="ADJ">further </w><w c5="NN2" hw="question" pos="SUBST">questions</w><c c5="PUN">, </c><w c5="VDB" hw="do" pos="VERB">do </w><w c5="XX0" hw="not" pos="ADV">not </w><w c5="VVI" hw="hesitate" pos="VERB">hesitate </w><w c5="TO0" hw="to" pos="PREP">to </w><w c5="VVI" hw="contact" pos="VERB">contact </w><w c5="PNP" hw="i" pos="PRON">me </w><w c5="PRP" hw="at" pos="PREP">at </w><w c5="NP0" hw="st" pos="SUBST">St </w><w c5="NP0" hw="oswald" pos="SUBST">Oswald</w><w c5="POS" hw="'s" pos="UNC">'s </w><w c5="NN1" hw="church" pos="SUBST">Church </w><w c5="NN1" hw="centre" pos="SUBST">Centre </w><c c5="PUL">(</c><w c5="NN1" hw="tel" pos="SUBST">tel</w><c c5="PUN">:</c><c c5="PUR">)</c><c c5="PUN">.</c></s></p><gap desc="name"/><gap desc="address"/></div><div level="2"><head type="MAIN">
<s n="19"><w c5="NN1" hw="ice" pos="SUBST">Ice </w><w c5="NN1" hw="cream" pos="SUBST">cream </w><w c5="NN2" hw="charge" pos="SUBST">charges </w><w c5="VHB" hw="have" pos="VERB">have </w><w c5="AV0" hw="certainly" pos="ADV">certainly </w><w c5="VVN" hw="change" pos="VERB">changed </w><w c5="PRP" hw="since" pos="PREP">since </w><w c5="AT0" hw="the" pos="ART">the </w><w c5="NN2" hw="day" pos="SUBST">days </w><w c5="PRF" hw="of" pos="PREP">of </w><w c5="AV0" hw="this" pos="ADV">this </w><w c5="CRD" hw="1920s" pos="ADJ">1920s</w></s></head><head type="SUB">
<s n="20"><c c5="PUQ">‘</c><w c5="VVB" hw="stop" pos="VERB">Stop </w><w c5="PNP" hw="i" pos="PRON">me </w><w c5="CJC" hw="and" pos="CONJ">and </w><w c5="VVB" hw="buy" pos="VERB">buy </w><w c5="CRD" hw="one" pos="ADJ">one</w><c c5="PUQ">’ </c><w c5="NN1-VVB" hw="trike" pos="SUBST">trike </w><w c5="NN1" hw="ice" pos="SUBST">Ice </w><w c5="NN1" hw="cream" pos="SUBST">cream </w><w c5="NN1" hw="racket" pos="SUBST">racket</w></s></head><p>
<s n="21"><w c5="CJS" hw="as" pos="CONJ">AS </w><w c5="NN1" hw="summer" pos="SUBST">SUMMER </w><w c5="VVZ" hw="come" pos="VERB">comes </w><w c5="AVP" hw="in" pos="ADV">in </w><w c5="CJC" hw="and" pos="CONJ">and </w><w c5="AT0" hw="the" pos="ART">the </w><w c5="NN1" hw="demand" pos="SUBST">demand </w><w c5="PRP" hw="for" pos="PREP">for </w><w c5="NN1" hw="ice" pos="SUBST">ice </w><w c5="NN1" hw="cream" pos="SUBST">cream </w><w c5="VVZ" hw="increase" pos="VERB">increases </w><w c5="AV0" hw="so" pos="ADV">so </w><w c5="AT0" hw="the" pos="ART">the </w><w c5="NN2" hw="opportunity" pos="SUBST">opportunities </w><w c5="VVB" hw="arise" pos="VERB">arise </w><w c5="PRP" hw="for" pos="PREP">for </w><w c5="AT0" hw="the" pos="ART">the </w><w c5="NN2" hw="vendor" pos="SUBST">vendors </w><w c5="TO0" hw="to" pos="PREP">to </w><w c5="VVI" hw="overcharge" pos="VERB">overcharge</w><c c5="PUN">, </c><w c5="AV0" hw="especially" pos="ADV">especially </w><w c5="CJS" hw="when" pos="CONJ">when </w><w c5="NN2" hw="parent" pos="SUBST">parents </w><w c5="VBB" hw="be" pos="VERB">are </w><w c5="VVG" hw="treat" pos="VERB">treating </w><w c5="DPS" hw="they" pos="PRON">their </w><w c5="NN2" hw="child" pos="SUBST">children</w><c c5="PUN">.</c></s></p><p>
<s n="22"><w c5="NN2" hw="price" pos="SUBST">Prices </w><w c5="PRP" hw="for" pos="PREP">for </w><w c5="NN2" hw="ice" pos="SUBST">ices </w><w c5="VVB" hw="vary" pos="VERB">vary </w><w c5="AV0" hw="considerably" pos="ADV">considerably </w><w c5="CJC" hw="and" pos="CONJ">and </w><w c5="DT0" hw="this" pos="ADJ">this </w><w c5="AV0" hw="also" pos="ADV">also </w><w c5="VVZ" hw="apply" pos="VERB">applies </w><w c5="PRP" hw="to" pos="PREP">to </w><w c5="NN1" hw="quality" pos="SUBST">quality</w><c c5="PUN">.</c></s></p><p>
<s n="23"><w c5="AV0" hw="recently" pos="ADV">Recently</w><c c5="PUN">, </c><w c5="PNP" hw="i" pos="PRON">I </w><w c5="VBD" hw="be" pos="VERB">was </w><w c5="VVN" hw="charge" pos="VERB">charged </w><w c5="NN0" hw="£1.45" pos="UNC">£1.45 </w><w c5="PRP" hw="for" pos="PREP">for </w><w c5="AT0" hw="a" pos="ART">a </w><c c5="PUQ">‘</c><w c5="NN1-AJ0" hw="cornetto-type" pos="SUBST">cornetto-type</w><c c5="PUQ">’ </c><w c5="CJC" hw="and" pos="CONJ">and </w><w c5="AT0" hw="a" pos="ART">a </w><w c5="NN1" hw="choc" pos="SUBST">choc </w><w c5="NN1" hw="ice" pos="SUBST">ice</w><c c5="PUN">.</c></s></p><p>
<s n="24"><w c5="CJS" hw="as" pos="CONJ">As </w><w c5="EX0" hw="there" pos="PRON">there </w><w c5="VBD" hw="be" pos="VERB">were </w><w c5="AT0" hw="a" pos="ART">a </w><w c5="NN1" hw="number" pos="SUBST">number </w><w c5="PRF" hw="of" pos="PREP">of </w><w c5="NN1-NP0" hw="wall" pos="SUBST">Wall</w><w c5="POS" hw="'s" pos="UNC">'s </w><w c5="NN2" hw="sticker" pos="SUBST">stickers </w><w c5="PRP" hw="on" pos="PREP">on </w><w c5="AT0" hw="the" pos="ART">the </w><w c5="NN1" hw="van" pos="SUBST">van</w><c c5="PUN">, </c><w c5="PNP" hw="i" pos="PRON">I </w><w c5="VVD" hw="think" pos="VERB">thought </w><w c5="PNP" hw="i" pos="PRON">I </w><w c5="VBD" hw="be" pos="VERB">was </w><w c5="VVG" hw="get" pos="VERB">getting </w><w c5="NN2" hw="ice" pos="SUBST">ices </w><w c5="PRF" hw="of" pos="PREP">of </w><w c5="DPS" hw="they" pos="PRON">their </w><w c5="NN1-VVB" hw="make" pos="SUBST">make</w><c c5="PUN">.</c></s></p><p>
<s n="25"><w c5="AT0" hw="the" pos="ART">The </w><w c5="NN1" hw="charge" pos="SUBST">charge </w><w c5="PRP" hw="at" pos="PREP">at </w><w c5="DPS" hw="i" pos="PRON">my </w><w c5="AJ0" hw="local" pos="ADJ">local </w><w c5="NN1" hw="sweetshop" pos="SUBST">sweetshop </w><w c5="PRP" hw="for" pos="PREP">for </w><w c5="AJ0" hw="genuine" pos="ADJ">genuine </w><w c5="NN1" hw="wall" pos="SUBST">Wall</w><w c5="POS" hw="'s" pos="UNC">'s </w><w c5="NN1-NP0" hw="cornetto" pos="SUBST">Cornetto </w><w c5="CJC" hw="and" pos="CONJ">and </w><w c5="AT0" hw="a" pos="ART">a </w><w c5="NN1" hw="choc" pos="SUBST">choc </w><w c5="NN1" hw="ice" pos="SUBST">ice </w><w c5="VBZ" hw="be" pos="VERB">is </w><w c5="NN0" hw="£1.10" pos="UNC">£1.10</w><c c5="PUN">.</c></s></p><p>
<s n="26"><w c5="NN1-VVB" hw="name" pos="SUBST">Name </w><w c5="CJC" hw="and" pos="CONJ">and </w><w c5="NN1" hw="address" pos="SUBST">address </w><w c5="VVD-VVN" hw="supply" pos="VERB">supplied</w><c c5="PUN">.</c></s></p></div><div level="2"><head type="MAIN">
<s n="27"><w c5="AJ0" hw="strong" pos="ADJ">Strong </w><w c5="NN2" hw="campaign" pos="SUBST">campaigns</w></s></head><p>
<s n="28"><w c5="PNP" hw="i" pos="PRON">I </w><w c5="VVB" hw="read" pos="VERB">READ </w><w c5="AT0" hw="the" pos="ART">the </w><w c5="NN1" hw="letter" pos="SUBST">letter </w><w c5="VVN" hw="head" pos="VERB">headed </w><c c5="PUQ">‘</c><w c5="AJ0" hw="white" pos="ADJ">White </w><w c5="NN2" hw="elephant" pos="SUBST">elephants</w><c c5="PUQ">’ </c><w c5="DTQ" hw="which" pos="PRON">which </w><w c5="VVD" hw="concern" pos="VERB">concerned </w><w c5="AT0" hw="the" pos="ART">the </w><w c5="NP0-NN1" hw="playhouse" pos="SUBST">Playhouse</w><c c5="PUN">, </c><w c5="NP0-NN1" hw="everyman" pos="SUBST">Everyman </w><w c5="CJC" hw="and" pos="CONJ">and </w><w c5="NP0" hw="william" pos="SUBST">William </w><w c5="NP0" hw="roberts" pos="SUBST">Roberts </w><w c5="NN1" hw="centre" pos="SUBST">Centre</w><c c5="PUN">.</c></s></p><p>
<s n="29"><w c5="PNP" hw="i" pos="PRON">I </w><w c5="VVB" hw="find" pos="VERB">find </w><w c5="PNP" hw="it" pos="PRON">it </w><w c5="AJ0" hw="amazing" pos="ADJ">amazing </w><w c5="CJT-DT0" hw="that" pos="CONJ">that </w><w c5="NN1" hw="reader" pos="SUBST">reader </w><w c5="NP0" hw="mrs" pos="SUBST">Mrs </w><w c5="NP0" hw="j." pos="SUBST">J.  </w><gap desc="name"/><w c5="VVD" hw="take" pos="VERB">took </w><w c5="AT0" hw="the" pos="ART">the </w><w c5="NN1" hw="time" pos="SUBST">time </w><w c5="CJC" hw="and" pos="CONJ">and </w><w c5="NN1" hw="effort" pos="SUBST">effort </w><w c5="TO0" hw="to" pos="PREP">to </w><w c5="VVI" hw="castigate" pos="VERB">castigate </w><w c5="DT0" hw="another" pos="ADJ">another </w><w c5="NN1" hw="community" pos="SUBST">community </w><w c5="NP0" hw="norris" pos="SUBST">Norris </w><w c5="AJ0" hw="green" pos="ADJ">Green </w><w c5="PRP" hw="for" pos="PREP">for </w><w c5="VVG" hw="fight" pos="VERB">fighting </w><w c5="TO0" hw="to" pos="PREP">to </w><w c5="VVI" hw="keep" pos="VERB">keep </w><w c5="AT0" hw="an" pos="ART">an </w><w c5="NN1" hw="asset" pos="SUBST">asset </w><w c5="PRP" hw="in" pos="PREP">in </w><w c5="AT0" hw="an" pos="ART">an </w><w c5="NN1" hw="area" pos="SUBST">area </w><w c5="CJT-DT0" hw="that" pos="CONJ">that </w><w c5="VBZ" hw="be" pos="VERB">is </w><w c5="CRD" hw="one" pos="ADJ">one </w><w c5="PRF" hw="of" pos="PREP">of </w><w c5="AT0" hw="the" pos="ART">the </w><w c5="AV0" hw="most" pos="ADV">most </w><w c5="AV0" hw="socially" pos="ADV">socially </w><w c5="CJC" hw="and" pos="CONJ">and </w><w c5="AV0" hw="economically" pos="ADV">economically </w><w c5="VVN" hw="deprive" pos="VERB">deprived </w><w c5="PRP" hw="in" pos="PREP">in </w><w c5="DT0" hw="this" pos="ADJ">this </w><w c5="NN1" hw="city" pos="SUBST">city</w><c c5="PUN">.</c></s></p><p>
<s n="30"><w c5="NP0" hw="mrs" pos="SUBST">Mrs  </w><gap desc="name"/><w c5="VVZ" hw="state" pos="VERB">states </w><w c5="CJT" hw="that" pos="CONJ">that </w><w c5="AT0" hw="the" pos="ART">the </w><w c5="NN0" hw="people" pos="SUBST">people </w><w c5="PNQ" hw="who" pos="PRON">who </w><w c5="VVB" hw="want" pos="VERB">want </w><w c5="DT0" hw="these" pos="ADJ">these </w><w c5="NN2" hw="facility" pos="SUBST">facilities </w><w c5="VM0" hw="should" pos="VERB">should </w><w c5="VVI" hw="pay" pos="VERB">pay </w><w c5="PRP" hw="for" pos="PREP">for </w><w c5="PNP" hw="they" pos="PRON">them</w><c c5="PUN">.</c></s>
<s n="31"><w c5="PNP" hw="we" pos="PRON">We </w><w c5="VDB" hw="do" pos="VERB">do</w><c c5="PUN">.</c></s></p><p>
<s n="32"><w c5="VDZ" hw="do" pos="VERB">Does </w><w c5="PNP" hw="she" pos="PRON">she </w><w c5="VVI" hw="think" pos="VERB">think </w><w c5="CJT" hw="that" pos="CONJ">that </w><w c5="PNP" hw="we" pos="PRON">we </w><w c5="VVB" hw="get" pos="VERB">get </w><w c5="NN1" hw="access" pos="SUBST">access </w><w c5="PRP" hw="to" pos="PREP">to </w><w c5="DT0" hw="these" pos="ADJ">these </w><w c5="NN2" hw="facility" pos="SUBST">facilities </w><w c5="AJ0" hw="free" pos="ADJ">free </w><w c5="PRF" hw="of" pos="PREP">of </w><w c5="NN1" hw="charge" pos="SUBST">charge</w><c c5="PUN">?</c></s></p><p>
<s n="33"><w c5="PNP" hw="we" pos="PRON">We </w><w c5="XX0" hw="not" pos="ADV">not </w><w c5="AV0" hw="only" pos="ADV">only </w><w c5="VVB" hw="pay" pos="VERB">pay </w><w c5="AT0" hw="an" pos="ART">an </w><w c5="NN1" hw="entrance" pos="SUBST">entrance </w><w c5="NN1" hw="fee" pos="SUBST">fee </w><w c5="TO0" hw="to" pos="PREP">to </w><w c5="VVI" hw="access" pos="VERB">access </w><w c5="DT0" hw="these" pos="ADJ">these </w><w c5="NN2" hw="facility" pos="SUBST">facilities</w><c c5="PUN">, </c><w c5="PNP" hw="we" pos="PRON">we </w><w c5="AV0" hw="also" pos="ADV">also </w><w c5="VVB" hw="pay" pos="VERB">pay </w><w c5="AT0" hw="a" pos="ART">a </w><w c5="NN1" hw="community" pos="SUBST">community </w><w c5="NN1" hw="charge" pos="SUBST">charge </w><w c5="PRP" hw="for" pos="PREP">for </w><w c5="AJ0" hw="local" pos="ADJ">local </w><w c5="NN2" hw="amenity" pos="SUBST">amenities</w><c c5="PUN">.</c></s></p><p>
<s n="34"><w c5="AT0" hw="the" pos="ART">The </w><w c5="NN1-VVB" hw="quote" pos="SUBST">quote </w><c c5="PUQ">‘</c><w c5="DT0" hw="these" pos="ADJ">These </w><w c5="NN2" hw="outfit" pos="SUBST">outfits </w><w c5="VVB" hw="lose" pos="VERB">lose </w><w c5="NN1" hw="money" pos="SUBST">money </w><w c5="CJS" hw="because" pos="CONJ">because </w><mw c5="PNI"><w c5="AT0" hw="no" pos="ART">no </w><w c5="PNI" hw="one" pos="PRON">one </w></mw><w c5="VVZ" hw="want" pos="VERB">wants </w><w c5="PNP" hw="they" pos="PRON">them</w><c c5="PUQ">’ </c><w c5="VDZ" hw="do" pos="VERB">does </w><w c5="XX0" hw="not" pos="ADV">not </w><w c5="VVI" hw="make" pos="VERB">make </w><w c5="NN1" hw="sense" pos="SUBST">sense</w><c c5="PUN">.</c></s></p><p>
<s n="35"><w c5="CJS" hw="if" pos="CONJ">If </w><mw c5="PNI"><w c5="AT0" hw="no" pos="ART">no </w><w c5="PNI" hw="one" pos="PRON">one </w></mw><w c5="VVZ" hw="want" pos="VERB">wants </w><w c5="PNP" hw="they" pos="PRON">them</w><c c5="PUN">, </c><w c5="AVQ" hw="why" pos="ADV">why </w><w c5="VBB" hw="be" pos="VERB">are </w><w c5="EX0" hw="there" pos="PRON">there </w><w c5="DT0" hw="such" pos="ADJ">such </w><w c5="AJ0" hw="strong" pos="ADJ">strong </w><w c5="NN2" hw="campaign" pos="SUBST">campaigns </w><w c5="TO0" hw="to" pos="PREP">to </w><w c5="VVI" hw="keep" pos="VERB">keep </w><w c5="PNP" hw="they" pos="PRON">them</w><c c5="PUN">?</c></s></p><gap desc="name"/><gap desc="address"/></div><div level="2"><head type="MAIN">
<s n="36"><w c5="NN1-VVB" hw="murder" pos="SUBST">Murder </w><w c5="NN1" hw="victim" pos="SUBST">victim </w><w c5="NP0" hw="fiona" pos="SUBST">Fiona </w><w c5="NP0" hw="jones" pos="SUBST">Jones</w></s></head><head type="SUB">
<s n="37"><w c5="DT0" hw="this" pos="ADJ">THIS </w><w c5="NN1" hw="justice" pos="SUBST">JUSTICE </w><w c5="VBZ" hw="be" pos="VERB">IS </w><w c5="AT0" hw="a" pos="ART">A </w><w c5="AJ0" hw="french" pos="ADJ">FRENCH </w><w c5="NN1" hw="farce" pos="SUBST">FARCE</w></s></head><p>
<s n="38"><w c5="AT0" hw="the" pos="ART">THE </w><w c5="NP0" hw="absurdly" pos="SUBST">ABSURDLY </w><w c5="AJ0" hw="lenient" pos="ADJ">lenient </w><w c5="NN1" hw="sentence" pos="SUBST">sentence </w><w c5="VVN" hw="give" pos="VERB">given </w><w c5="PRP" hw="to" pos="PREP">to </w><w c5="NP0" hw="frederic" pos="SUBST">Frederic </w><w c5="NP0" hw="blancke" pos="SUBST">Blancke</w><c c5="PUN">, </c><w c5="AT0" hw="the" pos="ART">the </w><w c5="AJ0-NN1" hw="french" pos="ADJ">French </w><w c5="NN1" hw="hospital" pos="SUBST">hospital </w><w c5="NN1" hw="worker" pos="SUBST">worker </w><w c5="PNQ" hw="who" pos="PRON">who </w><w c5="AV0" hw="brutally" pos="ADV">brutally </w><w c5="VVD" hw="murder" pos="VERB">murdered </w><w c5="AJ0" hw="british" pos="ADJ">British </w><w c5="NN1" hw="school" pos="SUBST">school </w><w c5="NN1" hw="teacher" pos="SUBST">teacher </w><w c5="NP0" hw="fiona" pos="SUBST">Fiona </w><w c5="NP0" hw="jones" pos="SUBST">Jones</w><c c5="PUN">, </c><w c5="VBZ" hw="be" pos="VERB">is </w><w c5="AT0" hw="a" pos="ART">a </w><w c5="NN1" hw="travesty" pos="SUBST">travesty </w><w c5="PRF" hw="of" pos="PREP">of </w><w c5="NN1" hw="justice" pos="SUBST">justice</w><c c5="PUN">.</c></s></p><p>
<s n="39"><w c5="PRP" hw="after" pos="PREP">After </w><w c5="VVG" hw="attack" pos="VERB">attacking </w><w c5="NP0" hw="fiona" pos="SUBST">Fiona </w><w c5="CJC" hw="and" pos="CONJ">and </w><w c5="VVG" hw="leave" pos="VERB">leaving </w><w c5="PNP" hw="she" pos="PRON">her </w><w c5="PRP" hw="for" pos="PREP">for </w><w c5="AJ0" hw="dead" pos="ADJ">dead</w><c c5="PUN">, </c><w c5="PNP" hw="he" pos="PRON">he </w><w c5="AV0" hw="later" pos="ADV">later </w><w c5="VVD" hw="return" pos="VERB">returned </w><w c5="CJC" hw="and" pos="CONJ">and </w><w c5="AV0" hw="repeatedly" pos="ADV">repeatedly </w><w c5="VVD-VVN" hw="slash" pos="VERB">slashed </w><w c5="DPS" hw="she" pos="PRON">her </w><w c5="NN1" hw="throat" pos="SUBST">throat</w><c c5="PUN">, </c><w c5="VVG" hw="ignore" pos="VERB">ignoring </w><w c5="DPS" hw="she" pos="PRON">her </w><w c5="NN2" hw="plea" pos="SUBST">pleas </w><w c5="PRP" hw="for" pos="PREP">for </w><w c5="NN1" hw="mercy" pos="SUBST">mercy</w><c c5="PUN">.</c></s></p><p>
<s n="40"><w c5="DT0" hw="this" pos="ADJ">This </w><w c5="NN1" hw="monster" pos="SUBST">monster </w><w c5="VM0" hw="could" pos="VERB">could </w><w c5="VBI" hw="be" pos="VERB">be </w><w c5="AJ0" hw="free" pos="ADJ">free</w><c c5="PUN">, </c><w c5="TO0" hw="to" pos="PREP">to </w><w c5="AV0" hw="possibly" pos="ADV">possibly </w><w c5="VVI" hw="kill" pos="VERB">kill </w><w c5="AV0" hw="again" pos="ADV">again</w><c c5="PUN">, </c><w c5="PRP-AVP" hw="in" pos="PREP">in </w><mw c5="AV0"><w c5="AV0" hw="less" pos="ADV">less </w><w c5="CJS" hw="than" pos="CONJ">than </w></mw><w c5="CRD" hw="seven" pos="ADJ">seven </w><w c5="NN2" hw="year" pos="SUBST">years</w><c c5="PUN">.</c></s>
<s n="41"><w c5="AV0" hw="therefore" pos="ADV">Therefore </w><w c5="AT0" hw="the" pos="ART">the </w><w c5="AJ0" hw="french" pos="ADJ">French </w><w c5="AJ0" hw="judicial" pos="ADJ">judicial </w><w c5="NN1" hw="system" pos="SUBST">system </w><w c5="VM0" hw="must" pos="VERB">must </w><mw c5="AV0"><w c5="PRP" hw="at" pos="PREP">at </w><w c5="AV0" hw="least" pos="ADV">least </w></mw><w c5="VVI" hw="review" pos="VERB">review </w><w c5="DT0" hw="this" pos="ADJ">this </w><w c5="AJ0" hw="erroneous" pos="ADJ">erroneous </w><w c5="NN1" hw="judgement" pos="SUBST">judgement</w><c c5="PUN">.</c></s></p><p>
<s n="42"><w c5="NP0" hw="fiona" pos="SUBST">Fiona</w><w c5="POS" hw="'s" pos="UNC">'s </w><w c5="NN1" hw="mother" pos="SUBST">mother </w><w c5="VVZ" hw="say" pos="VERB">says </w><w c5="PNP" hw="she" pos="PRON">she </w><w c5="VM0" hw="will" pos="VERB">will </w><w c5="AV0" hw="never" pos="ADV">never </w><w c5="VVI" hw="set" pos="VERB">set </w><w c5="NN1" hw="foot" pos="SUBST">foot </w><w c5="PRP" hw="in" pos="PREP">in </w><w c5="NP0" hw="france" pos="SUBST">France </w><w c5="AV0" hw="again" pos="ADV">again </w><mw c5="PRP"><w c5="PRP" hw="in" pos="PREP">in </w><w c5="NN1" hw="view" pos="SUBST">view </w><w c5="PRF" hw="of" pos="PREP">of </w></mw><w c5="AT0" hw="the" pos="ART">the </w><w c5="NN1" hw="treatment" pos="SUBST">treatment </w><w c5="PRP" hw="by" pos="PREP">by </w><w c5="AT0" hw="the" pos="ART">the </w><w c5="NN1" hw="french" pos="SUBST">French </w><w c5="PRP" hw="towards" pos="PREP">towards </w><w c5="DPS" hw="we" pos="PRON">our </w><w c5="AJ0" hw="british" pos="ADJ">British </w><w c5="NN2" hw="fisherman" pos="SUBST">fishermen</w><c c5="PUN">, </c><w c5="NN2" hw="farmer" pos="SUBST">farmers </w><w c5="CJC" hw="and" pos="CONJ">and </w><w c5="NN2" hw="trucker" pos="SUBST">truckers</w><c c5="PUN">.</c></s></p><p>
<s n="43"><w c5="DT0" hw="that" pos="ADJ">That </w><w c5="VM0" hw="may" pos="VERB">may </w><w c5="XX0" hw="not" pos="ADV">not </w><w c5="VBI" hw="be" pos="VERB">be </w><w c5="AV0" hw="too" pos="ADV">too </w><w c5="AJ0-AV0" hw="bad" pos="ADJ">bad </w><w c5="AT0" hw="a" pos="ART">a </w><w c5="NN1" hw="criterion" pos="SUBST">criterion </w><w c5="PRP" hw="for" pos="PREP">for </w><w c5="DT0" hw="many" pos="ADJ">many </w><w c5="PRF" hw="of" pos="PREP">of </w><w c5="PNP" hw="we" pos="PRON">us</w><c c5="PUN">.</c></s></p><p>
<s n="44"><w c5="AV0" hw="please" pos="ADV">Please </w><w c5="VVB" hw="support" pos="VERB">support </w><w c5="NP0" hw="fiona" pos="SUBST">Fiona </w><w c5="NP0" hw="jones" pos="SUBST">Jones</w><w c5="POS" hw="'s" pos="UNC">'s </w><w c5="NN2" hw="parent" pos="SUBST">parents </w><w c5="PRP" hw="by" pos="PREP">by </w><w c5="VVG" hw="ask" pos="VERB">asking </w><w c5="DPS" hw="you" pos="PRON">your </w><w c5="AJ0" hw="local" pos="ADJ">local </w><w c5="NN1" hw="mp" pos="SUBST">MP </w><w c5="TO0" hw="to" pos="PREP">to </w><w c5="VVI" hw="take" pos="VERB">take </w><w c5="AVP" hw="up" pos="ADV">up </w><w c5="DPS" hw="they" pos="PRON">their </w><w c5="NN1" hw="cause" pos="SUBST">cause</w><c c5="PUN">.</c></s></p><gap desc="name"/><gap desc="address"/></div><div level="2"><head type="MAIN">
<s n="45"><w c5="NN1-VVB" hw="echo" pos="SUBST">Echo</w><w c5="VBZ" hw="be" pos="VERB">'s </w><w c5="NP0" hw="june" pos="SUBST">June </w><w c5="ORD" hw="1st" pos="ADJ">1st </w><w c5="NN1-VVB" hw="headline" pos="SUBST">headline</w></s></head><p>
<s n="46"><w c5="DTQ" hw="what" pos="PRON">WHAT </w><w c5="PRP" hw="on" pos="PREP">ON </w><w c5="NN1" hw="earth" pos="SUBST">earth </w><w c5="VBB" hw="be" pos="VERB">are </w><w c5="AT0" hw="the" pos="ART">the </w><w c5="NN2" hw="boss" pos="SUBST">bosses </w><w c5="PRF" hw="of" pos="PREP">of </w><w c5="NP0" hw="wirral" pos="SUBST">Wirral </w><w c5="AJ0" hw="social" pos="ADJ">Social </w><w c5="NN2" hw="service" pos="SUBST">Services </w><w c5="VBG" hw="be" pos="VERB">being </w><w c5="VVN" hw="pay" pos="VERB">paid </w><w c5="PRP" hw="for" pos="PREP">for</w><c c5="PUN">?</c></s></p><p>
<s n="47"><w c5="PNP" hw="i" pos="PRON">I </w><w c5="VVB" hw="ask" pos="VERB">ask </w><w c5="DT0" hw="this" pos="ADJ">this </w><w c5="NN1" hw="question" pos="SUBST">question </w><w c5="PRP" hw="after" pos="PREP">after </w><w c5="VVG" hw="read" pos="VERB">reading </w><w c5="PRP" hw="in" pos="PREP">in </w><w c5="AT0" hw="the" pos="ART">the </w><w c5="NN1" hw="echo" pos="SUBST">Echo </w><w c5="PRP" hw="about" pos="PREP">about </w><w c5="DPS" hw="they" pos="PRON">their </w><w c5="AJS" hw="late" pos="ADJ">latest </w><w c5="AJ0" hw="crazy" pos="ADJ">crazy </w><w c5="NN1" hw="scheme" pos="SUBST">scheme </w><w c5="VVG" hw="send" pos="VERB">sending </w><w c5="AVP" hw="out" pos="ADV">out </w><w c5="NN2" hw="instruction" pos="SUBST">instructions </w><w c5="PRP" hw="to" pos="PREP">to </w><w c5="DT0" hw="all" pos="ADJ">all </w><w c5="NN2" hw="child-minder" pos="SUBST">child-minders </w><w c5="CJT" hw="that" pos="CONJ">that </w><w c5="PNP" hw="they" pos="PRON">they </w><w c5="VM0" hw="must" pos="VERB">must </w><w c5="VVI" hw="feed" pos="VERB">feed </w><w c5="DPS" hw="they" pos="PRON">their </w><w c5="AJ0" hw="young" pos="ADJ">young </w><w c5="NN2" hw="charge" pos="SUBST">charges </w><c c5="PUQ">‘</c><w c5="NN1" hw="culture" pos="SUBST">culture </w><w c5="NN1" hw="food" pos="SUBST">food</w><c c5="PUQ">’</c><c c5="PUN">.</c></s></p><p>
<s n="48"><w c5="PRP" hw="by" pos="PREP">By </w><w c5="DT0" hw="this" pos="ADJ">this </w><w c5="PNP" hw="they" pos="PRON">they </w><w c5="AV0" hw="apparently" pos="ADV">apparently </w><w c5="VVB" hw="mean" pos="VERB">mean </w><w c5="NN1" hw="curry" pos="SUBST">curry</w><c c5="PUN">, </c><w c5="AV0" hw="etc" pos="ADV">etc</w><c c5="PUN">.</c></s></p><p>
<s n="49"><w c5="NN1-NP0" hw="curry" pos="SUBST">Curry </w><w c5="VBZ" hw="be" pos="VERB">is </w><w c5="AT0" hw="an" pos="ART">an </w><w c5="AJ0" hw="acquired" pos="ADJ">acquired </w><w c5="NN1" hw="taste" pos="SUBST">taste </w><w c5="CJC" hw="and" pos="CONJ">and </w><w c5="AV0" hw="heavily" pos="ADV">heavily </w><w c5="AJ0-VVD" hw="spiced" pos="ADJ">spiced </w><w c5="NN1" hw="food" pos="SUBST">food </w><w c5="VBZ" hw="be" pos="VERB">is </w><w c5="AV0" hw="surely" pos="ADV">surely </w><w c5="XX0" hw="not" pos="ADV">not </w><w c5="AJ0" hw="suitable" pos="ADJ">suitable </w><w c5="PRP" hw="for" pos="PREP">for </w><w c5="AT0" hw="the" pos="ART">the </w><w c5="NN2" hw="stomach" pos="SUBST">stomachs </w><w c5="PRF" hw="of" pos="PREP">of </w><w c5="AV0" hw="very" pos="ADV">very </w><w c5="AJ0" hw="young" pos="ADJ">young </w><w c5="NN2" hw="child" pos="SUBST">children</w><c c5="PUN">.</c></s></p><p>
<s n="50"><w c5="DT0" hw="these" pos="ADJ">These </w><w c5="AJ0" hw="social" pos="ADJ">Social </w><w c5="NN2" hw="service" pos="SUBST">Services </w><w c5="NN2" hw="boss" pos="SUBST">bosses </w><w c5="VM0" hw="should" pos="VERB">should </w><w c5="VVI" hw="leave" pos="VERB">leave </w><w c5="AJ0" hw="english" pos="ADJ">English </w><w c5="NN0" hw="people" pos="SUBST">people </w><w c5="TO0" hw="to" pos="PREP">to </w><w c5="VVI" hw="feed" pos="VERB">feed </w><w c5="DPS" hw="they" pos="PRON">their </w><w c5="NN2" hw="child" pos="SUBST">children </w><w c5="PRP" hw="in" pos="PREP">in </w><w c5="AT0" hw="the" pos="ART">the </w><w c5="NN1" hw="way" pos="SUBST">way </w><w c5="PNP" hw="they" pos="PRON">they </w><w c5="VVB" hw="see" pos="VERB">see </w><w c5="AJ0" hw="fit" pos="ADJ">fit</w><c c5="PUN">, </c><w c5="AV0" hw="just" pos="ADV">just </w><w c5="AV0" hw="as" pos="ADV">as </w><w c5="AJ0" hw="ethnic" pos="ADJ">ethnic </w><w c5="NN2" hw="group" pos="SUBST">groups </w><w c5="VVB" hw="feed" pos="VERB">feed </w><w c5="DPS" hw="they" pos="PRON">their </w><w c5="NN2" hw="child" pos="SUBST">children</w><c c5="PUN">.</c></s></p><p>
<s n="51"><w c5="CJS" hw="if" pos="CONJ">If </w><w c5="PNP" hw="they" pos="PRON">they </w><w c5="VVB" hw="think" pos="VERB">think </w><w c5="VVG" hw="force" pos="VERB">forcing </w><w c5="AJ0" hw="strange" pos="ADJ">strange </w><w c5="NN1" hw="food" pos="SUBST">food </w><w c5="PRP-AVP" hw="down" pos="PREP">down </w><w c5="NN2" hw="child" pos="SUBST">children</w><w c5="POS" hw="'s" pos="UNC">'s </w><w c5="NN2" hw="throat" pos="SUBST">throats </w><w c5="VM0" hw="will" pos="VERB">will </w><w c5="VVI" hw="enhance" pos="VERB">enhance </w><w c5="AJ0" hw="good" pos="ADJ">good </w><w c5="NN1" hw="race" pos="SUBST">race </w><w c5="NN2" hw="relation" pos="SUBST">relations</w><c c5="PUN">, </c><w c5="AV0" hw="then" pos="ADV">then </w><w c5="PNP" hw="they" pos="PRON">they </w><w c5="VBB" hw="be" pos="VERB">are </w><w c5="VVG" hw="bark" pos="VERB">barking </w><w c5="AVP" hw="up" pos="ADV">up </w><w c5="AT0" hw="the" pos="ART">the </w><w c5="AJ0" hw="wrong" pos="ADJ">wrong </w><w c5="NN1" hw="tree" pos="SUBST">tree</w><c c5="PUN">.</c></s></p><p>
<s n="52"><w c5="PNP" hw="it" pos="PRON">It </w><w c5="VBZ" hw="be" pos="VERB">is </w><w c5="AV0" hw="only" pos="ADV">only </w><w c5="PRP" hw="by" pos="PREP">by </w><w c5="VVG-NN1" hw="teach" pos="VERB">teaching </w><w c5="NN1" hw="respect" pos="SUBST">respect </w><w c5="PRP" hw="for" pos="PREP">for </w><mw c5="PNX"><w c5="CRD" hw="one" pos="ADJ">one </w><w c5="DT0" hw="another" pos="ADJ">another </w></mw><w c5="CJT-DT0" hw="that" pos="CONJ">that </w><w c5="AJ0" hw="different" pos="ADJ">different </w><w c5="NN2" hw="race" pos="SUBST">races </w><w c5="VM0" hw="can" pos="VERB">can </w><w c5="VVI" hw="live" pos="VERB">live </w><w c5="AV0" hw="peacefully" pos="ADV">peacefully </w><w c5="AV0" hw="together" pos="ADV">together</w><c c5="PUN">.</c></s></p><gap desc="name"/><gap desc="address"/></div><div level="2"><p>
<s n="53"><w c5="VM0" hw="can" pos="VERB">CAN </w><w c5="PNI" hw="anybody" pos="PRON">ANYBODY </w><w c5="VBI" hw="be" pos="VERB">be </w><w c5="VVN" hw="expect" pos="VERB">expected </w><w c5="TO0" hw="to" pos="PREP">to </w><w c5="VVI" hw="take" pos="VERB">take </w><w c5="AT0" hw="the" pos="ART">the </w><w c5="NN1" hw="deputy" pos="SUBST">Deputy </w><w c5="NN1" hw="director" pos="SUBST">Director </w><w c5="PRF" hw="of" pos="PREP">of </w><w c5="NP0" hw="wirral" pos="SUBST">Wirral </w><w c5="AJ0" hw="social" pos="ADJ">Social </w><w c5="NN2" hw="service" pos="SUBST">Services </w><w c5="AV0" hw="seriously" pos="ADV">seriously </w><w c5="CJS" hw="when" pos="CONJ">when </w><w c5="PNP" hw="he" pos="PRON">he </w><w c5="VVZ" hw="suggest" pos="VERB">suggests </w><w c5="CJT" hw="that" pos="CONJ">that </w><w c5="AJ0-VVG" hw="feeding" pos="ADJ">feeding </w><w c5="NN1" hw="curry" pos="SUBST">curry </w><w c5="PRP" hw="to" pos="PREP">to </w><w c5="NN2" hw="toddler" pos="SUBST">toddlers </w><w c5="VM0" hw="will" pos="VERB">will </w><w c5="VVI" hw="help" pos="VERB">help </w><w c5="PNP" hw="they" pos="PRON">them </w><w c5="VVI" hw="counteract" pos="VERB">counteract </w><w c5="AT0" hw="the" pos="ART">the </w><w c5="NN2" hw="evil" pos="SUBST">evils </w><w c5="PRF" hw="of" pos="PREP">of </w><w c5="NN1" hw="racism" pos="SUBST">racism</w><c c5="PUN">?</c></s></p><p>
<s n="54"><w c5="PRP" hw="on" pos="PREP">On </w><w c5="VVG" hw="read" pos="VERB">reading </w><w c5="AT0" hw="the" pos="ART">the </w><w c5="NN1" hw="echo" pos="SUBST">Echo </w><w c5="NN1-VVB" hw="report" pos="SUBST">report </w><w c5="PNP" hw="i" pos="PRON">I </w><w c5="VHD" hw="have" pos="VERB">had </w><w c5="TO0" hw="to" pos="PREP">to </w><w c5="VVI" hw="look" pos="VERB">look </w><w c5="PRP" hw="at" pos="PREP">at </w><w c5="AT0" hw="the" pos="ART">the </w><w c5="NN1" hw="top" pos="SUBST">top </w><w c5="PRF" hw="of" pos="PREP">of </w><w c5="AT0" hw="the" pos="ART">the </w><w c5="NN1" hw="page" pos="SUBST">page </w><w c5="TO0" hw="to" pos="PREP">to </w><w c5="VVI" hw="make" pos="VERB">make </w><w c5="AJ0" hw="certain" pos="ADJ">certain </w><w c5="CJT" hw="that" pos="CONJ">that </w><w c5="AT0" hw="the" pos="ART">the </w><w c5="NN1" hw="date" pos="SUBST">date </w><w c5="VBD" hw="be" pos="VERB">was </w><w c5="NP0" hw="june" pos="SUBST">June </w><w c5="ORD" hw="1st" pos="ADJ">1st </w><w c5="CJC" hw="and" pos="CONJ">and </w><w c5="XX0" hw="not" pos="ADV">not </w><w c5="NP0" hw="april" pos="SUBST">April </w><w c5="ORD" hw="1st" pos="ADJ">1st</w><c c5="PUN">.</c></s></p><gap desc="name"/><gap desc="address"/></div><div level="2"><head type="MAIN">
<s n="55"><w c5="NP0" hw="princess" pos="SUBST">Princess </w><w c5="NP0" hw="diana" pos="SUBST">Diana </w><w c5="PRP" hw="under" pos="PREP">under </w><w c5="NN1" hw="fire" pos="SUBST">fire </w><w c5="PRP" hw="from" pos="PREP">from </w><w c5="NN1" hw="reader" pos="SUBST">reader </w><w c5="NP0" hw="d.p." pos="SUBST">D.P.  </w><gap desc="name"/><w c5="PRF" hw="of" pos="PREP">of </w><w c5="NP0" hw="bootle" pos="SUBST">Bootle</w></s></head><head type="SUB">
<s n="56"><w c5="NP0" hw="di" pos="SUBST">Di </w><w c5="VM0" hw="can" pos="VERB">ca</w><w c5="XX0" hw="not" pos="ADV">n't </w><w c5="VVI" hw="know" pos="VERB">know</w></s></head><p>
<s n="57"><w c5="NP0" hw="princess" pos="SUBST">PRINCESS </w><w c5="NP0" hw="diana" pos="SUBST">Diana </w><w c5="VVZ" hw="know" pos="VERB">knows </w><w c5="PNI" hw="nothing" pos="PRON">nothing </w><w c5="PRP" hw="about" pos="PREP">about </w><w c5="AT0" hw="the" pos="ART">the </w><w c5="NN2" hw="life" pos="SUBST">lives </w><w c5="PRF" hw="of" pos="PREP">of </w><w c5="AJ0" hw="ordinary" pos="ADJ">ordinary</w><c c5="PUN">, </c><w c5="AJ0" hw="everyday" pos="ADJ">everyday </w><w c5="NN0" hw="people" pos="SUBST">people </w><w c5="CJC" hw="and" pos="CONJ">and </w><w c5="PRF" hw="of" pos="PREP">of </w><w c5="AJ0" hw="inner" pos="ADJ">inner </w><w c5="NN1" hw="city" pos="SUBST">city </w><w c5="NN1" hw="deprivation" pos="SUBST">deprivation </w><w c5="CJC" hw="and" pos="CONJ">and </w><w c5="NN1" hw="squalor" pos="SUBST">squalor</w><c c5="PUN">.</c></s></p><p>
<s n="58"><w c5="PNP" hw="she" pos="PRON">She </w><w c5="VM0" hw="can" pos="VERB">can</w><w c5="XX0" hw="not" pos="ADV">not </w><w c5="AV0" hw="even" pos="ADV">even </w><w c5="VVI" hw="begin" pos="VERB">begin </w><w c5="TO0" hw="to" pos="PREP">to </w><w c5="VVI" hw="comprehend" pos="VERB">comprehend </w><w c5="AVQ" hw="how" pos="ADV">how </w><w c5="AT0" hw="a" pos="ART">a </w><w c5="NN1" hw="mother" pos="SUBST">mother </w><w c5="VVZ" hw="feel" pos="VERB">feels </w><w c5="PRP-AVP" hw="about" pos="PREP">about </w><w c5="VVG" hw="bring" pos="VERB">bringing </w><w c5="AVP" hw="up" pos="ADV">up </w><w c5="NN2" hw="child" pos="SUBST">children </w><w c5="PRP" hw="on" pos="PREP">on </w><w c5="NN1" hw="state" pos="SUBST">state </w><w c5="NN2" hw="benefit" pos="SUBST">benefits </w><w c5="CJC" hw="or" pos="CONJ">or </w><w c5="AT0" hw="the" pos="ART">the </w><w c5="NN1" hw="frustration" pos="SUBST">frustration </w><w c5="CJC" hw="and" pos="CONJ">and </w><w c5="NN1" hw="despair" pos="SUBST">despair </w><w c5="PRF" hw="of" pos="PREP">of </w><w c5="AJ0" hw="young" pos="ADJ">young </w><w c5="NN0" hw="people" pos="SUBST">people </w><w c5="PNQ" hw="who" pos="PRON">who </w><w c5="VM0" hw="can" pos="VERB">can </w><w c5="VVI" hw="see" pos="VERB">see </w><w c5="AT0" hw="no" pos="ART">no </w><w c5="NN1" hw="likelihood" pos="SUBST">likelihood </w><w c5="PRF" hw="of" pos="PREP">of </w><w c5="AV0" hw="ever" pos="ADV">ever </w><w c5="VVG" hw="find" pos="VERB">finding </w><w c5="AJ0" hw="meaningful" pos="ADJ">meaningful </w><w c5="NN1" hw="employment" pos="SUBST">employment</w><c c5="PUN">.</c></s></p><p>
<s n="59"><w c5="CJC" hw="nor" pos="CONJ">Nor </w><w c5="VM0" hw="can" pos="VERB">can </w><w c5="PNP" hw="she" pos="PRON">she </w><w c5="VBI" hw="be" pos="VERB">be </w><w c5="VVN" hw="expect" pos="VERB">expected </w><w c5="TO0" hw="to" pos="PREP">to</w><c c5="PUN">.</c></s></p><p>
<s n="60"><w c5="AV0" hw="yet" pos="ADV">Yet </w><w c5="AV0" hw="here" pos="ADV">here </w><w c5="PNP" hw="she" pos="PRON">she </w><w c5="VBZ" hw="be" pos="VERB">is </w><w c5="PRP" hw="on" pos="PREP">on </w><w c5="NN1" hw="television" pos="SUBST">television </w><w c5="VVG" hw="tell" pos="VERB">telling </w><w c5="PNP" hw="we" pos="PRON">us </w><w c5="AV0" hw="all" pos="ADV">all </w><w c5="AVQ" hw="how" pos="ADV">how </w><w c5="TO0" hw="to" pos="PREP">to </w><w c5="VVI" hw="manage" pos="VERB">manage </w><w c5="DPS" hw="we" pos="PRON">our </w><w c5="NN2" hw="life" pos="SUBST">lives </w><w c5="CJC" hw="and" pos="CONJ">and </w><w c5="VVG" hw="formulate" pos="VERB">formulating </w><w c5="NN2" hw="phrase" pos="SUBST">phrases </w><w c5="PRP" hw="about" pos="PREP">about </w><w c5="AVQ" hw="how" pos="ADV">how </w><w c5="AV0" hw="best" pos="ADV">best </w><w c5="TO0" hw="to" pos="PREP">to </w><w c5="VVI" hw="overcome" pos="VERB">overcome </w><w c5="NN1" hw="adversity" pos="SUBST">adversity</w><c c5="PUN">.</c></s></p><p>
<s n="61"><w c5="CJS" hw="if" pos="CONJ">If </w><w c5="AV0" hw="only" pos="ADV">only </w><w c5="DT0" hw="those" pos="ADJ">those </w><w c5="AJ0" hw="grey" pos="ADJ">grey </w><w c5="NN1" hw="establishment" pos="SUBST">establishment </w><w c5="NN2" hw="figure" pos="SUBST">figures </w><w c5="VM0" hw="would" pos="VERB">would </w><w c5="VVI" hw="stop" pos="VERB">stop </w><w c5="VVG" hw="put" pos="VERB">putting </w><w c5="NN2" hw="palliative" pos="SUBST">palliatives </w><w c5="PRP" hw="into" pos="PREP">into </w><w c5="DPS" hw="she" pos="PRON">her </w><w c5="NN1" hw="mouth" pos="SUBST">mouth </w><mw c5="AV0"><w c5="PRP" hw="in" pos="PREP">in </w><w c5="NN1" hw="order" pos="SUBST">order </w></mw><w c5="TO0" hw="to" pos="PREP">to </w><w c5="VVI" hw="mitigate" pos="VERB">mitigate </w><w c5="DPS" hw="she" pos="PRON">her </w><w c5="NN1" hw="credibility" pos="SUBST">credibility </w><w c5="PRP" hw="under" pos="PREP">under </w><w c5="AT0" hw="the" pos="ART">the </w><w c5="NN1" hw="crown" pos="SUBST">Crown</w><c c5="PUN">.</c></s></p><gap desc="name"/><gap desc="address"/></div><div level="2"><head type="MAIN">
<s n="62"><w c5="PNP" hw="i" pos="PRON">I </w><w c5="VM0" hw="must" pos="VERB">MUST </w><w c5="VVI" hw="pay" pos="VERB">PAY </w><w c5="NN0" hw="£22.50" pos="UNC">£22.50 </w><w c5="AV0" hw="more" pos="ADV">MORE </w><w c5="AT0" hw="a" pos="ART">A </w><w c5="NN1" hw="week" pos="SUBST">WEEK</w></s></head><p>
<s n="63"><w c5="AVQ" hw="why" pos="ADV">WHY </w><w c5="VBD" hw="be" pos="VERB">WAS </w><w c5="AV0" hw="so" pos="ADV">so </w><w c5="DT0" hw="much" pos="ADJ">much </w><w c5="NN1" hw="noise" pos="SUBST">noise </w><w c5="CJC" hw="and" pos="CONJ">and </w><w c5="NN1" hw="trouble" pos="SUBST">trouble </w><w c5="VVN-VVD" hw="cause" pos="VERB">caused </w><w c5="PRP-AVP" hw="over" pos="PREP">over </w><w c5="AT0" hw="the" pos="ART">the </w><w c5="NN1" hw="poll" pos="SUBST">poll </w><w c5="NN1" hw="tax" pos="SUBST">tax</w><c c5="PUN">?</c></s></p><p>
<s n="64"><mw c5="CJS"><w c5="AV0" hw="now" pos="ADV">Now </w><w c5="CJT" hw="that" pos="CONJ">that </w></mw><w c5="AT0" hw="the" pos="ART">the </w><w c5="NN1" hw="council" pos="SUBST">council </w><w c5="NN1" hw="tax" pos="SUBST">tax </w><w c5="VBZ" hw="be" pos="VERB">is </w><w c5="VVN" hw="implement" pos="VERB">implemented</w><c c5="PUN">, </c><w c5="XX0" hw="not" pos="ADV">not </w><w c5="AT0" hw="a" pos="ART">a </w><w c5="AJ0" hw="dicky" pos="ADJ">dicky </w><w c5="NN1" hw="bird" pos="SUBST">bird </w><w c5="PRP" hw="from" pos="PREP">from </w><w c5="AJ0-NN1" hw="labour" pos="ADJ">Labour</w><c c5="PUN">, </c><w c5="AJ0" hw="liberal" pos="ADJ">Liberal </w><w c5="CJC" hw="or" pos="CONJ">or </w><w c5="AT0" hw="the" pos="ART">the </w><w c5="NN0" hw="people" pos="SUBST">people </w><w c5="PRF" hw="of" pos="PREP">of </w><w c5="DT0" hw="any" pos="ADJ">any </w><w c5="PRF" hw="of" pos="PREP">of </w><w c5="AT0" hw="the" pos="ART">the </w><w c5="AJ0" hw="big" pos="ADJ">big </w><w c5="NN2" hw="city" pos="SUBST">cities</w><c c5="PUN">.</c></s></p><p>
<s n="65"><w c5="AV0" hw="now" pos="ADV">Now </w><w c5="VVB-NN1" hw="tax" pos="VERB">tax </w><w c5="PRP-AVP" hw="on" pos="PREP">on </w><w c5="AJ0" hw="electric" pos="ADJ">electric</w><c c5="PUN">, </c><w c5="NN1" hw="gas" pos="SUBST">gas</w><c c5="PUN">, </c><w c5="CJC" hw="and" pos="CONJ">and </w><w c5="AT0" hw="every" pos="ART">every </w><w c5="AJ0" hw="other" pos="ADJ">other </w><w c5="NN1" hw="fuel" pos="SUBST">fuel </w><w c5="CJC" hw="and" pos="CONJ">and </w><w c5="AV0" hw="still" pos="ADV">still </w><w c5="AT0" hw="no" pos="ART">no </w><w c5="NN1" hw="shouting" pos="SUBST">shouting</w><c c5="PUN">.</c></s></p><p>
<s n="66"><w c5="AT0" hw="the" pos="ART">The </w><w c5="NN1" hw="council" pos="SUBST">council </w><w c5="NN1" hw="tax" pos="SUBST">tax</w><c c5="PUN">, </c><w c5="VVB-NN1" hw="increase" pos="VERB">increase </w><w c5="PRP-AVP" hw="in" pos="PREP">in </w><w c5="NN2" hw="rent" pos="SUBST">rents</w><c c5="PUN">, </c><w c5="CJC" hw="and" pos="CONJ">and </w><w c5="NN1-VVB" hw="tax" pos="SUBST">tax </w><w c5="PRP" hw="on" pos="PREP">on </w><w c5="AJ0" hw="electric" pos="ADJ">electric </w><w c5="CJC" hw="and" pos="CONJ">and </w><w c5="NN1" hw="gas" pos="SUBST">gas </w><w c5="AV0" hw="now" pos="ADV">now </w><w c5="VVZ" hw="mean" pos="VERB">means </w><w c5="PNP" hw="i" pos="PRON">I </w><w c5="VM0" hw="must" pos="VERB">must </w><w c5="VVI" hw="find" pos="VERB">find </w><w c5="AV0" hw="approximately" pos="ADV">approximately </w><w c5="DT0" hw="another" pos="ADJ">another </w><w c5="NN0" hw="£22.50" pos="UNC">£22.50 </w><w c5="AT0" hw="a" pos="ART">a </w><w c5="NN1" hw="week" pos="SUBST">week</w><c c5="PUN">.</c></s></p><p>
<s n="67"><w c5="PNP" hw="i" pos="PRON">I </w><w c5="VVB" hw="wonder" pos="VERB">wonder </w><w c5="CJS" hw="if" pos="CONJ">if </w><w c5="DPS" hw="i" pos="PRON">my </w><w c5="NN1" hw="pension" pos="SUBST">pension </w><w c5="VM0" hw="will" pos="VERB">will </w><w c5="VBI" hw="be" pos="VERB">be </w><w c5="VVN" hw="increase" pos="VERB">increased </w><w c5="TO0" hw="to" pos="PREP">to </w><w c5="VVI" hw="meet" pos="VERB">meet </w><w c5="DT0" hw="some" pos="ADJ">some </w><w c5="PRF" hw="of" pos="PREP">of </w><w c5="DT0" hw="these" pos="ADJ">these </w><w c5="NN2" hw="demand" pos="SUBST">demands</w><c c5="PUN">?</c></s></p><p>
<s n="68"><w c5="AT0" hw="the" pos="ART">The </w><w c5="NN1" hw="council" pos="SUBST">council </w><w c5="NN1" hw="tax" pos="SUBST">tax </w><w c5="VBZ" hw="be" pos="VERB">is </w><w c5="AT0" hw="a" pos="ART">a </w><w c5="NN1" hw="disgrace" pos="SUBST">disgrace</w><c c5="PUN">.</c></s>
<s n="69"><w c5="DT0" hw="these" pos="ADJ">These </w><w c5="NN2" hw="valuation" pos="SUBST">valuations </w><w c5="VBB" hw="be" pos="VERB">are </w><w c5="NN1" hw="way" pos="SUBST">way </w><w c5="PRP" hw="over" pos="PREP">over </w><w c5="AT0" hw="the" pos="ART">the </w><w c5="NN1-AJ0" hw="top" pos="SUBST">top </w><w c5="CJC" hw="and" pos="CONJ">and </w><w c5="PNP" hw="it" pos="PRON">it </w><w c5="VBZ" hw="be" pos="VERB">is </w><w c5="NN1" hw="time" pos="SUBST">time </w><w c5="AT0" hw="a" pos="ART">a </w><w c5="NN1" hw="lot" pos="SUBST">lot </w><w c5="PRF" hw="of" pos="PREP">of </w><w c5="DT0" hw="these" pos="ADJ">these </w><w c5="NN2" hw="councillor" pos="SUBST">councillors </w><w c5="CJS" hw="where" pos="CONJ">where </w><w c5="VVN" hw="bring" pos="VERB">brought </w><w c5="AVP" hw="down" pos="ADV">down </w><w c5="PRP" hw="to" pos="PREP">to </w><w c5="NN1" hw="earth" pos="SUBST">earth</w><c c5="PUN">.</c></s></p><gap desc="name"/><gap desc="address"/></div><div level="2"><head type="MAIN">
<s n="70"><w c5="ITJ" hw="no" pos="INTERJ">No </w><w c5="PRP" hw="to" pos="PREP">to </w><w c5="NN0" hw="40hr" pos="SUBST">40hr </w><w c5="NN1" hw="week" pos="SUBST">week</w></s></head><p>
<s n="71"><w c5="AT0" hw="the" pos="ART">THE </w><w c5="NN1" hw="controversy" pos="SUBST">CONTROVERSY </w><w c5="PRP" hw="concerning" pos="PREP">concerning </w><w c5="AT0" hw="the" pos="ART">the </w><w c5="NP0" hw="eec" pos="SUBST">EEC </w><w c5="NN1" hw="directive" pos="SUBST">directive </w><w c5="PRP" hw="for" pos="PREP">for </w><w c5="AT0" hw="a" pos="ART">a </w><w c5="NN1" hw="working" pos="SUBST">working </w><w c5="NN1" hw="week" pos="SUBST">week </w><w c5="PRF" hw="of" pos="PREP">of </w><w c5="XX0" hw="not" pos="ADV">not </w><mw c5="AV0"><w c5="AV0" hw="more" pos="ADV">more </w><w c5="CJS" hw="than" pos="CONJ">than </w></mw><w c5="CRD" hw="48" pos="ADJ">48 </w><w c5="NN2" hw="hour" pos="SUBST">hours </w><w c5="VBZ" hw="be" pos="VERB">is </w><w c5="PRP" hw="beyond" pos="PREP">beyond </w><w c5="NN1" hw="belief" pos="SUBST">belief</w><c c5="PUN">.</c></s></p><p>
<s n="72"><w c5="PNI" hw="anyone" pos="PRON">Anyone </w><w c5="PNQ" hw="who" pos="PRON">who </w><w c5="VVZ" hw="know" pos="VERB">knows </w><w c5="PNI" hw="anything" pos="PRON">anything </w><w c5="PRP" hw="about" pos="PREP">about </w><w c5="AT0" hw="the" pos="ART">the </w><w c5="NN1" hw="building" pos="SUBST">building </w><w c5="NN2" hw="worker" pos="SUBST">workers </w><w c5="CJC" hw="and" pos="CONJ">and </w><w c5="AJ0" hw="continued" pos="ADJ">continued </w><w c5="NN1" hw="process" pos="SUBST">process </w><w c5="VVG" hw="work" pos="VERB">working </w><w c5="VM0" hw="will" pos="VERB">will </w><w c5="VVI" hw="understand" pos="VERB">understand </w><w c5="CJT" hw="that" pos="CONJ">that </w><w c5="EX0" hw="there" pos="PRON">there </w><w c5="VBB" hw="be" pos="VERB">are </w><w c5="AJ0" hw="numerous" pos="ADJ">numerous </w><w c5="NN2" hw="reason" pos="SUBST">reasons </w><w c5="AVQ" hw="why" pos="ADV">why </w><w c5="PNP" hw="it" pos="PRON">it </w><w c5="VBZ" hw="be" pos="VERB">is </w><w c5="AJ0" hw="impossible" pos="ADJ">impossible </w><w c5="TO0" hw="to" pos="PREP">to </w><w c5="VHI" hw="have" pos="VERB">have </w><w c5="AT0" hw="a" pos="ART">a </w><w c5="CRD" hw="40" pos="ADJ">40 </w><w c5="NN1" hw="hour" pos="SUBST">hour </w><w c5="NN1" hw="working" pos="SUBST">working </w><w c5="NN1" hw="week" pos="SUBST">week</w><c c5="PUN">.</c></s></p><p>
<s n="73"><w c5="NN1" hw="sickness" pos="SUBST">Sickness </w><w c5="PRF" hw="of" pos="PREP">of </w><w c5="NN2" hw="worker" pos="SUBST">workers </w><w c5="VVZ" hw="require" pos="VERB">requires </w><w c5="AJ0" hw="skilled" pos="ADJ">skilled </w><w c5="NN1" hw="process" pos="SUBST">process </w><w c5="NN2" hw="worker" pos="SUBST">workers </w><w c5="PRP" hw="from" pos="PREP">from </w><w c5="AJ0" hw="other" pos="ADJ">other </w><w c5="NN2" hw="shift" pos="SUBST">shifts </w><w c5="TO0" hw="to" pos="PREP">to </w><w c5="VVI" hw="fill" pos="VERB">fill </w><w c5="AT0" hw="the" pos="ART">the </w><w c5="NN1" hw="gap" pos="SUBST">gap</w><c c5="PUN">.</c></s>
<s n="74"><w c5="AJ0" hw="selected" pos="ADJ">Selected </w><w c5="NN1" hw="holiday" pos="SUBST">holiday </w><w c5="VVZ" hw="date" pos="VERB">dates </w><w c5="AV0" hw="also" pos="ADV">also </w><w c5="VVB" hw="cause" pos="VERB">cause </w><w c5="AT0" hw="an" pos="ART">an </w><w c5="NN1" hw="effect" pos="SUBST">effect</w><c c5="PUN">.</c></s></p><p>
<s n="75"><w c5="DT0" hw="this" pos="ADJ">This </w><w c5="VVZ" hw="mean" pos="VERB">means </w><w c5="AT0" hw="a" pos="ART">a </w><w c5="AJ0" hw="slight" pos="ADJ">slight </w><w c5="NN1" hw="rise" pos="SUBST">rise </w><w c5="PRP" hw="in" pos="PREP">in </w><w c5="AT0" hw="the" pos="ART">the </w><w c5="NN2" hw="wage" pos="SUBST">wages </w><w c5="VVB" hw="account" pos="VERB">account </w><w c5="DTQ" hw="which" pos="PRON">which </w><w c5="VBZ" hw="be" pos="VERB">is </w><w c5="AT0" hw="no" pos="ART">no </w><w c5="AJ0" hw="different" pos="ADJ">different </w><w c5="CJS" hw="than" pos="CONJ">than </w><w c5="AJ0-VVG" hw="working" pos="ADJ">working </w><w c5="AV0" hw="overtime" pos="ADV">overtime </w><w c5="PRP" hw="for" pos="PREP">for </w><w c5="VVG-NN1" hw="clean" pos="VERB">cleaning </w><w c5="CJC" hw="and" pos="CONJ">and </w><w c5="NN1" hw="maintenance" pos="SUBST">maintenance </w><w c5="PRF" hw="of" pos="PREP">of </w><w c5="NN1" hw="machinery" pos="SUBST">machinery</w><c c5="PUN">.</c></s></p><p>
<s n="76"><w c5="NN2" hw="politician" pos="SUBST">Politicians </w><w c5="VM0" hw="should" pos="VERB">should </w><w c5="VVI" hw="think" pos="VERB">think </w><w c5="CJC" hw="and" pos="CONJ">and </w><w c5="VVI" hw="inquire" pos="VERB">inquire </w><w c5="CJS" hw="before" pos="CONJ">before </w><w c5="PNP" hw="they" pos="PRON">they </w><w c5="VVB" hw="speak" pos="VERB">speak </w><w c5="NN1-VVB" hw="trash" pos="SUBST">trash</w><c c5="PUN">.</c></s></p><gap desc="name"/><gap desc="address"/></div><div level="2"><head type="MAIN">
<s n="77"><w c5="VVB" hw="live" pos="VERB">Live </w><w c5="PRP" hw="in" pos="PREP">in </w><w c5="NN1" hw="harmony" pos="SUBST">harmony</w></s></head><p>
<s n="78"><w c5="AVQ" hw="why" pos="ADV">WHY </w><w c5="VM0" hw="can" pos="VERB">CA</w><w c5="XX0" hw="not" pos="ADV">N'T </w><w c5="PNI" hw="everybody" pos="PRON">everybody </w><w c5="VBI" hw="be" pos="VERB">be </w><w c5="PRP" hw="in" pos="PREP">in </w><w c5="NN1" hw="harmony" pos="SUBST">harmony </w><w c5="PRP" hw="with" pos="PREP">with </w><mw c5="PNX"><w c5="DT0" hw="each" pos="ADJ">each </w><w c5="NN1" hw="other" pos="SUBST">other</w></mw><c c5="PUN">?</c></s></p><p>
<s n="79"><w c5="PNP" hw="i" pos="PRON">I </w><w c5="VBB" hw="be" pos="VERB">am </w><w c5="AJ0" hw="sick" pos="ADJ">sick </w><w c5="PRF" hw="of" pos="PREP">of </w><w c5="NN0" hw="people" pos="SUBST">people </w><w c5="VVG" hw="argue" pos="VERB">arguing </w><w c5="AVP-PRP" hw="over" pos="ADV">over </w><w c5="DPS" hw="they" pos="PRON">their </w><w c5="NN1" hw="colour" pos="SUBST">colour </w><w c5="CJS" hw="because" pos="CONJ">because </w><w c5="PNP" hw="it" pos="PRON">it </w><w c5="VVZ" hw="affect" pos="VERB">affects </w><w c5="AV0" hw="so" pos="ADV">so </w><w c5="DT0" hw="many" pos="ADJ">many </w><w c5="NN2" hw="child" pos="SUBST">children </w><w c5="CJC" hw="and" pos="CONJ">and </w><w c5="PNP" hw="they" pos="PRON">they </w><w c5="VHB" hw="have" pos="VERB">have </w><w c5="TO0" hw="to" pos="PREP">to </w><w c5="VVI" hw="suffer" pos="VERB">suffer </w><w c5="AT0" hw="the" pos="ART">the </w><w c5="NN2" hw="consequence" pos="SUBST">consequences</w><c c5="PUN">.</c></s></p><gap desc="name"/><gap desc="address"/></div></div></wtext></bncDoc>
