<bncDoc xml:id="K5K"><teiHeader><fileDesc><titleStmt><title>  The Scotsman: Applied Science pages. Sample containing about 941 words from a periodical (domain: natural sciences) </title><respStmt><resp> Data capture and transcription </resp><name> Oxford University Press </name> </respStmt></titleStmt><editionStmt><edition>BNC XML Edition, December 2006</edition></editionStmt><extent> 941 tokens; 945 w-units; 50 s-units </extent><publicationStmt><distributor>Distributed under licence by Oxford University Computing Services on behalf of the BNC Consortium.</distributor><availability> This material is protected by international copyright laws and may not be copied or redistributed in any way. Consult the BNC Web Site at http://www.natcorp.ox.ac.uk for full licencing and distribution conditions.</availability><idno type="bnc">K5K</idno><idno type="old"> SbPurS </idno></publicationStmt><sourceDesc><bibl><title>The Scotsman: Applied Science pages.</title> <imprint><publisher>u.p.</publisher> </imprint> </bibl></sourceDesc></fileDesc><encodingDesc><tagsDecl><namespace name=""><tagUsage gi="c" occurs="114"/><tagUsage gi="div" occurs="5"/><tagUsage gi="head" occurs="5"/><tagUsage gi="mw" occurs="8"/><tagUsage gi="p" occurs="20"/><tagUsage gi="pb" occurs="1"/><tagUsage gi="s" occurs="50"/><tagUsage gi="w" occurs="945"/></namespace></tagsDecl></encodingDesc><profileDesc><creation date="0000">0000-00-00 Origination/creation date not known </creation><textClass><catRef targets="alltim3 news  wriase0  wridom2   wrista0 "/><classCode scheme="DLEE">W newsp other: science</classCode><keywords><term> (none) </term></keywords></textClass></profileDesc><revisionDesc><change date="2006-10-21" who="#OUCS">Tag usage updated for BNC-XML</change><change date="2000-12-13" who="#OUCS">Last check for BNC World first release</change><change date="2000-09-01" who="#OUCS">Check all tagcounts</change><change date="2000-06-23" who="#OUCS">Resequenced s-units and added headers</change><change date="2000-01-21" who="#OUCS">Added date info</change><change date="2000-01-09" who="#OUCS">Updated all catrefs</change><change date="2000-01-08" who="#OUCS">Updated source title</change><change date="2000-01-08" who="#OUCS">Updated titles</change><change date="1999-12-25" who="#OUCS">corrected tagUsage</change><change date="1999-09-16" who="#UCREL">POS codes revised for BNC-2; header updated</change><change date="1994-11-26" who="#dominic">Initial accession to corpus</change></revisionDesc></teiHeader>
<wtext type="NEWS"><!--
930312--><pb n="1"/><div level="1"><head>
<s n="2"><w c5="AJ0" hw="golden" pos="ADJ">Golden </w><w c5="NN2" hw="eagle" pos="SUBST">eagles</w></s></head><p>
<s n="3"><w c5="PNP" hw="i" pos="PRON">I </w><w c5="VVB" hw="read" pos="VERB">read </w><w c5="PRP" hw="with" pos="PREP">with </w><w c5="NN1" hw="dismay" pos="SUBST">dismay </w><w c5="AT0" hw="the" pos="ART">the </w><w c5="NN1" hw="report" pos="SUBST">report </w><w c5="PRP" hw="by" pos="PREP">by </w><w c5="NP0" hw="auslan" pos="SUBST">Auslan </w><w c5="NP0" hw="cramb" pos="SUBST">Cramb </w><c c5="PUL">(</c><w c5="CRD" hw="11" pos="ADJ">11 </w><w c5="NP0" hw="march" pos="SUBST">March</w><c c5="PUR">) </c><w c5="PRP" hw="concerning" pos="PREP">concerning </w><w c5="AT0" hw="the" pos="ART">the </w><w c5="NN1" hw="killing" pos="SUBST">killing </w><w c5="PRF" hw="of" pos="PREP">of </w><w c5="AJ0" hw="golden" pos="ADJ">golden </w><w c5="NN2" hw="eagle" pos="SUBST">eagles</w><c c5="PUN">.</c></s>
<s n="4"><w c5="AT0" hw="the" pos="ART">The </w><w c5="AJ0" hw="scottish" pos="ADJ">Scottish </w><w c5="NN2" hw="landowner" pos="SUBST">Landowners</w><w c5="POS" hw="'" pos="UNC">' </w><w c5="NN1" hw="federation" pos="SUBST">Federation </w><w c5="AV0" hw="unequivocally" pos="ADV">unequivocally </w><w c5="VVZ" hw="condemn" pos="VERB">condemns </w><w c5="AT0" hw="the" pos="ART">the </w><w c5="AJ0" hw="illegal" pos="ADJ">illegal </w><w c5="NN1" hw="killing" pos="SUBST">killing </w><w c5="PRF" hw="of" pos="PREP">of </w><w c5="AJ0" hw="protected" pos="ADJ">protected </w><w c5="NN2" hw="bird" pos="SUBST">birds</w><c c5="PUN">.</c></s></p><p>
<s n="5"><w c5="AT0" hw="the" pos="ART">The </w><w c5="NP0" hw="slf" pos="SUBST">SLF </w><w c5="VVZ" hw="recommend" pos="VERB">recommends </w><w c5="PRP" hw="to" pos="PREP">to </w><w c5="DPS" hw="it" pos="PRON">its </w><w c5="NN2" hw="member" pos="SUBST">members </w><w c5="CJT" hw="that" pos="CONJ">that </w><w c5="PRP" hw="in" pos="PREP">in </w><w c5="DPS" hw="they" pos="PRON">their </w><w c5="DT0" hw="own" pos="ADJ">own </w><w c5="NN2" hw="interest" pos="SUBST">interests</w><c c5="PUN">, </c><w c5="CJC" hw="and" pos="CONJ">and </w><w c5="PRP" hw="in" pos="PREP">in </w><w c5="AT0" hw="the" pos="ART">the </w><w c5="NN2" hw="interest" pos="SUBST">interests </w><w c5="PRF" hw="of" pos="PREP">of </w><w c5="DPS" hw="they" pos="PRON">their </w><w c5="NN2" hw="employee" pos="SUBST">employees</w><c c5="PUN">, </c><w c5="PNP" hw="they" pos="PRON">they </w><w c5="NN1" hw="rebrief" pos="SUBST">rebrief </w><w c5="DPS" hw="they" pos="PRON">their </w><w c5="NN0" hw="staff" pos="SUBST">staff </w><w c5="PRP" hw="on" pos="PREP">on </w><w c5="AT0" hw="the" pos="ART">the </w><w c5="NN1" hw="need" pos="SUBST">need </w><w c5="TO0" hw="to" pos="PREP">to </w><w c5="VVI" hw="use" pos="VERB">use </w><w c5="AV0-AJ0" hw="only" pos="ADV">only </w><w c5="AJ0" hw="legal" pos="ADJ">legal </w><w c5="NN0" hw="means" pos="SUBST">means </w><w c5="PRF" hw="of" pos="PREP">of </w><w c5="NN1" hw="management" pos="SUBST">management</w><c c5="PUN">.</c></s>
<s n="6"><w c5="AT0" hw="a" pos="ART">A </w><w c5="NN1" hw="clause" pos="SUBST">clause </w><w c5="PRP" hw="to" pos="PREP">to </w><w c5="DT0" hw="that" pos="ADJ">that </w><w c5="NN1" hw="effect" pos="SUBST">effect </w><w c5="VM0" hw="should" pos="VERB">should </w><w c5="AV0" hw="also" pos="ADV">also </w><w c5="VBI" hw="be" pos="VERB">be </w><w c5="VVN" hw="include" pos="VERB">included </w><w c5="PRP" hw="in" pos="PREP">in </w><w c5="DT0" hw="any" pos="ADJ">any </w><w c5="NN1" hw="contract" pos="SUBST">contract </w><w c5="PRF" hw="of" pos="PREP">of </w><w c5="NN1" hw="employment" pos="SUBST">employment</w><c c5="PUN">.</c></s>
<s n="7"><w c5="PNP" hw="we" pos="PRON">We </w><w c5="VHB" hw="have" pos="VERB">have </w><w c5="AT0" hw="a" pos="ART">a </w><w c5="NN1" hw="draft" pos="SUBST">draft </w><w c5="AJ0" hw="available" pos="ADJ">available </w><w c5="PRP" hw="on" pos="PREP">on </w><w c5="NN1" hw="application" pos="SUBST">application</w><c c5="PUN">.</c></s></p></div><div level="1"><head>
<s n="8"><w c5="NN1-NP0" hw="bird" pos="SUBST">Bird </w><w c5="NN2" hw="number" pos="SUBST">numbers</w></s></head><p>
<s n="9"><w c5="PNP" hw="i" pos="PRON">I </w><w c5="VM0" hw="would" pos="VERB">would </w><w c5="VVI" hw="like" pos="VERB">like </w><w c5="TO0" hw="to" pos="PREP">to </w><w c5="VVI" hw="reassure" pos="VERB">reassure </w><w c5="NP0" hw="ian" pos="SUBST">Ian </w><w c5="NP0" hw="mclaren" pos="SUBST">McLaren </w><c c5="PUL">(</c><w c5="NN2-VVZ" hw="point" pos="SUBST">Points </w><w c5="PRF" hw="of" pos="PREP">of </w><w c5="NN1" hw="view" pos="SUBST">View</w><c c5="PUN">, </c><w c5="AV0" hw="today" pos="ADV">today</w><c c5="PUR">) </c><w c5="DT0-CJT" hw="that" pos="ADJ">that </w><w c5="NN1" hw="garden" pos="SUBST">garden </w><w c5="NN2" hw="bird" pos="SUBST">birds </w><w c5="PRP" hw="on" pos="PREP">on </w><w c5="AT0" hw="the" pos="ART">the </w><w c5="NN1" hw="west" pos="SUBST">West </w><w c5="NN1" hw="coast" pos="SUBST">Coast </w><w c5="VBB" hw="be" pos="VERB">are </w><w c5="VVG-AJ0" hw="thrive" pos="VERB">thriving</w><c c5="PUN">.</c></s></p><p>
<s n="10"><w c5="PRP" hw="despite" pos="PREP">Despite </w><w c5="AT0" hw="a" pos="ART">a </w><w c5="AJ0" hw="resident" pos="ADJ">resident </w><w c5="NN1" hw="magpie" pos="SUBST">magpie </w><c c5="PUN">— </c><w c5="DT0" hw="this" pos="ADJ">this </w><w c5="NN1" hw="year" pos="SUBST">year</w><w c5="POS" hw="'s" pos="UNC">'s </w><w c5="NN1" hw="nest" pos="SUBST">nest </w><w c5="NN1" hw="building" pos="SUBST">building </w><w c5="VHZ" hw="have" pos="VERB">has </w><w c5="AV0" hw="already" pos="ADV">already </w><w c5="VVN" hw="begin" pos="VERB">begun </w><c c5="PUN">— </c><w c5="NN2" hw="bird" pos="SUBST">birds </w><w c5="VVG" hw="visit" pos="VERB">visiting </w><w c5="AT0" hw="the" pos="ART">the </w><w c5="NN1" hw="garden" pos="SUBST">garden </w><w c5="AV0" hw="daily" pos="ADV">daily </w><w c5="VVB" hw="include" pos="VERB">include </w><w c5="AJ0" hw="blue" pos="ADJ">blue </w><w c5="NN1" hw="tit" pos="SUBST">tit</w><c c5="PUN">, </c><w c5="AJ0" hw="great" pos="ADJ">great </w><w c5="NN1" hw="tit" pos="SUBST">tit</w><c c5="PUN">, </c><w c5="AJ0" hw="long-tailed" pos="ADJ">long-tailed </w><w c5="NN1" hw="tit" pos="SUBST">tit </w><w c5="CJC" hw="and" pos="CONJ">and </w><w c5="NN1" hw="coal" pos="SUBST">coal </w><w c5="NN1" hw="tit" pos="SUBST">tit</w><c c5="PUN">, </c><w c5="NN1" hw="siskin" pos="SUBST">siskin</w><c c5="PUN">, </c><w c5="VVB-NN1" hw="greenfinch" pos="VERB">greenfinch</w><c c5="PUN">, </c><w c5="NN2" hw="sparrow" pos="SUBST">sparrows</w><c c5="PUN">, </c><w c5="NN2" hw="blackbird" pos="SUBST">blackbirds</w><c c5="PUN">, </c><w c5="NN2" hw="thrush" pos="SUBST">thrushes</w><c c5="PUN">, </c><w c5="NN2" hw="robin" pos="SUBST">robins </w><w c5="CJC" hw="and" pos="CONJ">and </w><w c5="PRP" hw="at" pos="PREP">at </w><w c5="AT0" hw="the" pos="ART">the </w><w c5="ORD" hw="last" pos="ADJ">last </w><w c5="NN1-VVB" hw="count" pos="SUBST">count </w><w c5="CRD" hw="11" pos="ADJ">11 </w><w c5="NN2" hw="chaffinch" pos="SUBST">chaffinches</w><c c5="PUN">.</c></s></p><p>
<s n="11"><w c5="AJ0" hw="regular" pos="ADJ">Regular </w><w c5="NN2" hw="visitor" pos="SUBST">visitors </w><w c5="VVB" hw="include" pos="VERB">include </w><w c5="CRD" hw="two" pos="ADJ">two </w><w c5="NN1" hw="wood" pos="SUBST">wood </w><w c5="NN2" hw="pigeon" pos="SUBST">pigeons</w><c c5="PUN">, </c><w c5="CRD" hw="seven" pos="ADJ">seven </w><w c5="NN1-VVB" hw="collar" pos="SUBST">collar </w><w c5="NN2" hw="dove" pos="SUBST">doves</w><c c5="PUN">, </c><w c5="AJ0" hw="innumerable" pos="ADJ">innumerable </w><w c5="NN2" hw="rook" pos="SUBST">rooks </w><w c5="CJC" hw="and" pos="CONJ">and </w><w c5="NN2" hw="jackdaw" pos="SUBST">jackdaws</w><c c5="PUN">.</c></s>
<s n="12"><w c5="AJ0" hw="natural" pos="ADJ">Natural </w><w c5="NN2" hw="predator" pos="SUBST">predators</w><c c5="PUN">, </c><w c5="NN1" hw="sparrowhawk" pos="SUBST">sparrowhawk </w><w c5="CJC" hw="and" pos="CONJ">and </w><w c5="NN1" hw="kestrel" pos="SUBST">kestrel</w><c c5="PUN">, </c><w c5="VVB" hw="swoop" pos="VERB">swoop </w><w c5="AVP" hw="in" pos="ADV">in </w><w c5="PRP" hw="on" pos="PREP">on </w><w c5="AJ0" hw="regular" pos="ADJ">regular </w><w c5="NN2" hw="raid" pos="SUBST">raids </w><w c5="CJC" hw="and" pos="CONJ">and </w><w c5="AT0" hw="the" pos="ART">the </w><w c5="NN1" hw="garden" pos="SUBST">garden </w><w c5="VBZ" hw="be" pos="VERB">is </w><w c5="VVN" hw="visit" pos="VERB">visited </w><w c5="PRP" hw="by" pos="PREP">by </w><w c5="NN1" hw="fox" pos="SUBST">fox </w><w c5="CJC" hw="and" pos="CONJ">and </w><w c5="NN1-VVB" hw="weasel" pos="SUBST">weasel</w><c c5="PUN">.</c></s></p><p>
<s n="13"><w c5="DPS" hw="i" pos="PRON">My </w><w c5="NN1" hw="garden" pos="SUBST">garden </w><w c5="VM0" hw="could" pos="VERB">could </w><w c5="VBI" hw="be" pos="VERB">be </w><w c5="VVN" hw="describe" pos="VERB">described </w><w c5="PRP" hw="as" pos="PREP">as </w><c c5="PUQ">‘</c><w c5="NN1" hw="bird" pos="SUBST">bird </w><w c5="NN1" hw="friendly" pos="SUBST">friendly</w><c c5="PUQ">’ </c><w c5="VHG" hw="have" pos="VERB">having </w><w c5="AJ0" hw="ample" pos="ADJ">ample </w><w c5="NN1" hw="cover" pos="SUBST">cover </w><w c5="PRP" hw="for" pos="PREP">for </w><w c5="VVG" hw="roost" pos="VERB">roosting</w><c c5="PUN">, </c><w c5="PNI" hw="plenty" pos="PRON">plenty </w><w c5="PRF" hw="of" pos="PREP">of </w><w c5="NN2" hw="berry" pos="SUBST">berries </w><w c5="CJC" hw="and" pos="CONJ">and </w><w c5="NN1-VVB" hw="seed" pos="SUBST">seed </w><w c5="NN2" hw="head" pos="SUBST">heads</w><c c5="PUN">.</c></s>
<s n="14"><w c5="PRP" hw="from" pos="PREP">From </w><w c5="NP0" hw="november" pos="SUBST">November </w><w c5="PRP" hw="to" pos="PREP">to </w><w c5="NP0" hw="april" pos="SUBST">April </w><w c5="AJ0-NN1" hw="wild-bird" pos="ADJ">wild-bird </w><w c5="NN1" hw="food" pos="SUBST">food </w><w c5="VBZ" hw="be" pos="VERB">is </w><w c5="AJ0" hw="available" pos="ADJ">available </w><w c5="AV0" hw="once" pos="ADV">once </w><w c5="AT0" hw="a" pos="ART">a </w><w c5="NN1" hw="day" pos="SUBST">day </w><w c5="CJC" hw="and" pos="CONJ">and </w><w c5="NN2" hw="nut" pos="SUBST">nuts </w><w c5="VBB" hw="be" pos="VERB">are </w><w c5="VVN" hw="suspend" pos="VERB">suspended </w><w c5="PRP" hw="in" pos="PREP">in </w><w c5="AT0" hw="a" pos="ART">a </w><w c5="NN1" hw="holder" pos="SUBST">holder</w><c c5="PUN">.</c></s>
<s n="15"><w c5="AJ0" hw="clean" pos="ADJ">Clean </w><w c5="NN1" hw="drinking" pos="SUBST">drinking </w><w c5="NN1" hw="water" pos="SUBST">water </w><w c5="VBZ" hw="be" pos="VERB">is </w><w c5="VVN" hw="supply" pos="VERB">supplied </w><w c5="CJC" hw="and" pos="CONJ">and </w><w c5="DT0" hw="this" pos="ADJ">this </w><w c5="VBZ" hw="be" pos="VERB">is </w><w c5="AV0" hw="as" pos="ADV">as </w><w c5="AJ0" hw="important" pos="ADJ">important </w><w c5="CJS" hw="as" pos="CONJ">as </w><w c5="AT0" hw="a" pos="ART">a </w><w c5="AJ0" hw="varied" pos="ADJ">varied </w><w c5="NN1" hw="diet" pos="SUBST">diet </w><w c5="TO0" hw="to" pos="PREP">to </w><w c5="VVI" hw="encourage" pos="VERB">encourage </w><w c5="NN2" hw="bird" pos="SUBST">birds </w><w c5="TO0" hw="to" pos="PREP">to </w><w c5="AT0" hw="the" pos="ART">the </w><w c5="NN1" hw="garden" pos="SUBST">garden</w><c c5="PUN">.</c></s></p><p>
<s n="16"><w c5="AT0" hw="the" pos="ART">The </w><w c5="NN2" hw="bird" pos="SUBST">birds </w><w c5="VBB" hw="be" pos="VERB">are </w><w c5="AV0" hw="there" pos="ADV">there</w><c c5="PUN">, </c><w c5="NP0" hw="mr" pos="SUBST">Mr </w><w c5="NP0" hw="mclaren" pos="SUBST">McLaren</w><c c5="PUN">, </c><w c5="CJS" hw="if" pos="CONJ">if </w><w c5="PNP" hw="you" pos="PRON">you </w><w c5="VVB" hw="supply" pos="VERB">supply </w><w c5="AT0" hw="the" pos="ART">the </w><w c5="AJ0" hw="correct" pos="ADJ">correct </w><w c5="NN1" hw="environment" pos="SUBST">environment</w><c c5="PUN">.</c></s></p></div><div level="1"><head>
<s n="17"><w c5="NP0-NN1" hw="ivy" pos="SUBST">Ivy </w><w c5="NN2" hw="benefit" pos="SUBST">benefits</w></s></head><p>
<s n="18"><mw c5="PRP"><w c5="AJ0" hw="contrary" pos="ADJ">Contrary </w><w c5="PRP" hw="to" pos="PREP">to </w></mw><w c5="AJ0" hw="popular" pos="ADJ">popular </w><w c5="NN1" hw="myth" pos="SUBST">myth</w><c c5="PUN">, </c><w c5="CJC" hw="and" pos="CONJ">and </w><w c5="AT0" hw="the" pos="ART">the </w><w c5="NN1" hw="suggestion" pos="SUBST">suggestion </w><w c5="PRF" hw="of" pos="PREP">of </w><w c5="DPS" hw="you" pos="PRON">your </w><w c5="AJ0" hw="recent" pos="ADJ">recent </w><w c5="NN1" hw="correspondent" pos="SUBST">correspondent </w><c c5="PUL">(</c><w c5="NN2-VVZ" hw="point" pos="SUBST">Points </w><w c5="PRF" hw="of" pos="PREP">of </w><w c5="NN1" hw="view" pos="SUBST">View</w><c c5="PUN">, </c><w c5="CRD" hw="10" pos="ADJ">10 </w><w c5="NP0" hw="march" pos="SUBST">March</w><c c5="PUR">)</c><c c5="PUN">, </c><w c5="NN1" hw="ivy" pos="SUBST">ivy </w><w c5="VBZ" hw="be" pos="VERB">is </w><w c5="XX0" hw="not" pos="ADV">not </w><w c5="AT0" hw="a" pos="ART">a </w><w c5="NN1" hw="menace" pos="SUBST">menace </w><w c5="PRP" hw="to" pos="PREP">to </w><w c5="NN2" hw="tree" pos="SUBST">trees</w><c c5="PUN">, </c><w c5="CJC" hw="and" pos="CONJ">and </w><w c5="AV0" hw="indeed" pos="ADV">indeed </w><w c5="VBZ" hw="be" pos="VERB">is </w><w c5="XX0" hw="not" pos="ADV">not </w><w c5="AT0" hw="a" pos="ART">a </w><w c5="NN1" hw="parasite" pos="SUBST">parasite </w><w c5="PRP" hw="in" pos="PREP">in </w><w c5="DT0" hw="any" pos="ADJ">any </w><w c5="NN1" hw="sense" pos="SUBST">sense</w><c c5="PUN">.</c></s>
<s n="19"><w c5="PNP" hw="it" pos="PRON">It </w><w c5="VVZ" hw="feed" pos="VERB">feeds </w><w c5="PRP" hw="from" pos="PREP">from </w><w c5="DPS" hw="it" pos="PRON">its </w><w c5="DT0" hw="own" pos="ADJ">own </w><w c5="NN2" hw="root" pos="SUBST">roots </w><w c5="PRP" hw="in" pos="PREP">in </w><w c5="AT0" hw="the" pos="ART">the </w><w c5="NN1" hw="ground" pos="SUBST">ground </w><w c5="CJC" hw="and" pos="CONJ">and </w><w c5="AT0" hw="a" pos="ART">a </w><w c5="AJ0" hw="healthy" pos="ADJ">healthy </w><w c5="NN1" hw="tree" pos="SUBST">tree </w><w c5="VM0" hw="will" pos="VERB">will </w><w c5="AV0" hw="normally" pos="ADV">normally </w><w c5="VBI" hw="be" pos="VERB">be </w><w c5="AJ0" hw="unaffected" pos="ADJ">unaffected </w><w c5="PRP" hw="by" pos="PREP">by </w><w c5="PNP" hw="it" pos="PRON">it</w><c c5="PUN">.</c></s></p><p>
<s n="20"><w c5="PRP" hw="in" pos="PREP">In </w><w c5="AT0" hw="a" pos="ART">a </w><w c5="NN1" hw="tree" pos="SUBST">tree </w><w c5="DTQ" hw="which" pos="PRON">which </w><w c5="VBZ" hw="be" pos="VERB">is </w><w c5="AV0" hw="already" pos="ADV">already </w><w c5="NN1" hw="moribund" pos="SUBST">moribund </w><w c5="AT0" hw="the" pos="ART">the </w><w c5="AJ0" hw="remaining" pos="ADJ">remaining </w><w c5="AJ0" hw="healthy" pos="ADJ">healthy </w><w c5="NN1" hw="crown" pos="SUBST">crown </w><w c5="VM0" hw="may" pos="VERB">may </w><w c5="VBI" hw="be" pos="VERB">be </w><w c5="VVN" hw="suppress" pos="VERB">suppressed</w><c c5="PUN">, </c><w c5="CJC" hw="but" pos="CONJ">but </w><w c5="AT0" hw="the" pos="ART">the </w><w c5="NN1" hw="loss" pos="SUBST">loss </w><w c5="PRF" hw="of" pos="PREP">of </w><w c5="AT0" hw="the" pos="ART">the </w><w c5="AJ0" hw="individual" pos="ADJ">individual </w><w c5="NN1" hw="tree" pos="SUBST">tree </w><w c5="VBZ" hw="be" pos="VERB">is </w><w c5="AV0" hw="far" pos="ADV">far </w><w c5="VVN" hw="outweigh" pos="VERB">outweighed </w><w c5="PRP" hw="by" pos="PREP">by </w><w c5="AT0" hw="the" pos="ART">the </w><w c5="AJ0-NN1" hw="conservation" pos="ADJ">conservation </w><w c5="NN2" hw="benefit" pos="SUBST">benefits</w><c c5="PUN">.</c></s></p><p>
<s n="21"><w c5="NP0-NN1" hw="ivy" pos="SUBST">Ivy </w><w c5="VBZ" hw="be" pos="VERB">is </w><w c5="AT0" hw="an" pos="ART">an </w><w c5="AJ0" hw="essential" pos="ADJ">essential </w><w c5="NN1" hw="component" pos="SUBST">component </w><w c5="PRF" hw="of" pos="PREP">of </w><w c5="AT0" hw="the" pos="ART">the </w><w c5="AJS" hw="good" pos="ADJ">best </w><w c5="NN1" hw="woodland" pos="SUBST">woodland </w><w c5="NN2" hw="habitat" pos="SUBST">habitats </w><w c5="PRP" hw="in" pos="PREP">in </w><w c5="NP0" hw="britain" pos="SUBST">Britain </w><w c5="CJC" hw="and" pos="CONJ">and </w><w c5="AV0" hw="often" pos="ADV">often </w><w c5="VVZ" hw="provide" pos="VERB">provides </w><w c5="AT0" hw="the" pos="ART">the </w><w c5="AJ0" hw="only" pos="ADJ">only </w><w c5="AJ0" hw="available" pos="ADJ">available </w><w c5="AJ0-NN1" hw="evergreen" pos="ADJ">evergreen </w><w c5="NN1" hw="shelter" pos="SUBST">shelter </w><w c5="PRP" hw="in" pos="PREP">in </w><w c5="NN1" hw="winter" pos="SUBST">winter</w><c c5="PUN">.</c></s>
<s n="22"><w c5="DPS" hw="it" pos="PRON">Its </w><w c5="AJ0" hw="dense" pos="ADJ">dense </w><w c5="NN1" hw="growth" pos="SUBST">growth </w><w c5="VVZ" hw="provide" pos="VERB">provides </w><w c5="VVG-NN1" hw="nest" pos="VERB">nesting </w><w c5="NN2" hw="place" pos="SUBST">places </w><w c5="PRP" hw="for" pos="PREP">for </w><w c5="AT0" hw="a" pos="ART">a </w><w c5="NN1" hw="range" pos="SUBST">range </w><w c5="PRF" hw="of" pos="PREP">of </w><w c5="NN1" hw="bird" pos="SUBST">bird </w><w c5="NN1" hw="life" pos="SUBST">life </w><mw c5="PRP"><w c5="CJS" hw="as" pos="CONJ">as </w><w c5="AV0" hw="well" pos="ADV">well </w><w c5="CJS" hw="as" pos="CONJ">as </w></mw><w c5="AJ0" hw="warm" pos="ADJ">warm </w><w c5="NN1" hw="cover" pos="SUBST">cover </w><w c5="PRP" hw="in" pos="PREP">in </w><w c5="NN1" hw="winter" pos="SUBST">winter </w><w c5="CJC" hw="or" pos="CONJ">or </w><w c5="VVG-AJ0" hw="roost" pos="VERB">roosting </w><w c5="AJ0" hw="small" pos="ADJ">small </w><w c5="NN2" hw="bird" pos="SUBST">birds</w><c c5="PUN">.</c></s>
<s n="23"><w c5="PNP" hw="it" pos="PRON">It </w><w c5="VBZ" hw="be" pos="VERB">is </w><w c5="AV0" hw="also" pos="ADV">also </w><w c5="AT0" hw="a" pos="ART">a </w><w c5="NN1" hw="winter" pos="SUBST">winter </w><w c5="NN1-VVB" hw="retreat" pos="SUBST">retreat </w><w c5="PRP" hw="for" pos="PREP">for </w><w c5="NN2" hw="butterfly" pos="SUBST">butterflies </w><w c5="CJC" hw="and" pos="CONJ">and </w><w c5="AJ0" hw="other" pos="ADJ">other </w><w c5="NN2" hw="insect" pos="SUBST">insects</w><c c5="PUN">.</c></s></p><p>
<s n="24"><w c5="AT0" hw="the" pos="ART">The </w><w c5="NN2" hw="flower" pos="SUBST">flowers </w><w c5="VVB" hw="provide" pos="VERB">provide </w><w c5="AJ0" hw="abundant" pos="ADJ">abundant </w><w c5="NN1" hw="nectar" pos="SUBST">nectar </w><w c5="PRP" hw="at" pos="PREP">at </w><w c5="AT0" hw="a" pos="ART">a </w><w c5="NN1" hw="time" pos="SUBST">time </w><w c5="AVQ" hw="when" pos="ADV">when </w><w c5="AV0" hw="hardly" pos="ADV">hardly </w><w c5="DT0" hw="any" pos="ADJ">any </w><w c5="AJ0" hw="other" pos="ADJ">other </w><w c5="NN1" hw="source" pos="SUBST">source </w><w c5="VBZ" hw="be" pos="VERB">is </w><w c5="AJ0" hw="available" pos="ADJ">available </w><w c5="CJC" hw="and" pos="CONJ">and </w><w c5="PRP" hw="throughout" pos="PREP">throughout </w><w c5="AT0" hw="the" pos="ART">the </w><w c5="NN1" hw="autumn" pos="SUBST">autumn </w><w c5="AT0" hw="the" pos="ART">the </w><w c5="ORD" hw="last" pos="ADJ">last </w><w c5="VVG-AJ0" hw="forage" pos="VERB">foraging </w><w c5="NN2" hw="bee" pos="SUBST">bees</w><c c5="PUN">, </c><w c5="NN2" hw="wasps" pos="SUBST">wasps </w><w c5="CJC" hw="and" pos="CONJ">and </w><w c5="AT0" hw="a" pos="ART">a </w><w c5="NN1" hw="host" pos="SUBST">host </w><w c5="PRF" hw="of" pos="PREP">of </w><w c5="NN2" hw="fly" pos="SUBST">flies </w><w c5="VBB" hw="be" pos="VERB">are </w><w c5="VVN" hw="attract" pos="VERB">attracted </w><w c5="PRP" hw="to" pos="PREP">to </w><w c5="PNP" hw="they" pos="PRON">them</w><c c5="PUN">.</c></s>
<s n="25"><w c5="AT0" hw="the" pos="ART">The </w><w c5="NN2" hw="berry" pos="SUBST">berries </w><w c5="VBB" hw="be" pos="VERB">are </w><w c5="VVN" hw="eat" pos="VERB">eaten </w><w c5="PRP" hw="by" pos="PREP">by </w><w c5="DT0" hw="most" pos="ADJ">most </w><w c5="NN0" hw="species" pos="SUBST">species </w><w c5="PRF" hw="of" pos="PREP">of </w><w c5="AT0" hw="the" pos="ART">the </w><w c5="AJ0" hw="large" pos="ADJ">large </w><w c5="NN1" hw="thrush" pos="SUBST">thrush </w><w c5="NN1" hw="family" pos="SUBST">family</w><c c5="PUN">, </c><w c5="CJC" hw="and" pos="CONJ">and </w><w c5="PRP" hw="by" pos="PREP">by </w><w c5="DT0" hw="many" pos="ADJ">many </w><w c5="AJ0" hw="other" pos="ADJ">other </w><w c5="NN2" hw="bird" pos="SUBST">birds</w><c c5="PUN">.</c></s></p><p>
<s n="26"><w c5="AV0" hw="so" pos="ADV">So</w><c c5="PUN">, </c><w c5="AV0" hw="please" pos="ADV">please </w><w c5="VVB" hw="think" pos="VERB">think </w><w c5="AV0" hw="carefully" pos="ADV">carefully </w><w c5="CJS" hw="before" pos="CONJ">before </w><w c5="PNP" hw="you" pos="PRON">you </w><w c5="VVB" hw="take" pos="VERB">take </w><w c5="AT0" hw="an" pos="ART">an </w><w c5="NN1" hw="axe" pos="SUBST">axe </w><w c5="PRP" hw="to" pos="PREP">to </w><w c5="DT0" hw="any" pos="ADJ">any </w><w c5="NN1" hw="ivy" pos="SUBST">ivy </w><w c5="CJC" hw="and" pos="CONJ">and </w><w c5="VVB" hw="consider" pos="VERB">consider </w><w c5="AT0" hw="the" pos="ART">the </w><w c5="NN1" hw="harm" pos="SUBST">harm </w><w c5="CJT" hw="that" pos="CONJ">that </w><w c5="VM0" hw="may" pos="VERB">may </w><w c5="VBI" hw="be" pos="VERB">be </w><w c5="VDN" hw="do" pos="VERB">done </w><w c5="PRP" hw="to" pos="PREP">to </w><w c5="AJ0" hw="countless" pos="ADJ">countless </w><w c5="NN1" hw="woodland" pos="SUBST">woodland </w><w c5="NN2" hw="bird" pos="SUBST">birds </w><w c5="CJC" hw="and" pos="CONJ">and </w><w c5="NN2" hw="insect" pos="SUBST">insects</w><c c5="PUN">.</c></s>
</p></div><div level="1"><head>
<s n="28"><w c5="DT0" hw="more" pos="ADJ">More </w><w c5="NN2" hw="magpie" pos="SUBST">magpies</w></s></head><p>
<s n="29"><w c5="PNP" hw="i" pos="PRON">I </w><w c5="VBD" hw="be" pos="VERB">was </w><w c5="AJ0" hw="interested" pos="ADJ">interested </w><w c5="TO0" hw="to" pos="PREP">to </w><w c5="VVI" hw="read" pos="VERB">read </w><w c5="AJ0" hw="recent" pos="ADJ">recent </w><w c5="NN2" hw="letter" pos="SUBST">letters </w><w c5="VVG" hw="express" pos="VERB">expressing </w><w c5="NN1" hw="concern" pos="SUBST">concern </w><w c5="PRP" hw="at" pos="PREP">at </w><w c5="AT0" hw="the" pos="ART">the </w><w c5="NN1" hw="absence" pos="SUBST">absence </w><w c5="PRF" hw="of" pos="PREP">of </w><w c5="AJ0" hw="small" pos="ADJ">small </w><w c5="NN2" hw="bird" pos="SUBST">birds</w><c c5="PUN">.</c></s>
<s n="30"><w c5="PNP" hw="i" pos="PRON">I </w><w c5="AV0" hw="too" pos="ADV">too </w><w c5="VBD" hw="be" pos="VERB">was </w><w c5="AV0" hw="very" pos="ADV">very </w><w c5="AJ0" hw="worried" pos="ADJ">worried </w><w c5="PRP" hw="at" pos="PREP">at </w><w c5="AT0" hw="the" pos="ART">the </w><w c5="NN1" hw="increase" pos="SUBST">increase </w><w c5="PRP" hw="in" pos="PREP">in </w><w c5="NN2" hw="number" pos="SUBST">numbers </w><w c5="PRF" hw="of" pos="PREP">of </w><w c5="NN2" hw="magpie" pos="SUBST">magpies</w><c c5="PUN">.</c></s></p><p>
<s n="31"><w c5="DT0" hw="this" pos="ADJ">This </w><w c5="NN1" hw="area" pos="SUBST">area </w><w c5="PRF" hw="of" pos="PREP">of </w><w c5="NP0" hw="falkirk" pos="SUBST">Falkirk </w><w c5="VHZ" hw="have" pos="VERB">has </w><w c5="AV0" hw="always" pos="ADV">always </w><w c5="VHN" hw="have" pos="VERB">had </w><w c5="AT0" hw="a" pos="ART">a </w><w c5="AJ0" hw="resident" pos="ADJ">resident </w><w c5="NN1" hw="population" pos="SUBST">population </w><w c5="PRF" hw="of" pos="PREP">of </w><w c5="DT0" hw="these" pos="ADJ">these </w><w c5="AJ0" hw="handsome" pos="ADJ">handsome </w><w c5="CJC" hw="but" pos="CONJ">but </w><w c5="AJ0" hw="predatory" pos="ADJ">predatory </w><w c5="NN2" hw="bird" pos="SUBST">birds</w><c c5="PUN">.</c></s>
<s n="32"><w c5="AV0" hw="very" pos="ADV">Very </w><w c5="AV0" hw="near" pos="ADV">near </w><w c5="PRP-AVP" hw="by" pos="PREP">by </w><w c5="VBZ" hw="be" pos="VERB">is </w><w c5="NP0" hw="maggie" pos="SUBST">Maggie </w><w c5="NP0" hw="woods" pos="SUBST">Woods </w><w c5="NN1" hw="loan" pos="SUBST">Loan</w><c c5="PUN">, </c><w c5="DTQ" hw="which" pos="PRON">which </w><w c5="VBZ" hw="be" pos="VERB">is </w><w c5="VVN" hw="name" pos="VERB">named </w><w c5="PRP" hw="after" pos="PREP">after </w><w c5="AT0" hw="the" pos="ART">the </w><w c5="NN1" hw="bird" pos="SUBST">bird</w><c c5="PUN">.</c></s></p><p>
<s n="33"><w c5="PNP" hw="i" pos="PRON">I </w><w c5="VBB" hw="be" pos="VERB">am </w><w c5="AJ0" hw="delighted" pos="ADJ">delighted </w><w c5="TO0" hw="to" pos="PREP">to </w><w c5="VVI" hw="report" pos="VERB">report </w><w c5="CJT-DT0" hw="that" pos="CONJ">that </w><w c5="PRP" hw="despite" pos="PREP">despite </w><w c5="AT0" hw="the" pos="ART">the </w><w c5="NN1" hw="increase" pos="SUBST">increase </w><w c5="AV0" hw="both" pos="ADV">both </w><w c5="PRF" hw="of" pos="PREP">of </w><w c5="NN2" hw="magpie" pos="SUBST">magpies </w><w c5="CJC" hw="and" pos="CONJ">and </w><w c5="NN2" hw="crow" pos="SUBST">crows </w><w c5="ORD" hw="last" pos="ADJ">last </w><w c5="NN1" hw="year" pos="SUBST">year</w><c c5="PUN">, </c><w c5="PNP" hw="i" pos="PRON">I </w><w c5="VHB" hw="have" pos="VERB">have </w><w c5="VVN" hw="observe" pos="VERB">observed </w><w c5="PRP-AVP" hw="over" pos="PREP">over </w><w c5="AT0" hw="the" pos="ART">the </w><w c5="NN1" hw="winter" pos="SUBST">winter </w><w c5="VVG-AJ0" hw="feed" pos="VERB">feeding </w><w c5="NN1" hw="period" pos="SUBST">period </w><w c5="AT0" hw="the" pos="ART">the </w><w c5="AJ0" hw="usual" pos="ADJ">usual </w><w c5="NN1" hw="mixture" pos="SUBST">mixture </w><w c5="PRF" hw="of" pos="PREP">of </w><w c5="NN2" hw="bird" pos="SUBST">birds</w><c c5="PUN">.</c></s>
<s n="34"><w c5="DT0" hw="this" pos="ADJ">This </w><w c5="VVD" hw="include" pos="VERB">included </w><w c5="CRD" hw="four" pos="ADJ">four </w><w c5="NN2" hw="kind" pos="SUBST">kinds </w><w c5="PRF" hw="of" pos="PREP">of </w><w c5="NN1" hw="tit" pos="SUBST">tit</w><c c5="PUN">, </c><w c5="CRD" hw="three" pos="ADJ">three </w><w c5="NN2" hw="variety" pos="SUBST">varieties </w><w c5="PRF" hw="of" pos="PREP">of </w><w c5="NN1" hw="finch" pos="SUBST">finch</w><c c5="PUN">, </c><w c5="AJS" hw="goldcr" pos="ADJ">goldcrest</w><c c5="PUN">, </c><w c5="NN1" hw="wren" pos="SUBST">wren </w><w c5="CJC" hw="and" pos="CONJ">and</w><c c5="PUN">, </c><mw c5="AV0"><w c5="PRF" hw="of" pos="PREP">of </w><w c5="NN1" hw="course" pos="SUBST">course</w></mw><c c5="PUN">, </c><w c5="AT0" hw="the" pos="ART">the </w><w c5="AJ0" hw="ubiquitous" pos="ADJ">ubiquitous </w><w c5="NN1" hw="robin" pos="SUBST">robin</w><c c5="PUN">, </c><w c5="DT0" hw="all" pos="ADJ">all </w><w c5="VVG" hw="contribute" pos="VERB">contributing </w><w c5="PRP" hw="to" pos="PREP">to </w><w c5="AT0" hw="a" pos="ART">a </w><w c5="NN1" hw="total" pos="SUBST">total </w><w c5="PRF" hw="of" pos="PREP">of </w><w c5="AV0" hw="approximately" pos="ADV">approximately </w><w c5="CRD" hw="20" pos="ADJ">20 </w><w c5="NN0" hw="species" pos="SUBST">species</w><c c5="PUN">.</c></s></p><p>
<s n="35"><w c5="PNP" hw="i" pos="PRON">I </w><w c5="VBB" hw="be" pos="VERB">am </w><w c5="VVG" hw="look" pos="VERB">looking </w><w c5="AV0" hw="forward" pos="ADV">forward </w><w c5="PRP" hw="to" pos="PREP">to </w><w c5="AT0" hw="the" pos="ART">the </w><w c5="AJ0" hw="usual" pos="ADJ">usual </w><w c5="NN1" hw="summer" pos="SUBST">summer </w><w c5="NN2" hw="visitor" pos="SUBST">visitors</w><c c5="PUN">.</c></s></p></div><div level="1"><head>
<s n="36"><w c5="VVG" hw="play" pos="VERB">Playing </w><w c5="AV0-AJ0" hw="hard" pos="ADV">hard </w><w c5="TO0" hw="to" pos="PREP">to </w><w c5="VVI" hw="get" pos="VERB">get</w></s></head><p>
<s n="37"><w c5="AV0" hw="well" pos="ADV">WELL</w><c c5="PUN">, </c><w c5="XX0" hw="not" pos="ADV">not </w><w c5="PNI" hw="everyone" pos="PRON">everyone </w><w c5="VBZ" hw="be" pos="VERB">is </w><w c5="VVN" hw="turn" pos="VERB">turned </w><w c5="AVP" hw="on" pos="ADV">on </w><w c5="PRP" hw="by" pos="PREP">by </w><w c5="VVG" hw="talk" pos="VERB">talking </w><w c5="AJ0-AV0" hw="dirty" pos="ADJ">dirty</w><c c5="PUN">.</c></s>
<s n="38"><w c5="AT0" hw="the" pos="ART">The </w><w c5="NN1" hw="attempt" pos="SUBST">attempt </w><w c5="TO0" hw="to" pos="PREP">to </w><w c5="VVI" hw="entice" pos="VERB">entice </w><w c5="CRD" hw="six" pos="ADJ">six </w><w c5="AJ0" hw="male" pos="ADJ">male </w><w c5="NN0" hw="sperm" pos="SUBST">sperm </w><w c5="NN2" hw="whale" pos="SUBST">whales </w><mw c5="PRP"><w c5="AVP" hw="out" pos="ADV">out </w><w c5="PRF" hw="of" pos="PREP">of </w></mw><w c5="NP0" hw="scapa" pos="SUBST">Scapa </w><w c5="NN1-VVB" hw="flow" pos="SUBST">Flow </w><w c5="PRP" hw="by" pos="PREP">by </w><w c5="VVG" hw="play" pos="VERB">playing </w><w c5="PNP" hw="they" pos="PRON">them </w><w c5="DT0" hw="some" pos="ADJ">some </w><w c5="AJ0" hw="fruity" pos="ADJ">fruity </w><w c5="NN1" hw="dialogue" pos="SUBST">dialogue </w><w c5="VVN-VVD" hw="record" pos="VERB">recorded </w><w c5="PRP" hw="at" pos="PREP">at </w><w c5="AT0" hw="a" pos="ART">a </w><w c5="NN2" hw="whale" pos="SUBST">whales</w><w c5="POS" hw="'" pos="UNC">' </w><w c5="NN1" hw="hen" pos="SUBST">hen </w><w c5="NN1" hw="night" pos="SUBST">night </w><w c5="PRP-AVP" hw="off" pos="PREP">off </w><w c5="AT0" hw="the" pos="ART">the </w><w c5="NP0" hw="azores" pos="SUBST">Azores </w><w c5="VHZ" hw="have" pos="VERB">has </w><w c5="AV0" hw="so" pos="ADV">so </w><w c5="AV0" hw="far" pos="ADV">far </w><w c5="VVN" hw="fail" pos="VERB">failed</w><c c5="PUN">.</c></s>
<s n="39"><w c5="PRP" hw="with" pos="PREP">With </w><w c5="AJ0" hw="great" pos="ADJ">great </w><w c5="NN1" hw="foresight" pos="SUBST">foresight</w><c c5="PUN">, </c><w c5="AT0" hw="the" pos="ART">the </w><w c5="NN2" hw="scientist" pos="SUBST">scientists </w><w c5="VVG" hw="operate" pos="VERB">operating </w><w c5="DT0" hw="this" pos="ADJ">this </w><w c5="AJ0-NN1" hw="marine" pos="ADJ">marine </w><w c5="CRD" hw="0898" pos="ADJ">0898 </w><w c5="NN1" hw="line" pos="SUBST">line </w><w c5="VHD" hw="have" pos="VERB">had </w><w c5="AV0" hw="also" pos="ADV">also </w><w c5="VVN" hw="bring" pos="VERB">brought </w><w c5="AT0" hw="a" pos="ART">a </w><w c5="NN1" hw="tape" pos="SUBST">tape </w><w c5="PRF" hw="of" pos="PREP">of </w><w c5="AT0" hw="a" pos="ART">a </w><w c5="AJ0" hw="large" pos="ADJ">large </w><w c5="AJ0-NN1" hw="male" pos="ADJ">male </w><w c5="NN1" hw="whale" pos="SUBST">whale </w><c c5="PUN">— </c><w c5="VVG" hw="say" pos="VERB">saying </w><w c5="DTQ" hw="what" pos="PRON">what</w><c c5="PUN">, </c><w c5="PNP" hw="we" pos="PRON">we </w><w c5="VVB" hw="know" pos="VERB">know </w><w c5="XX0" hw="not" pos="ADV">not </w><c c5="PUN">— </c><w c5="AV0" hw="presumably" pos="ADV">presumably </w><mw c5="CJS"><w c5="PRP" hw="in" pos="PREP">in </w><w c5="NN1" hw="case" pos="SUBST">case </w></mw><w c5="DT0" hw="these" pos="ADJ">these </w><w c5="VBD" hw="be" pos="VERB">were</w><c c5="PUN">, </c><w c5="AV0" hw="well" pos="ADV">well</w><c c5="PUN">, </c><w c5="AT0" hw="the" pos="ART">the </w><w c5="NN1" hw="sort" pos="SUBST">sort </w><w c5="PRF" hw="of" pos="PREP">of </w><w c5="NN2" hw="lad" pos="SUBST">lads </w><w c5="PNQ" hw="who" pos="PRON">who </w><w c5="VDB" hw="do" pos="VERB">do</w><w c5="XX0" hw="not" pos="ADV">n't </w><w c5="VVI" hw="like" pos="VERB">like </w><w c5="NN2" hw="girl" pos="SUBST">girls</w><c c5="PUN">.</c></s>
<s n="40"><w c5="DT0" hw="that" pos="ADJ">That </w><w c5="VDD" hw="do" pos="VERB">did</w><w c5="XX0" hw="not" pos="ADV">n't </w><w c5="VVI" hw="ring" pos="VERB">ring </w><w c5="DPS" hw="they" pos="PRON">their </w><w c5="NN2" hw="bell" pos="SUBST">bells </w><w c5="AV0" hw="either" pos="ADV">either</w><c c5="PUN">.</c></s>
<s n="41"><w c5="DT0" hw="all" pos="ADJ">All </w><w c5="CJT-DT0" hw="that" pos="CONJ">that </w><w c5="VVD" hw="emanate" pos="VERB">emanated </w><w c5="PRP" hw="from" pos="PREP">from </w><w c5="AT0" hw="the" pos="ART">the </w><w c5="NN2" hw="depth" pos="SUBST">depths </w><w c5="VBD" hw="be" pos="VERB">were </w><w c5="DT0" hw="some" pos="ADJ">some </w><w c5="NN1-AJ0" hw="huffy" pos="SUBST">huffy </w><w c5="VVG-AJ0" hw="click" pos="VERB">clicking </w><w c5="NN2" hw="noise" pos="SUBST">noises</w><c c5="PUN">, </c><w c5="DTQ" hw="which" pos="PRON">which </w><w c5="VBZ" hw="be" pos="VERB">is </w><w c5="AV0" hw="apparently" pos="ADV">apparently </w><w c5="AT0" hw="the" pos="ART">the </w><w c5="NN1" hw="sound" pos="SUBST">sound </w><w c5="PRF" hw="of" pos="PREP">of </w><w c5="AT0" hw="a" pos="ART">a </w><w c5="NN1" hw="whale" pos="SUBST">whale </w><w c5="XX0" hw="not" pos="ADV">not </w><w c5="VBG" hw="be" pos="VERB">being </w><w c5="VVN" hw="turn" pos="VERB">turned </w><w c5="AVP" hw="on" pos="ADV">on</w><c c5="PUN">.</c></s>
<s n="42"><w c5="DT0" hw="that" pos="ADJ">That</w><c c5="PUN">, </c><w c5="CJC" hw="and" pos="CONJ">and </w><w c5="AT0" hw="a" pos="ART">a </w><w c5="DT0" hw="few" pos="ADJ">few </w><w c5="NN1" hw="water" pos="SUBST">water </w><w c5="NN2-VVZ" hw="spout" pos="SUBST">spouts</w><c c5="PUN">, </c><w c5="CJC" hw="but" pos="CONJ">but </w><w c5="AV0" hw="then" pos="ADV">then </w><w c5="NN2" hw="boy" pos="SUBST">boys </w><w c5="VM0" hw="will" pos="VERB">will </w><w c5="VBI" hw="be" pos="VERB">be </w><w c5="NN2" hw="boy" pos="SUBST">boys</w><c c5="PUN">.</c></s></p><p>
<s n="43"><w c5="AT0" hw="the" pos="ART">The </w><w c5="NN2" hw="scientist" pos="SUBST">scientists </w><w c5="VVB" hw="hope" pos="VERB">hope </w><w c5="TO0" hw="to" pos="PREP">to </w><w c5="VVI" hw="try" pos="VERB">try </w><w c5="AV0" hw="again" pos="ADV">again </w><w c5="AV0" hw="today" pos="ADV">today</w><c c5="PUN">, </c><w c5="DTQ" hw="which" pos="PRON">which </w><w c5="VVZ" hw="show" pos="VERB">shows </w><w c5="AJ0" hw="commendable" pos="ADJ">commendable </w><w c5="NN1" hw="patience" pos="SUBST">patience</w><c c5="PUN">.</c></s>
<s n="44"><w c5="VVG" hw="try" pos="VERB">Trying </w><w c5="TO0" hw="to" pos="PREP">to </w><w c5="VVI" hw="vamp" pos="VERB">vamp </w><w c5="AT0" hw="a" pos="ART">a </w><w c5="NN1" hw="bunch" pos="SUBST">bunch </w><w c5="PRF" hw="of" pos="PREP">of </w><w c5="AJ0" hw="vagrant" pos="ADJ">vagrant </w><w c5="NN2" hw="whale" pos="SUBST">whales </w><w c5="PRP" hw="in" pos="PREP">in </w><w c5="AT0" hw="the" pos="ART">the </w><w c5="NP0-NN1" hw="pentland" pos="SUBST">Pentland </w><w c5="NN1" hw="firth" pos="SUBST">Firth </w><w c5="PRP" hw="in" pos="PREP">in </w><w c5="NP0" hw="march" pos="SUBST">March </w><w c5="VVD" hw="arm" pos="VERB">armed </w><w c5="AV0" hw="only" pos="ADV">only </w><w c5="PRP" hw="with" pos="PREP">with </w><w c5="AT0" hw="a" pos="ART">a </w><w c5="AJ0" hw="waterproof" pos="ADJ">waterproof </w><w c5="NN1" hw="tannoy" pos="SUBST">tannoy </w><w c5="CJC" hw="and" pos="CONJ">and </w><w c5="AT0" hw="a" pos="ART">a </w><w c5="NN1" hw="box" pos="SUBST">box </w><w c5="PRF" hw="of" pos="PREP">of </w><w c5="AJ0" hw="plain-wrapped" pos="ADJ">plain-wrapped </w><w c5="NN2" hw="tape" pos="SUBST">tapes </w><w c5="VBZ" hw="be" pos="VERB">is </w><w c5="XX0" hw="not" pos="ADV">not </w><w c5="PNI" hw="everyone" pos="PRON">everyone</w><w c5="POS" hw="'s" pos="UNC">'s </w><w c5="NN1" hw="idea" pos="SUBST">idea </w><w c5="PRF" hw="of" pos="PREP">of </w><w c5="AT0" hw="a" pos="ART">a </w><w c5="AJ0" hw="good" pos="ADJ">good </w><w c5="NN1" hw="time" pos="SUBST">time</w><c c5="PUN">.</c></s>
<s n="45"><w c5="PRP" hw="by" pos="PREP">By </w><w c5="DT0" hw="all" pos="ADJ">all </w><w c5="NN2" hw="account" pos="SUBST">accounts</w><c c5="PUN">, </c><w c5="PNP" hw="it" pos="PRON">it </w><w c5="VBZ" hw="be" pos="VERB">is </w><w c5="XX0" hw="not" pos="ADV">not </w><w c5="AJ0" hw="habit-forming" pos="ADJ">habit-forming</w><c c5="PUN">, </c><w c5="CJS" hw="although" pos="CONJ">although </w><w c5="NN2" hw="recording" pos="SUBST">recordings </w><w c5="PRF" hw="of" pos="PREP">of </w><w c5="AJ0" hw="ritzy" pos="ADJ">ritzy </w><w c5="NN1" hw="whale" pos="SUBST">whale </w><w c5="NN1-VVB" hw="chat" pos="SUBST">chat </w><w c5="VBB" hw="be" pos="VERB">are </w><w c5="AV0" hw="apparently" pos="ADV">apparently </w><w c5="AJ0" hw="popular" pos="ADJ">popular </w><w c5="PRP-CJS" hw="as" pos="PREP">as </w><w c5="AT0" hw="an" pos="ART">an </w><w c5="AJ0" hw="optional" pos="ADJ">optional </w><w c5="NN1" hw="extra" pos="SUBST">extra </w><w c5="PRP" hw="with" pos="PREP">with </w><w c5="DT0" hw="those" pos="ADJ">those </w><w c5="NN1" hw="flotation" pos="SUBST">flotation </w><w c5="NN1" hw="chamber" pos="SUBST">chamber </w><w c5="NN2" hw="gadget" pos="SUBST">gadgets </w><w c5="CJT" hw="that" pos="CONJ">that </w><w c5="AT0" hw="the" pos="ART">the </w><w c5="AJ0" hw="metropolitan" pos="ADJ">metropolitan </w><w c5="AJ0" hw="smart" pos="ADJ">smart </w><w c5="NN1" hw="set" pos="SUBST">set </w><w c5="NN1-VVB" hw="use" pos="SUBST">use </w><w c5="TO0" hw="to" pos="PREP">to </w><w c5="VVI" hw="stave" pos="VERB">stave </w><w c5="PRP-AVP" hw="off" pos="PREP">off </w><w c5="AT0" hw="the" pos="ART">the </w><w c5="NN1" hw="ennui" pos="SUBST">ennui </w><w c5="PRF" hw="of" pos="PREP">of </w><w c5="VBG" hw="be" pos="VERB">being </w><w c5="AJ0" hw="rich" pos="ADJ">rich </w><w c5="CJC" hw="and" pos="CONJ">and </w><w c5="AJ0" hw="stupid" pos="ADJ">stupid</w><c c5="PUN">.</c></s>
<s n="46"><w c5="AV0" hw="still" pos="ADV">Still</w><c c5="PUN">, </c><w c5="DT0" hw="this" pos="ADJ">this </w><w c5="NN1" hw="ploy" pos="SUBST">ploy </w><w c5="PRF" hw="of" pos="PREP">of </w><w c5="VVG" hw="try" pos="VERB">trying </w><w c5="TO0" hw="to" pos="PREP">to </w><w c5="VVI" hw="shift" pos="VERB">shift </w><w c5="NN0" hw="people" pos="SUBST">people </w><w c5="PRP" hw="with" pos="PREP">with </w><w c5="NN2" hw="sound" pos="SUBST">sounds </w><w c5="VBZ" hw="be" pos="VERB">is </w><w c5="AV0" hw="clearly" pos="ADV">clearly </w><w c5="VVG" hw="catch" pos="VERB">catching </w><w c5="AVP" hw="on" pos="ADV">on</w><c c5="PUN">.</c></s></p><p>
<s n="47"><w c5="AV0" hw="possibly" pos="ADV">Possibly </w><w c5="PNP" hw="it" pos="PRON">it </w><w c5="VHZ" hw="have" pos="VERB">has </w><w c5="DPS" hw="it" pos="PRON">its </w><w c5="NN2" hw="origin" pos="SUBST">origins </w><w c5="PRP" hw="in" pos="PREP">in </w><w c5="AT0" hw="the" pos="ART">the </w><c c5="PUQ">‘</c><w c5="AJ0" hw="white" pos="ADJ">white </w><w c5="NN1" hw="noise" pos="SUBST">noise</w><c c5="PUQ">’ </c><w c5="NN2" hw="technique" pos="SUBST">techniques </w><w c5="DTQ" hw="which" pos="PRON">which </w><w c5="AT0" hw="the" pos="ART">the </w><w c5="NN2" hw="brit" pos="SUBST">Brits</w><c c5="PUN">, </c><w c5="AV0" hw="ever" pos="ADV">ever </w><w c5="AT0" hw="the" pos="ART">the </w><w c5="NN2" hw="innovator" pos="SUBST">innovators</w><c c5="PUN">, </c><w c5="VVN-VVD" hw="pioneer" pos="VERB">pioneered </w><w c5="PRP" hw="in" pos="PREP">in </w><w c5="NP0" hw="northern" pos="SUBST">Northern </w><w c5="NP0" hw="ireland" pos="SUBST">Ireland </w><w c5="PRP" hw="in" pos="PREP">in </w><w c5="AT0" hw="the" pos="ART">the </w><w c5="CRD" hw="1970s" pos="ADJ">1970s </w><c c5="PUL">(</c><w c5="PNP" hw="it" pos="PRON">it </w><w c5="VHZ" hw="have" pos="VERB">has </w><w c5="AV0" hw="always" pos="ADV">always </w><w c5="VVN" hw="seem" pos="VERB">seemed </w><w c5="AJ0" hw="unjust" pos="ADJ">unjust </w><w c5="CJT" hw="that" pos="CONJ">that </w><w c5="DTQ" hw="what" pos="PRON">what </w><w c5="VBD" hw="be" pos="VERB">was </w><w c5="VVN" hw="deplore" pos="VERB">deplored </w><w c5="AV0" hw="then" pos="ADV">then </w><w c5="PRP" hw="as" pos="PREP">as </w><w c5="AT0" hw="a" pos="ART">a </w><w c5="AJ0" hw="human" pos="ADJ">human </w><w c5="NN2" hw="right" pos="SUBST">rights </w><w c5="NN1-VVB" hw="abuse" pos="SUBST">abuse </w><w c5="VBD" hw="be" pos="VERB">was </w><w c5="AV0" hw="later" pos="ADV">later </w><w c5="VVN" hw="market" pos="VERB">marketed </w><w c5="PRP" hw="under" pos="PREP">under </w><w c5="AT0" hw="the" pos="ART">the </w><w c5="NN1" hw="brand" pos="SUBST">brand </w><w c5="NN1" hw="name" pos="SUBST">name </w><w c5="PRF" hw="of" pos="PREP">of </w><w c5="NN1" hw="acid" pos="SUBST">acid </w><w c5="NN1" hw="house" pos="SUBST">house</w><c c5="PUR">)</c><c c5="PUN">.</c></s>
<s n="48"><w c5="AT0" hw="the" pos="ART">The </w><w c5="AV0" hw="most" pos="ADV">most </w><w c5="AJ0" hw="famous" pos="ADJ">famous </w><w c5="NN1" hw="example" pos="SUBST">example</w><c c5="PUN">, </c><mw c5="AV0"><w c5="PRF" hw="of" pos="PREP">of </w><w c5="NN1" hw="course" pos="SUBST">course</w></mw><c c5="PUN">, </c><w c5="VBD" hw="be" pos="VERB">was </w><w c5="AVQ-CJS" hw="when" pos="ADV">when </w><w c5="AT0" hw="the" pos="ART">the </w><w c5="NN2" hw="american" pos="SUBST">Americans </w><w c5="VVD" hw="blast" pos="VERB">blasted </w><w c5="NP0" hw="general" pos="SUBST">General </w><w c5="NP0" hw="noriega" pos="SUBST">Noriega </w><w c5="PRP" hw="with" pos="PREP">with </w><w c5="AJ0" hw="poorly-reviewed" pos="ADJ">poorly-reviewed </w><w c5="AJ0" hw="heavy" pos="ADJ">heavy </w><w c5="NN1" hw="metal" pos="SUBST">metal </w><w c5="NN2" hw="album" pos="SUBST">albums</w><c c5="PUN">.</c></s>
<s n="49"><w c5="PNI" hw="something" pos="PRON">Something </w><w c5="PRF" hw="of" pos="PREP">of </w><w c5="AT0" hw="the" pos="ART">the </w><w c5="NN1" hw="sort" pos="SUBST">sort </w><w c5="VBZ" hw="be" pos="VERB">is </w><w c5="VBG" hw="be" pos="VERB">being </w><w c5="VVN" hw="try" pos="VERB">tried </w><w c5="AV0" hw="again" pos="ADV">again </w><w c5="PRP" hw="at" pos="PREP">at </w><w c5="NP0" hw="waco" pos="SUBST">Waco</w><c c5="PUN">.</c></s></p><p>
<s n="50"><w c5="AV0" hw="perhaps" pos="ADV">Perhaps </w><w c5="AT0" hw="the" pos="ART">the </w><w c5="NN2" hw="boffin" pos="SUBST">boffins </w><w c5="PRP" hw="in" pos="PREP">in </w><w c5="AT0" hw="the" pos="ART">the </w><w c5="NN2" hw="boat" pos="SUBST">boats </w><w c5="PRP" hw="at" pos="PREP">at </w><w c5="NP0" hw="scapa" pos="SUBST">Scapa </w><w c5="VM0" hw="ought" pos="VERB">ought </w><w c5="TO0" hw="to" pos="PREP">to </w><w c5="VVI" hw="swallow" pos="VERB">swallow </w><w c5="DPS" hw="they" pos="PRON">their </w><w c5="NN1" hw="compassion" pos="SUBST">compassion </w><w c5="CJC" hw="and" pos="CONJ">and </w><w c5="VVB" hw="get" pos="VERB">get </w><w c5="AV0" hw="equally" pos="ADV">equally </w><w c5="AJ0" hw="coercive" pos="ADJ">coercive </w><w c5="PRP" hw="with" pos="PREP">with </w><w c5="AT0" hw="the" pos="ART">the </w><w c5="NN2" hw="whale" pos="SUBST">whales</w><c c5="PUN">.</c></s>
<s n="51"><mw c5="PRP"><w c5="AV0" hw="instead" pos="ADV">Instead </w><w c5="PRF" hw="of" pos="PREP">of </w></mw><w c5="VVG" hw="tow" pos="VERB">towing </w><w c5="AJ0-VVD" hw="amplified" pos="ADJ">amplified </w><w c5="AJ0" hw="sweet" pos="ADJ">sweet </w><w c5="NN2" hw="nothing" pos="SUBST">nothings </w><mw c5="PRP"><w c5="AV0" hw="ahead" pos="ADV">ahead </w><w c5="PRF" hw="of" pos="PREP">of </w></mw><w c5="AT0" hw="the" pos="ART">the </w><w c5="NN1" hw="school" pos="SUBST">school</w><c c5="PUN">, </c><w c5="PNP" hw="they" pos="PRON">they </w><w c5="VM0" hw="might" pos="VERB">might </w><w c5="VDI" hw="do" pos="VERB">do </w><w c5="AV0" hw="well" pos="ADV">better </w><w c5="TO0" hw="to" pos="PREP">to </w><w c5="VVI" hw="sit" pos="VERB">sit </w><w c5="AV0" hw="astern" pos="ADV">astern </w><w c5="PRP" hw="with" pos="PREP">with </w><w c5="AT0" hw="a" pos="ART">a </w><w c5="DT0" hw="few" pos="ADJ">few </w><w c5="AJ0" hw="well-chosen" pos="ADJ">well-chosen </w><w c5="NN2" hw="selection" pos="SUBST">selections </w><w c5="PRP" hw="from" pos="PREP">from </w><w c5="AT0" hw="the" pos="ART">The </w><w c5="NP0" hw="osmonds" pos="SUBST">Osmonds</w><w c5="POS" hw="'" pos="UNC">' </w><w c5="AJS" hw="great" pos="ADJ">Greatest </w><w c5="NN2" hw="hit" pos="SUBST">Hits</w><c c5="PUN">, </c><w c5="CJC" hw="or" pos="CONJ">or </w><w c5="NP0-NN1" hw="singalongamax" pos="SUBST">Singalongamax</w><c c5="PUN">.</c></s>
<s n="52"><w c5="AV0" hw="well" pos="ADV">Well</w><c c5="PUN">, </c><w c5="VM0" hw="would" pos="VERB">would</w><w c5="XX0" hw="not" pos="ADV">n't </w><w c5="PNP" hw="it" pos="PRON">it </w><w c5="VVI" hw="work" pos="VERB">work </w><w c5="PRP" hw="for" pos="PREP">for </w><w c5="PNP" hw="you" pos="PRON">you</w><c c5="PUN">?</c></s></p></div></wtext></bncDoc>
